{
"type": "FeatureCollection",
"name": "kmj_polygon",
"features": [
{ "type": "Feature", "properties": { "id": 1155, "gbid": "kmj", "name": "karamoja", "level": "custom" }, "geometry": { "type": "Polygon", "coordinates": [ [ [ 33.848191415000031, 2.343896639000036 ], [ 33.848172469000076, 2.343814769000062 ], [ 33.847739378000028, 2.344085089000032 ], [ 33.82564442100005, 2.357875763000038 ], [ 33.800019257000031, 2.373835049000036 ], [ 33.785193873000026, 2.383067938000067 ], [ 33.783144001000039, 2.384291658000052 ], [ 33.778491244000065, 2.38720872500005 ], [ 33.778001500000073, 2.387518999000065 ], [ 33.768156352000062, 2.393756263000057 ], [ 33.763319243000069, 2.396809494000024 ], [ 33.762313433000031, 2.397438028000067 ], [ 33.757170606000045, 2.400651782000068 ], [ 33.755760569000074, 2.401550690000022 ], [ 33.753457585000035, 2.403018855000028 ], [ 33.751941805000058, 2.404150787000049 ], [ 33.751533404000043, 2.405093590000035 ], [ 33.751261422000027, 2.406241970000053 ], [ 33.751261601000067, 2.40656758700004 ], [ 33.751227636000067, 2.406773259000033 ], [ 33.751210702000037, 2.406961784000032 ], [ 33.750767848000066, 2.407219096000063 ], [ 33.750615048000043, 2.407515920000037 ], [ 33.750107137000043, 2.407961373000035 ], [ 33.749714088000076, 2.40862110300003 ], [ 33.749304737000045, 2.409445720000065 ], [ 33.748960755000041, 2.40990756900004 ], [ 33.748387292000075, 2.410386032000076 ], [ 33.747797293000076, 2.410600700000032 ], [ 33.746912216000055, 2.410782555000026 ], [ 33.74606626700006, 2.411010520000048 ], [ 33.745256853000058, 2.411228639000058 ], [ 33.74455210800005, 2.41144336900004 ], [ 33.744228178000071, 2.411764742000059 ], [ 33.74348137100003, 2.412162943000055 ], [ 33.743085961000077, 2.412295757000038 ], [ 33.742514708000044, 2.412296071000071 ], [ 33.741943672000048, 2.412694176000059 ], [ 33.741680160000044, 2.412959515000068 ], [ 33.741372826000031, 2.413445872000068 ], [ 33.741197439000075, 2.41415315200004 ], [ 33.740846066000074, 2.414462737000065 ], [ 33.740450750000036, 2.414772347000053 ], [ 33.738517992000027, 2.416099374000055 ], [ 33.73790305700004, 2.41658590000003 ], [ 33.737287954000067, 2.416763033000052 ], [ 33.736541191000072, 2.417249630000072 ], [ 33.736013926000055, 2.417338315000052 ], [ 33.735994146000053, 2.417496766000056 ], [ 33.736018256000079, 2.417541737000022 ], [ 33.736043021000057, 2.417690679000032 ], [ 33.736055484000076, 2.417914105000023 ], [ 33.736080275000063, 2.418112698000073 ], [ 33.736105047000024, 2.418274053000061 ], [ 33.736179262000064, 2.418571923000059 ], [ 33.736228752000045, 2.418795329000034 ], [ 33.736229124000033, 2.41879818600006 ], [ 33.736265933000027, 2.419080806000068 ], [ 33.73637718100008, 2.419391068000039 ], [ 33.736414316000037, 2.419589655000038 ], [ 33.736486799000033, 2.419589615000064 ], [ 33.736673505000056, 2.419589513000062 ], [ 33.736895660000073, 2.419576979000055 ], [ 33.736935777000042, 2.419609220000041 ], [ 33.737019137000061, 2.419676215000038 ], [ 33.737093346000051, 2.419961672000056 ], [ 33.737192239000024, 2.420247115000052 ], [ 33.737303380000071, 2.420358771000053 ], [ 33.737636852000037, 2.420780628000045 ], [ 33.738118520000057, 2.421363771000074 ], [ 33.738180312000054, 2.421512693000068 ], [ 33.738211417000059, 2.421761856000046 ], [ 33.738217500000076, 2.421810583000024 ], [ 33.738205293000078, 2.422058848000063 ], [ 33.738193085000034, 2.422307114000034 ], [ 33.73819316600003, 2.422456068000031 ], [ 33.738262319000057, 2.422586301000024 ], [ 33.738292005000062, 2.42264220800007 ], [ 33.738464866000072, 2.422766243000069 ], [ 33.738571304000061, 2.422949522000067 ], [ 33.738637821000054, 2.423064058000023 ], [ 33.738593298000069, 2.423217892000025 ], [ 33.738551586000028, 2.423362016000056 ], [ 33.738520251000068, 2.423456728000076 ], [ 33.738477653000075, 2.423585489000061 ], [ 33.738391343000046, 2.423746904000041 ], [ 33.738243343000079, 2.423945592000052 ], [ 33.738095308000027, 2.424082216000045 ], [ 33.737774555000044, 2.424355477000063 ], [ 33.737674992000052, 2.42456437900006 ], [ 33.737626615000067, 2.424665881000067 ], [ 33.737602051000067, 2.424889327000074 ], [ 33.737491178000028, 2.42527418800006 ], [ 33.737614764000057, 2.425572031000058 ], [ 33.737861639000073, 2.425621547000048 ], [ 33.738145540000062, 2.425671044000069 ], [ 33.738216736000027, 2.425706796000043 ], [ 33.738392455000053, 2.425795037000057 ], [ 33.73839257000003, 2.426006056000062 ], [ 33.738343288000067, 2.426167452000072 ], [ 33.738207576000036, 2.426266830000031 ], [ 33.738059467000028, 2.426266911000027 ], [ 33.738009016000035, 2.426300777000051 ], [ 33.737985440000045, 2.426316603000032 ], [ 33.737812774000076, 2.42655254400006 ], [ 33.737603155000045, 2.426925047000054 ], [ 33.737601487000063, 2.426933177000024 ], [ 33.737529297000037, 2.427285062000067 ], [ 33.737546506000058, 2.42739715600004 ], [ 33.737554069000055, 2.427446417000056 ], [ 33.737768194000068, 2.427525623000065 ], [ 33.737788622000039, 2.427533179000022 ], [ 33.737848614000029, 2.427557274000037 ], [ 33.738035523000065, 2.427632347000042 ], [ 33.738405789000069, 2.42761973000006 ], [ 33.738862465000068, 2.427631892000022 ], [ 33.739306792000036, 2.427631648000045 ], [ 33.739504337000028, 2.427755668000032 ], [ 33.739627815000063, 2.427854903000025 ], [ 33.739874752000048, 2.428016136000053 ], [ 33.740158694000058, 2.428140108000036 ], [ 33.740311262000034, 2.428174892000072 ], [ 33.740430261000029, 2.42820202300004 ], [ 33.740465031000042, 2.428221668000049 ], [ 33.740627800000027, 2.428313630000048 ], [ 33.740874710000071, 2.428425210000057 ], [ 33.741207988000042, 2.428487091000022 ], [ 33.741491863000078, 2.428486934000034 ], [ 33.741775678000067, 2.428375061000054 ], [ 33.742034807000039, 2.428263202000039 ], [ 33.74246680400006, 2.428287789000024 ], [ 33.742639605000079, 2.428300106000052 ], [ 33.743084156000066, 2.428709487000049 ], [ 33.743430055000033, 2.429280290000065 ], [ 33.743479663000073, 2.429714714000056 ], [ 33.743492202000027, 2.430074681000065 ], [ 33.743517669000028, 2.430170513000064 ], [ 33.743541674000028, 2.430260847000056 ], [ 33.743517078000025, 2.430422229000044 ], [ 33.74349438400003, 2.43049998500004 ], [ 33.743455481000069, 2.43063328300002 ], [ 33.74344710400004, 2.430646404000072 ], [ 33.743344494000041, 2.430807125000058 ], [ 33.743208796000033, 2.430931329000032 ], [ 33.74299906300007, 2.431092814000067 ], [ 33.742826337000054, 2.431217038000057 ], [ 33.742765681000037, 2.431329023000046 ], [ 33.742752357000029, 2.431353621000028 ], [ 33.742766367000058, 2.431454657000074 ], [ 33.742814315000032, 2.431800452000061 ], [ 33.743073696000067, 2.432147870000051 ], [ 33.743234297000072, 2.43242086500004 ], [ 33.743370125000069, 2.43253250600003 ], [ 33.743580014000031, 2.432656518000044 ], [ 33.743590080000047, 2.432665955000061 ], [ 33.743765246000066, 2.432830197000044 ], [ 33.743818146000024, 2.433007183000029 ], [ 33.743839437000076, 2.433078413000032 ], [ 33.743888882000078, 2.433214928000041 ], [ 33.744061792000025, 2.433425851000038 ], [ 33.744197647000078, 2.433587144000057 ], [ 33.744419968000045, 2.433872518000044 ], [ 33.744551487000024, 2.434031064000067 ], [ 33.744852240000057, 2.434393619000048 ], [ 33.745124094000062, 2.434976874000029 ], [ 33.745247834000054, 2.435547800000052 ], [ 33.745112101000075, 2.435609940000063 ], [ 33.744902320000051, 2.435684534000075 ], [ 33.744741943000065, 2.43582116500005 ], [ 33.744458182000074, 2.436032343000022 ], [ 33.744334819000073, 2.436144128000024 ], [ 33.744186703000025, 2.436131796000041 ], [ 33.744120718000033, 2.436050780000073 ], [ 33.744075545000044, 2.435995317000049 ], [ 33.744038436000039, 2.435846382000022 ], [ 33.743927272000064, 2.435697489000063 ], [ 33.743804333000071, 2.435691050000059 ], [ 33.743692759000055, 2.435685207000063 ], [ 33.743396628000028, 2.435846739000056 ], [ 33.743223902000068, 2.435970964000035 ], [ 33.742989537000028, 2.436231765000059 ], [ 33.74290325700008, 2.436442832000068 ], [ 33.742903413000079, 2.436728330000051 ], [ 33.742989926000064, 2.436939301000052 ], [ 33.742940651000026, 2.437113109000052 ], [ 33.742854308000062, 2.437212460000069 ], [ 33.742644520000056, 2.437274642000034 ], [ 33.742434698000068, 2.437274758000058 ], [ 33.742224897000028, 2.437312113000075 ], [ 33.742113889000052, 2.437448716000063 ], [ 33.742082921000076, 2.437636224000073 ], [ 33.74207698400005, 2.437672170000042 ], [ 33.742168177000053, 2.437784921000059 ], [ 33.742237546000069, 2.437870687000043 ], [ 33.742311689000076, 2.438032014000044 ], [ 33.742151311000043, 2.438168645000076 ], [ 33.741953873000057, 2.438243232000048 ], [ 33.741842777000045, 2.438218468000059 ], [ 33.74165761200004, 2.43816891900002 ], [ 33.741447762000064, 2.438119383000071 ], [ 33.741299625000067, 2.438069814000073 ], [ 33.741088658000024, 2.437975656000049 ], [ 33.741077406000045, 2.437970634000067 ], [ 33.741059911000036, 2.437968444000035 ], [ 33.740781166000033, 2.437933559000044 ], [ 33.740509638000049, 2.437946122000028 ], [ 33.740312239000048, 2.438095187000044 ], [ 33.740077902000053, 2.438405639000052 ], [ 33.739942209000048, 2.438542256000062 ], [ 33.739843619000055, 2.438815395000063 ], [ 33.739769672000079, 2.439014042000053 ], [ 33.73974514300005, 2.439299554000058 ], [ 33.739745304000053, 2.439593631000037 ], [ 33.73974546200003, 2.439882961000023 ], [ 33.739773469000056, 2.440114268000059 ], [ 33.739795057000038, 2.440292560000046 ], [ 33.739832207000063, 2.440515972000071 ], [ 33.739869384000031, 2.440789035000023 ], [ 33.739857272000052, 2.441211081000063 ], [ 33.739894667000044, 2.441881359000035 ], [ 33.739919522000037, 2.442191668000021 ], [ 33.73985788400006, 2.442328244000066 ], [ 33.739808610000068, 2.442502053000055 ], [ 33.739784006000036, 2.442651021000074 ], [ 33.739870465000024, 2.442762690000052 ], [ 33.739902661000031, 2.442790057000025 ], [ 33.740030993000062, 2.442899142000044 ], [ 33.740069261000031, 2.442927975000032 ], [ 33.74017916400004, 2.44301077700004 ], [ 33.740203931000053, 2.443159718000061 ], [ 33.740204074000076, 2.443420390000028 ], [ 33.740154799000038, 2.443594197000039 ], [ 33.740056133000053, 2.443730795000022 ], [ 33.739920427000072, 2.443842586000073 ], [ 33.739649027000041, 2.444090995000067 ], [ 33.739241845000038, 2.444314653000049 ], [ 33.739118535000046, 2.444525741000064 ], [ 33.739069219000044, 2.444625072000065 ], [ 33.739081596000062, 2.444687129000044 ], [ 33.739180391000048, 2.44478637800006 ], [ 33.739279192000026, 2.444898040000055 ], [ 33.73935330200004, 2.444997302000047 ], [ 33.739439768000068, 2.445121384000061 ], [ 33.739452192000044, 2.445270332000064 ], [ 33.739402890000065, 2.445394488000034 ], [ 33.739328889000035, 2.445493832000068 ], [ 33.739205490000074, 2.44554355300005 ], [ 33.739057380000077, 2.445543635000035 ], [ 33.738896920000059, 2.445531310000035 ], [ 33.738724151000042, 2.445581058000073 ], [ 33.738600800000029, 2.445717668000043 ], [ 33.738403401000028, 2.445866733000059 ], [ 33.738193638000041, 2.445978566000065 ], [ 33.738020856000048, 2.446003487000041 ], [ 33.737811045000058, 2.446028429000023 ], [ 33.737638297000046, 2.446115415000065 ], [ 33.737268101000041, 2.446264575000043 ], [ 33.737169476000076, 2.446475650000025 ], [ 33.737132550000069, 2.446661863000031 ], [ 33.737058658000024, 2.446959815000071 ], [ 33.736996998000052, 2.447059153000055 ], [ 33.736737920000053, 2.447270315000026 ], [ 33.736071603000028, 2.447605833000068 ], [ 33.735738427000058, 2.447742559000062 ], [ 33.735516288000042, 2.447792334000042 ], [ 33.735318867000046, 2.447904158000028 ], [ 33.735195557000054, 2.448115247000032 ], [ 33.734973457000024, 2.448239498000021 ], [ 33.734866053000076, 2.448250929000039 ], [ 33.734738961000062, 2.448264454000025 ], [ 33.734479767000039, 2.448264597000048 ], [ 33.734405691000063, 2.448227399000075 ], [ 33.734356240000068, 2.448078471000031 ], [ 33.734319157000073, 2.447979187000044 ], [ 33.734316498000055, 2.447978043000035 ], [ 33.734232739000049, 2.447941996000054 ], [ 33.734146321000026, 2.447904805000064 ], [ 33.734118442000067, 2.447865598000021 ], [ 33.734084560000042, 2.447817949000068 ], [ 33.73404746500006, 2.447693840000056 ], [ 33.733973328000047, 2.447544926000035 ], [ 33.733960918000037, 2.447420803000057 ], [ 33.733912923000048, 2.44744152100003 ], [ 33.733788162000053, 2.447495376000063 ], [ 33.733664817000033, 2.447644399000069 ], [ 33.733609627000078, 2.447737021000023 ], [ 33.733553835000066, 2.447830654000029 ], [ 33.73355121000003, 2.447836469000038 ], [ 33.733492196000043, 2.447967230000074 ], [ 33.733344166000052, 2.448116267000046 ], [ 33.733109771000045, 2.448327416000041 ], [ 33.732961781000029, 2.448550930000067 ], [ 33.732875559000036, 2.448873714000058 ], [ 33.732813927000052, 2.449022703000026 ], [ 33.732690561000027, 2.449134488000027 ], [ 33.732419132000075, 2.449333244000059 ], [ 33.732257704000062, 2.44939178900006 ], [ 33.732161218000044, 2.449426783000035 ], [ 33.732110627000054, 2.449445130000072 ], [ 33.731894255000043, 2.449452020000024 ], [ 33.731837144000053, 2.44926094300007 ], [ 33.731799066000065, 2.449127188000034 ], [ 33.731646994000073, 2.449031718000072 ], [ 33.731437965000055, 2.44903183200006 ], [ 33.731190911000056, 2.448993747000031 ], [ 33.731171498000037, 2.448985392000054 ], [ 33.731122179000067, 2.448964167000042 ], [ 33.730924813000058, 2.44887922700002 ], [ 33.730810756000039, 2.448802846000035 ], [ 33.730696648000048, 2.448630912000056 ], [ 33.73053718500006, 2.448502759000064 ], [ 33.730506538000043, 2.448478129000023 ], [ 33.730316461000029, 2.448382679000076 ], [ 33.730309438000063, 2.448389750000047 ], [ 33.730221501000074, 2.448478286000068 ], [ 33.73007500600005, 2.448644212000033 ], [ 33.730069572000048, 2.448650367000027 ], [ 33.729993562000061, 2.448650408000049 ], [ 33.729992014000061, 2.448649475000025 ], [ 33.729898519000074, 2.448593128000027 ], [ 33.72980347500004, 2.448535848000063 ], [ 33.729632380000055, 2.448402165000061 ], [ 33.729442281000047, 2.448268494000047 ], [ 33.729255134000027, 2.44813689700004 ], [ 33.729252183000028, 2.448134821000053 ], [ 33.729005087000075, 2.448020292000024 ], [ 33.728796070000044, 2.448039517000041 ], [ 33.728644071000076, 2.448077822000073 ], [ 33.728549099000077, 2.448154317000046 ], [ 33.728455106000069, 2.448327844000062 ], [ 33.728420096000036, 2.448282463000055 ], [ 33.728341718000024, 2.44856334800005 ], [ 33.728323817000046, 2.448627498000064 ], [ 33.728237511000032, 2.448836096000036 ], [ 33.728219512000067, 2.448879599000065 ], [ 33.728219528000068, 2.448908607000021 ], [ 33.728219677000027, 2.449184524000032 ], [ 33.728310825000051, 2.449550387000045 ], [ 33.728492972000026, 2.450007677000031 ], [ 33.728341471000078, 2.450160223000069 ], [ 33.728099004000057, 2.450282326000035 ], [ 33.728099103000034, 2.450465282000039 ], [ 33.728129618000025, 2.450831177000055 ], [ 33.728069084000026, 2.45101416600005 ], [ 33.727614515000027, 2.451349834000041 ], [ 33.722643454000035, 2.452968656000053 ], [ 33.716818233000026, 2.45538844400005 ], [ 33.716763312000069, 2.455411258000026 ], [ 33.716244851000056, 2.455638964000059 ], [ 33.712067690000026, 2.457473546000074 ], [ 33.711058293000065, 2.457916864000026 ], [ 33.710521799000048, 2.458125463000044 ], [ 33.706443011000033, 2.459711367000068 ], [ 33.705471558000056, 2.460444991000031 ], [ 33.705364764000024, 2.460826676000067 ], [ 33.705358580000052, 2.460848779000059 ], [ 33.705357727000035, 2.460851828000045 ], [ 33.705268360000048, 2.461171231000037 ], [ 33.70521868000003, 2.461472016000073 ], [ 33.705159406000064, 2.46189092100002 ], [ 33.705040607000058, 2.462250019000066 ], [ 33.70474345100007, 2.462848567000037 ], [ 33.704446358000041, 2.46356679400003 ], [ 33.704427392000071, 2.463599263000049 ], [ 33.704369505000045, 2.463698360000024 ], [ 33.703894522000041, 2.464511497000046 ], [ 33.703851952000036, 2.464584373000037 ], [ 33.702247241000066, 2.467696859000057 ], [ 33.700639221000074, 2.471128107000027 ], [ 33.699435458000039, 2.473696731000075 ], [ 33.698740987000065, 2.475178606000043 ], [ 33.698043, 2.477007833000073 ], [ 33.697171322000031, 2.479125199000066 ], [ 33.696715085000051, 2.480446568000048 ], [ 33.696646689000033, 2.480964534000066 ], [ 33.696601303000079, 2.48130823200006 ], [ 33.696496159000048, 2.48158359200005 ], [ 33.69631611300008, 2.482055108000054 ], [ 33.695916479000061, 2.482399961000056 ], [ 33.695345617000044, 2.482974667000065 ], [ 33.694603585000038, 2.483894104000058 ], [ 33.693461827000078, 2.484986073000073 ], [ 33.692407114000048, 2.485782463000021 ], [ 33.691863195000053, 2.486193164000042 ], [ 33.690550082000073, 2.487285223000072 ], [ 33.690036362000058, 2.487917338000045 ], [ 33.689808135000078, 2.488376980000055 ], [ 33.689748799000029, 2.488484523000068 ], [ 33.689522820000036, 2.488894094000045 ], [ 33.689180478000026, 2.489583558000049 ], [ 33.688916608000056, 2.490039019000051 ], [ 33.688781020000079, 2.490273054000056 ], [ 33.68838147200006, 2.490790227000048 ], [ 33.687810572000046, 2.491307490000054 ], [ 33.686497422000059, 2.49234210700007 ], [ 33.684898833000034, 2.493664074000037 ], [ 33.683928321000053, 2.494583629000033 ], [ 33.681587322000041, 2.496135743000025 ], [ 33.680445336000048, 2.496825625000042 ], [ 33.678671233000046, 2.498068139000054 ], [ 33.677818891000072, 2.498665086000074 ], [ 33.677161610000041, 2.499298001000057 ], [ 33.676505841000051, 2.499929459000043 ], [ 33.675911760000076, 2.50045084900006 ], [ 33.674279265000052, 2.501883590000034 ], [ 33.674085508000076, 2.502072141000042 ], [ 33.672566591000077, 2.503550251000036 ], [ 33.672032773000069, 2.503657904000022 ], [ 33.671709917000044, 2.503723015000048 ], [ 33.671424387000059, 2.503838042000041 ], [ 33.671138975000076, 2.504182833000073 ], [ 33.67067688700007, 2.504563441000073 ], [ 33.670510945000046, 2.504700121000042 ], [ 33.669825797000044, 2.505217440000024 ], [ 33.669540297000026, 2.50538990900003 ], [ 33.665959993000058, 2.502094790000058 ], [ 33.656893283000045, 2.493750144000046 ], [ 33.652511465000032, 2.489717218000067 ], [ 33.651554363000059, 2.489155674000074 ], [ 33.646055376000049, 2.485929321000071 ], [ 33.640118446000031, 2.482086694000031 ], [ 33.639292668000053, 2.48129553800004 ], [ 33.639198355000076, 2.481060196000044 ], [ 33.638879924000037, 2.480833677000021 ], [ 33.638015530000075, 2.480218778000051 ], [ 33.637646285000073, 2.479956110000046 ], [ 33.636320431000058, 2.479012941000065 ], [ 33.636115892000078, 2.478867439000055 ], [ 33.634540352000045, 2.47774664700006 ], [ 33.62773721700006, 2.471246517000054 ], [ 33.627346716000034, 2.471159431000046 ], [ 33.625612343000057, 2.473298401000022 ], [ 33.623479392000036, 2.476702648000071 ], [ 33.619759784000053, 2.48263920100004 ], [ 33.615727525000068, 2.488095561000023 ], [ 33.614600283000073, 2.489754248000054 ], [ 33.614687296000056, 2.490277835000029 ], [ 33.615035370000044, 2.492415822000055 ], [ 33.615035613000032, 2.492939450000051 ], [ 33.611131166000064, 2.493421273000024 ], [ 33.609005549000074, 2.493989530000022 ], [ 33.608007949000068, 2.494557259000032 ], [ 33.606392944000049, 2.495628915000054 ], [ 33.606099576000076, 2.49582358300006 ], [ 33.607776751000074, 2.499659051000037 ], [ 33.606340531000058, 2.501312382000037 ], [ 33.603857808000043, 2.503430460000061 ], [ 33.600269551000054, 2.50615517500006 ], [ 33.598797154000067, 2.507277644000055 ], [ 33.595626754000079, 2.50916081400004 ], [ 33.594358311000065, 2.510106266000037 ], [ 33.593258523000031, 2.510926006000034 ], [ 33.592855291000035, 2.511551376000057 ], [ 33.592352486000038, 2.512331174000053 ], [ 33.591468504000034, 2.513700330000063 ], [ 33.591322389000027, 2.513926645000026 ], [ 33.591283128000043, 2.513987456000052 ], [ 33.591273263000062, 2.514002736000066 ], [ 33.59127316200005, 2.514002797000046 ], [ 33.590893296000047, 2.514245325000047 ], [ 33.590073558000029, 2.514768672000059 ], [ 33.588141113000063, 2.51600240700003 ], [ 33.588135645000079, 2.516010431000041 ], [ 33.587890989000073, 2.516369651000048 ], [ 33.587399431000051, 2.517091300000061 ], [ 33.586886439000068, 2.51784445100003 ], [ 33.586308322000036, 2.518693197000061 ], [ 33.586003624000057, 2.520845288000032 ], [ 33.58482377200005, 2.52262698100003 ], [ 33.584629066000048, 2.522921021000059 ], [ 33.584466742000075, 2.523043144000042 ], [ 33.582777887000077, 2.524313795000069 ], [ 33.581726218000028, 2.525105041000074 ], [ 33.581153222000069, 2.525553675000026 ], [ 33.580879653000068, 2.525767869000049 ], [ 33.580076191000046, 2.526396960000056 ], [ 33.578854266000064, 2.528057603000036 ], [ 33.578926611000043, 2.529321258000039 ], [ 33.578977481000038, 2.530209499000023 ], [ 33.579060708000043, 2.530987460000063 ], [ 33.579125313000077, 2.531591363000075 ], [ 33.579161526000064, 2.531929862000027 ], [ 33.579161647000035, 2.531930992000071 ], [ 33.578918774000044, 2.532208819000061 ], [ 33.578854663000072, 2.532282157000054 ], [ 33.577817391000053, 2.53346872000003 ], [ 33.577654815000074, 2.533684453000035 ], [ 33.576837986000044, 2.534768359000054 ], [ 33.576624867000078, 2.535051161000069 ], [ 33.576473234000048, 2.535252374000038 ], [ 33.576395172000048, 2.53548170800002 ], [ 33.57616186100006, 2.536167100000057 ], [ 33.575750625000069, 2.53737518500003 ], [ 33.575740588000031, 2.53740467700004 ], [ 33.575323470000058, 2.541069987000071 ], [ 33.575289953000038, 2.541364499000053 ], [ 33.573970105000058, 2.542840722000051 ], [ 33.573709226000062, 2.542935033000049 ], [ 33.572063025000034, 2.543530202000056 ], [ 33.571240537000051, 2.543976092000037 ], [ 33.570156095000073, 2.544563991000075 ], [ 33.568983218000028, 2.546630402000062 ], [ 33.568789822000042, 2.547321200000056 ], [ 33.568744204000041, 2.547484137000026 ], [ 33.568446080000058, 2.548548974000028 ], [ 33.567620953000073, 2.548998006000033 ], [ 33.567535082000063, 2.54904474500006 ], [ 33.567236760000071, 2.549207096000032 ], [ 33.566636928000037, 2.549533533000044 ], [ 33.564363330000049, 2.550936394000075 ], [ 33.563203271000077, 2.551817008000057 ], [ 33.562381340000059, 2.552440943000022 ], [ 33.561380947000032, 2.553200353000022 ], [ 33.561039999000059, 2.553346263000037 ], [ 33.560652050000044, 2.553512286000057 ], [ 33.560280060000025, 2.553671480000048 ], [ 33.55942499400004, 2.554037405000031 ], [ 33.557689114000027, 2.554752484000062 ], [ 33.557273434000024, 2.554923723000059 ], [ 33.556102284000076, 2.555866846000072 ], [ 33.555806699000073, 2.556104879000031 ], [ 33.555277201000024, 2.556668033000051 ], [ 33.554873354000051, 2.557097548000058 ], [ 33.553215751000039, 2.558860529000071 ], [ 33.552682307000055, 2.55977795900003 ], [ 33.552042834000076, 2.560877740000024 ], [ 33.55165252300003, 2.562746325000035 ], [ 33.551652371000046, 2.562747057000024 ], [ 33.551572947000068, 2.565420881000023 ], [ 33.551566492000063, 2.565638104000072 ], [ 33.551557836000029, 2.565929561000075 ], [ 33.551493896000068, 2.568082357000037 ], [ 33.551478805000045, 2.568590664000055 ], [ 33.550266721000071, 2.570558710000057 ], [ 33.549342524000053, 2.572065911000038 ], [ 33.549213536000025, 2.572276266000074 ], [ 33.543747348000068, 2.580386530000055 ], [ 33.543197015000032, 2.581316376000075 ], [ 33.539331875000073, 2.587846898000066 ], [ 33.53736110400007, 2.592211743000064 ], [ 33.537231683000073, 2.592633154000055 ], [ 33.535444433000066, 2.598452645000066 ], [ 33.533923690000051, 2.603404334000061 ], [ 33.533922878000055, 2.603406978000066 ], [ 33.532980631000044, 2.60372962100007 ], [ 33.532987523000031, 2.603733416000068 ], [ 33.533075971000073, 2.603928884000027 ], [ 33.533129125000073, 2.604266568000071 ], [ 33.533146982000062, 2.604693126000029 ], [ 33.533253316000071, 2.605404021000027 ], [ 33.533377269000027, 2.605954940000061 ], [ 33.533766244000049, 2.606345795000038 ], [ 33.533907720000059, 2.606576795000024 ], [ 33.534049251000056, 2.606914422000045 ], [ 33.533907945000067, 2.607109997000066 ], [ 33.533819691000076, 2.60737664100003 ], [ 33.53387282500006, 2.607643224000071 ], [ 33.534101376000024, 2.607802976000073 ], [ 33.534279433000052, 2.60792742600006 ], [ 33.534562283000071, 2.608122811000044 ], [ 33.53480974200005, 2.608211573000062 ], [ 33.534951033000027, 2.607980452000049 ], [ 33.535233778000077, 2.607927018000055 ], [ 33.535392857000033, 2.607980263000059 ], [ 33.535587348000035, 2.608193462000031 ], [ 33.535896743000023, 2.608468830000049 ], [ 33.536285661000079, 2.608699723000029 ], [ 33.536462406000055, 2.608770739000022 ], [ 33.536727514000063, 2.608770625000034 ], [ 33.53692191600004, 2.608770542000059 ], [ 33.537151608000045, 2.608646019000048 ], [ 33.537398993000068, 2.608539276000045 ], [ 33.537628673000029, 2.608361440000067 ], [ 33.537858388000075, 2.608290250000039 ], [ 33.538141186000075, 2.608361220000063 ], [ 33.538282650000042, 2.608538896000027 ], [ 33.538583153000047, 2.608698736000065 ], [ 33.538636251000071, 2.608876441000064 ], [ 33.538742354000078, 2.609018578000075 ], [ 33.538883824000038, 2.609231818000069 ], [ 33.539078202000042, 2.609178402000055 ], [ 33.539325612000027, 2.609124972000075 ], [ 33.539449390000073, 2.609302656000068 ], [ 33.539414205000071, 2.609658145000026 ], [ 33.539220085000068, 2.610315846000049 ], [ 33.539290987000072, 2.610813481000037 ], [ 33.539220457000056, 2.611186755000062 ], [ 33.538955546000068, 2.61163121200002 ], [ 33.538884984000049, 2.611951153000064 ], [ 33.538938166000037, 2.612324372000046 ], [ 33.539291822000052, 2.612768563000031 ], [ 33.539380347000076, 2.61315954500003 ], [ 33.539230272000054, 2.613506200000074 ], [ 33.538541198000075, 2.613915276000057 ], [ 33.537993412000048, 2.614111027000035 ], [ 33.537357306000047, 2.614395676000072 ], [ 33.536579841000048, 2.614769263000028 ], [ 33.535908478000067, 2.615284977000044 ], [ 33.535820307000051, 2.615747126000031 ], [ 33.535785173000079, 2.616244797000036 ], [ 33.535820693000062, 2.616653580000047 ], [ 33.53596222300007, 2.617008985000041 ], [ 33.536121378000075, 2.617239976000064 ], [ 33.536209854000049, 2.617470999000034 ], [ 33.536130399000058, 2.617657645000065 ], [ 33.536042108000061, 2.617835421000052 ], [ 33.536053038000034, 2.617890277000072 ], [ 33.536077528000078, 2.61801315200006 ], [ 33.53623667800008, 2.618208589000062 ], [ 33.536448818000054, 2.618350689000067 ], [ 33.536607936000053, 2.618492803000038 ], [ 33.536643380000044, 2.618723848000059 ], [ 33.536590458000035, 2.618937145000075 ], [ 33.536449167000058, 2.619168266000031 ], [ 33.536466917000041, 2.619381541000052 ], [ 33.536519992000024, 2.619488155000056 ], [ 33.536749801000042, 2.619630248000021 ], [ 33.536926605000076, 2.619790131000059 ], [ 33.537333233000027, 2.620109884000044 ], [ 33.537510003000079, 2.62021644500004 ], [ 33.537563118000037, 2.620411937000029 ], [ 33.537545607000027, 2.620820733000073 ], [ 33.537492737000036, 2.621158453000021 ], [ 33.537457519000043, 2.621478388000071 ], [ 33.537245545000076, 2.621727308000061 ], [ 33.536865759000079, 2.62216292100004 ], [ 33.536901220000061, 2.622429521000072 ], [ 33.537025029000063, 2.622660519000021 ], [ 33.537325485000054, 2.622678158000042 ], [ 33.537537611000062, 2.622784712000055 ], [ 33.537661415000059, 2.622997941000051 ], [ 33.537802881000061, 2.623175618000062 ], [ 33.537926593000066, 2.623175564000064 ], [ 33.538120989000049, 2.623157702000071 ], [ 33.538297648000025, 2.622979888000032 ], [ 33.53852739000007, 2.622944244000053 ], [ 33.538668800000039, 2.623015283000029 ], [ 33.538686562000066, 2.623210781000068 ], [ 33.538668976000054, 2.623424062000026 ], [ 33.538509994000037, 2.623601877000056 ], [ 33.538262644000042, 2.623797499000034 ], [ 33.538085941000077, 2.623833112000057 ], [ 33.537732533000053, 2.623975456000039 ], [ 33.537396784000066, 2.624100006000049 ], [ 33.537167088000047, 2.62422452900006 ], [ 33.537167156000066, 2.624384497000051 ], [ 33.537273331000051, 2.624686595000071 ], [ 33.537238038000055, 2.624828801000035 ], [ 33.536990609000043, 2.624846686000069 ], [ 33.536637140000039, 2.624829061000071 ], [ 33.53633663800008, 2.624704767000026 ], [ 33.536124550000068, 2.624687091000055 ], [ 33.535806465000064, 2.624758328000041 ], [ 33.535541477000038, 2.625007262000054 ], [ 33.53545316800006, 2.625167260000069 ], [ 33.535170565000044, 2.62554063400006 ], [ 33.534852606000072, 2.625931791000028 ], [ 33.534684875000039, 2.626331767000067 ], [ 33.534667329000058, 2.626616148000039 ], [ 33.534508369000037, 2.626847278000071 ], [ 33.53427874700003, 2.627149528000075 ], [ 33.534261122000032, 2.627291718000038 ], [ 33.534437918000037, 2.627433834000044 ], [ 33.534632397000053, 2.627611487000024 ], [ 33.534703211000078, 2.627878054000064 ], [ 33.534685617000036, 2.62807357600002 ], [ 33.534438289000036, 2.628304734000039 ], [ 33.533978926000032, 2.628624851000041 ], [ 33.533537102000025, 2.628660595000042 ], [ 33.533307293000064, 2.628518504000056 ], [ 33.532989043000043, 2.62825203400007 ], [ 33.532547160000036, 2.628127809000034 ], [ 33.532246748000034, 2.62821681600002 ], [ 33.532034735000025, 2.628376858000024 ], [ 33.531805061000057, 2.628554693000069 ], [ 33.531522289000065, 2.62855481400004 ], [ 33.531292470000039, 2.628412731000026 ], [ 33.531009562000065, 2.628092923000054 ], [ 33.530673662000027, 2.627862005000054 ], [ 33.530125800000064, 2.627897795000024 ], [ 33.529507266000053, 2.62795137300003 ], [ 33.528959388000033, 2.62796938300005 ], [ 33.52853530200008, 2.62812952400003 ], [ 33.528341001000058, 2.62839621300003 ], [ 33.528217437000023, 2.628751741000031 ], [ 33.528164512000046, 2.628982815000029 ], [ 33.52820003100004, 2.629373821000058 ], [ 33.528306202000067, 2.629693695000071 ], [ 33.528642079000065, 2.62988905800006 ], [ 33.528942618000031, 2.630102222000062 ], [ 33.529057801000079, 2.630821998000044 ], [ 33.529057807000072, 2.630834421000031 ], [ 33.529058049000071, 2.631408533000069 ], [ 33.528969884000048, 2.631888451000066 ], [ 33.528864025000075, 2.632332839000071 ], [ 33.528758177000043, 2.632777220000037 ], [ 33.528670004000048, 2.633239369000023 ], [ 33.528670266000063, 2.633861441000022 ], [ 33.52890018100004, 2.63425236300003 ], [ 33.529094753000038, 2.634625523000068 ], [ 33.529156740000076, 2.634954309000022 ], [ 33.529086177000067, 2.635256492000053 ], [ 33.528909547000069, 2.635487628000021 ], [ 33.528715275000025, 2.635825399000055 ], [ 33.528644779000047, 2.636287541000058 ], [ 33.528662537000059, 2.636500817000069 ], [ 33.528945395000051, 2.636678433000043 ], [ 33.529369644000042, 2.636873756000057 ], [ 33.529617110000061, 2.636962521000044 ], [ 33.529864613000029, 2.637140162000037 ], [ 33.530059133000066, 2.637406674000033 ], [ 33.530147599000031, 2.637637697000059 ], [ 33.530165473000068, 2.638099801000067 ], [ 33.530095082000059, 2.638810762000048 ], [ 33.529945117000068, 2.63942402400005 ], [ 33.529998252000041, 2.639690607000034 ], [ 33.530122005000067, 2.63977942300005 ], [ 33.530334118000042, 2.639850433000049 ], [ 33.530493239000066, 2.63999254600003 ], [ 33.530510982000067, 2.64017026800002 ], [ 33.530475750000051, 2.640436889000057 ], [ 33.530316833000029, 2.64077465400004 ], [ 33.530175615000076, 2.641183504000026 ], [ 33.530052006000062, 2.641432394000049 ], [ 33.529999195000073, 2.641912297000033 ], [ 33.529999369000052, 2.642321094000067 ], [ 33.530070264000074, 2.642800945000033 ], [ 33.530229596000027, 2.643440725000062 ], [ 33.530450775000077, 2.644053817000042 ], [ 33.530557071000032, 2.64464029800007 ], [ 33.530468876000043, 2.645049125000071 ], [ 33.530256927000039, 2.645369145000075 ], [ 33.529885949000061, 2.645760324000037 ], [ 33.529691631000048, 2.645991459000072 ], [ 33.529532698000025, 2.646293679000053 ], [ 33.529515204000063, 2.646702475000041 ], [ 33.52946234500007, 2.647111296000048 ], [ 33.52921505200004, 2.647413554000025 ], [ 33.529126782000048, 2.647644644000025 ], [ 33.529126888000064, 2.647893472000021 ], [ 33.529073984000036, 2.648177879000059 ], [ 33.528950373000043, 2.648426751000045 ], [ 33.528535163000072, 2.648720196000056 ], [ 33.528022791000069, 2.649093660000062 ], [ 33.527545732000078, 2.649431571000036 ], [ 33.527404483000055, 2.649751551000065 ], [ 33.52731624900008, 2.650071509000043 ], [ 33.527104021000071, 2.650515861000031 ], [ 33.52703378800004, 2.650818117000028 ], [ 33.526910230000055, 2.651191413000049 ], [ 33.526892681000049, 2.651493572000049 ], [ 33.526804409000079, 2.651724670000021 ], [ 33.526663145000043, 2.652009124000074 ], [ 33.526680899000041, 2.652186835000066 ], [ 33.526804680000055, 2.652364520000049 ], [ 33.526840133000064, 2.652595566000059 ], [ 33.526822539000079, 2.652791079000053 ], [ 33.526645874000053, 2.652968891000057 ], [ 33.526469159000044, 2.653004513000042 ], [ 33.526151041000048, 2.653040195000074 ], [ 33.525788783000053, 2.653173658000071 ], [ 33.525647460000073, 2.653315900000052 ], [ 33.525541502000067, 2.653529229000071 ], [ 33.525488608000046, 2.653813635000063 ], [ 33.525347297000053, 2.654009201000065 ], [ 33.525206001000072, 2.654240322000021 ], [ 33.525206098000069, 2.654471374000025 ], [ 33.525312235000058, 2.654702389000022 ], [ 33.525471357000072, 2.654844504000039 ], [ 33.525489134000054, 2.65505777900006 ], [ 33.525418500000058, 2.655217769000046 ], [ 33.525206543000024, 2.655520012000068 ], [ 33.525029937000056, 2.655840018000049 ], [ 33.525030049000065, 2.656106614000066 ], [ 33.52494181600008, 2.656426582000051 ], [ 33.524835949000078, 2.656835415000046 ], [ 33.524765420000051, 2.657244244000026 ], [ 33.524588884000025, 2.657706431000065 ], [ 33.524173728000051, 2.658159837000028 ], [ 33.524173796000071, 2.658319787000039 ], [ 33.52431533400005, 2.658639657000037 ], [ 33.52443917800008, 2.658941756000047 ], [ 33.524244843000076, 2.659137354000052 ], [ 33.523997479000059, 2.659279641000069 ], [ 33.523714729000062, 2.659368632000053 ], [ 33.523644081000043, 2.659475308000026 ], [ 33.523679614000059, 2.659919627000022 ], [ 33.523554890000071, 2.660674013000062 ], [ 33.523538580000036, 2.660772820000034 ], [ 33.523715479000032, 2.661145987000054 ], [ 33.523839346000045, 2.661501410000028 ], [ 33.523751036000078, 2.661643630000071 ], [ 33.523635993000028, 2.661831802000052 ], [ 33.523609739000051, 2.661874751000028 ], [ 33.523574475000032, 2.662070263000032 ], [ 33.523680598000055, 2.662247965000063 ], [ 33.523804410000025, 2.662496741000041 ], [ 33.523794283000029, 2.662640123000074 ], [ 33.523786847000054, 2.662745568000048 ], [ 33.523707513000033, 2.663198829000066 ], [ 33.523737161000042, 2.663298080000061 ], [ 33.523813702000041, 2.663554269000031 ], [ 33.523831493000046, 2.663820858000065 ], [ 33.523813935000078, 2.664105240000026 ], [ 33.52365504200003, 2.664531883000052 ], [ 33.523443129000043, 2.66492297700006 ], [ 33.52326650100008, 2.66518966700005 ], [ 33.523251540000047, 2.665232333000063 ], [ 33.523245890000055, 2.665248464000058 ], [ 33.523160580000024, 2.665491865000035 ], [ 33.523160700000062, 2.665776239000024 ], [ 33.523302297000043, 2.666256069000042 ], [ 33.52353223700004, 2.666664759000071 ], [ 33.523682590000078, 2.666957953000065 ], [ 33.523682689000054, 2.66718901400003 ], [ 33.523665191000077, 2.667615597000065 ], [ 33.523630035000053, 2.668042169000046 ], [ 33.523418057000072, 2.668326634000039 ], [ 33.523329785000044, 2.668539956000075 ], [ 33.523400562000063, 2.668735440000034 ], [ 33.523524331000033, 2.668877569000074 ], [ 33.523559784000042, 2.669108615000027 ], [ 33.523478327000078, 2.669296049000025 ], [ 33.523436178000054, 2.669393043000071 ], [ 33.523507107000057, 2.66953554600002 ], [ 33.523542317000079, 2.669606280000039 ], [ 33.523560115000066, 2.669890647000045 ], [ 33.523454134000076, 2.670050653000033 ], [ 33.523441478000052, 2.670074022000051 ], [ 33.523348177000059, 2.670246213000041 ], [ 33.523206887000072, 2.670495102000075 ], [ 33.523096971000029, 2.670585621000043 ], [ 33.523012544000039, 2.670655145000069 ], [ 33.52294764800007, 2.670638860000054 ], [ 33.522800433000043, 2.670601914000031 ], [ 33.522552965000045, 2.670548706000034 ], [ 33.522295542000052, 2.67056403600003 ], [ 33.522252513000069, 2.670566602000065 ], [ 33.52198749300004, 2.670744453000054 ], [ 33.521572399000036, 2.671357818000047 ], [ 33.521395876000042, 2.671855552000068 ], [ 33.521395880000057, 2.671863935000033 ], [ 33.521395974000029, 2.672086612000044 ], [ 33.521463640000036, 2.672290427000064 ], [ 33.521466767000049, 2.67229986600006 ], [ 33.521614290000059, 2.672434630000055 ], [ 33.521661244000029, 2.67247751900004 ], [ 33.521706126000026, 2.672479548000069 ], [ 33.522050083000067, 2.672495122000043 ], [ 33.522385883000027, 2.672477210000068 ], [ 33.522615663000067, 2.672530426000037 ], [ 33.522827799000027, 2.672619203000068 ], [ 33.52303997100006, 2.672814618000075 ], [ 33.523393605000024, 2.673187710000036 ], [ 33.523535834000029, 2.673394123000037 ], [ 33.523711939000066, 2.673649695000051 ], [ 33.52394190900003, 2.674147253000058 ], [ 33.524189625000076, 2.674804774000052 ], [ 33.524239120000061, 2.674866339000062 ], [ 33.524560985000051, 2.675266727000064 ], [ 33.524631782000029, 2.67553330100003 ], [ 33.524614257000053, 2.675871007000069 ], [ 33.524446453000053, 2.67609324600005 ], [ 33.524322764000033, 2.676164391000043 ], [ 33.524276801000042, 2.676175963000048 ], [ 33.524040002000049, 2.676235603000066 ], [ 33.523969346000058, 2.676324512000065 ], [ 33.523951731000068, 2.676448925000045 ], [ 33.52395174000003, 2.676472113000045 ], [ 33.523951799000031, 2.676608894000026 ], [ 33.523987220000038, 2.676804384000036 ], [ 33.524305451000032, 2.676999762000037 ], [ 33.524464569000031, 2.677124099000025 ], [ 33.524606024000036, 2.677284008000072 ], [ 33.524694525000029, 2.677586122000037 ], [ 33.52472997700005, 2.67783492600006 ], [ 33.524707883000076, 2.67789212100007 ], [ 33.524606395000035, 2.678154908000067 ], [ 33.524376705000066, 2.678314967000063 ], [ 33.52409390400004, 2.678297312000041 ], [ 33.523828804000061, 2.67833298100004 ], [ 33.523785885000052, 2.678441025000041 ], [ 33.523722877000068, 2.678599623000025 ], [ 33.523687666000058, 2.678919568000026 ], [ 33.523829318000026, 2.679541579000045 ], [ 33.52402395200005, 2.680039153000052 ], [ 33.524262814000053, 2.680670015000032 ], [ 33.524347831000057, 2.680840814000021 ], [ 33.52449277900007, 2.681132037000054 ], [ 33.52481116000007, 2.681718416000024 ], [ 33.525394719000076, 2.682446883000068 ], [ 33.525854546000062, 2.683122078000054 ], [ 33.526055906000067, 2.683470472000067 ], [ 33.526172923000047, 2.683672931000046 ], [ 33.526296808000041, 2.684081656000046 ], [ 33.526279283000065, 2.684419370000057 ], [ 33.526217608000024, 2.684872625000025 ], [ 33.526040994000027, 2.685157076000053 ], [ 33.525882058000036, 2.685459287000072 ], [ 33.525865774000067, 2.685640209000042 ], [ 33.525864464000051, 2.685654801000055 ], [ 33.525871251000069, 2.685669823000069 ], [ 33.525952919000076, 2.685850277000043 ], [ 33.526059047000047, 2.686027969000065 ], [ 33.52611214500007, 2.686223460000065 ], [ 33.526059252000039, 2.686507857000038 ], [ 33.526112420000061, 2.686863300000027 ], [ 33.526183245000027, 2.68714764300006 ], [ 33.526112695000052, 2.687503149000065 ], [ 33.52611280800005, 2.687769755000033 ], [ 33.526130546000047, 2.68792970800007 ], [ 33.526254343000062, 2.688089614000035 ], [ 33.526360351000051, 2.688182809000068 ], [ 33.526395794000052, 2.688213976000043 ], [ 33.526625593000063, 2.688302735000036 ], [ 33.526837722000039, 2.688391512000067 ], [ 33.526979166000046, 2.688498087000028 ], [ 33.527085261000025, 2.688622465000037 ], [ 33.527173693000066, 2.688782377000052 ], [ 33.527262181000026, 2.689031177000061 ], [ 33.527421308000044, 2.689173290000042 ], [ 33.527562781000029, 2.689368743000045 ], [ 33.528031197000075, 2.68946629200002 ], [ 33.528135615000053, 2.689479948000042 ], [ 33.52843772600005, 2.689519438000048 ], [ 33.528826594000066, 2.689590360000068 ], [ 33.529061783000031, 2.689637559000062 ], [ 33.529091734000076, 2.689643567000076 ], [ 33.529303886000037, 2.689785667000024 ], [ 33.529463061000058, 2.690034425000022 ], [ 33.529657575000044, 2.690265392000072 ], [ 33.529693061000046, 2.690567528000031 ], [ 33.529640536000045, 2.690874677000068 ], [ 33.529604911000035, 2.691083001000038 ], [ 33.52944602000008, 2.691509636000035 ], [ 33.529366314000072, 2.691675856000074 ], [ 33.529198812000061, 2.692025169000033 ], [ 33.529181301000051, 2.692433974000039 ], [ 33.529222938000032, 2.692663692000053 ], [ 33.529252174000078, 2.692824964000067 ], [ 33.529340615000024, 2.692984876000025 ], [ 33.529340708000063, 2.693198168000038 ], [ 33.529327755000054, 2.693239935000065 ], [ 33.52925245800003, 2.693482580000023 ], [ 33.529146554000079, 2.693802555000048 ], [ 33.529173117000028, 2.693918065000048 ], [ 33.529256177000036, 2.694052856000042 ], [ 33.529402810000079, 2.694290763000026 ], [ 33.529403096000067, 2.694291179000061 ], [ 33.529562115000033, 2.694457397000065 ], [ 33.52984510400006, 2.694753135000042 ], [ 33.530287120000025, 2.69512618400006 ], [ 33.530321006000065, 2.695155128000067 ], [ 33.53064074200006, 2.695428180000022 ], [ 33.530746885000042, 2.695641417000047 ], [ 33.530764640000029, 2.695836923000059 ], [ 33.530731155000069, 2.696073353000031 ], [ 33.530729400000041, 2.696085758000038 ], [ 33.530740754000078, 2.696138965000046 ], [ 33.530782524000074, 2.69633456400004 ], [ 33.53094165300007, 2.69647668600004 ], [ 33.531047757000067, 2.696618821000072 ], [ 33.531401366000068, 2.696867504000068 ], [ 33.531737303000057, 2.69715173000003 ], [ 33.531949518000033, 2.697453788000075 ], [ 33.532089373000076, 2.697696441000062 ], [ 33.53214409800006, 2.69779139000002 ], [ 33.532267918000059, 2.698040173000038 ], [ 33.532317396000053, 2.698104785000055 ], [ 33.532439583000041, 2.698264386000062 ], [ 33.532444764000047, 2.698271146000025 ], [ 33.532586177000042, 2.69832440700003 ], [ 33.53269793100003, 2.69832625600003 ], [ 33.53310758300006, 2.698333061000028 ], [ 33.533372740000061, 2.698439590000021 ], [ 33.533514191000052, 2.69858171900006 ], [ 33.533585013000049, 2.698830516000044 ], [ 33.533600297000078, 2.699044385000036 ], [ 33.533602790000032, 2.699079337000057 ], [ 33.533620202000066, 2.699099321000062 ], [ 33.533726573000024, 2.699221464000061 ], [ 33.53379736800008, 2.699452493000024 ], [ 33.533779753000033, 2.699576925000031 ], [ 33.533726083000033, 2.69959719000002 ], [ 33.533497013000044, 2.699683677000053 ], [ 33.533320288000027, 2.699754855000037 ], [ 33.53307295500008, 2.700003793000064 ], [ 33.532860993000043, 2.700306037000075 ], [ 33.532684489000076, 2.700839318000021 ], [ 33.532649373000027, 2.701390313000047 ], [ 33.532455275000075, 2.702119115000073 ], [ 33.532473116000062, 2.702510127000039 ], [ 33.532632231000036, 2.702598917000046 ], [ 33.532826701000033, 2.702723255000024 ], [ 33.532892834000052, 2.702822905000062 ], [ 33.532897451000053, 2.702829860000065 ], [ 33.532895861000043, 2.702837068000065 ], [ 33.53286216500004, 2.702989836000029 ], [ 33.532747401000051, 2.703247607000037 ], [ 33.532941949000076, 2.703549673000055 ], [ 33.533154136000064, 2.703762862000076 ], [ 33.533253454000032, 2.703912542000069 ], [ 33.533295619000057, 2.703976082000054 ], [ 33.533331108000027, 2.70427821800007 ], [ 33.533331205000025, 2.704500765000034 ], [ 33.533331224000051, 2.70454481500002 ], [ 33.533379447000073, 2.704662454000072 ], [ 33.533455077000042, 2.704846911000061 ], [ 33.533667318000028, 2.705202291000035 ], [ 33.533667412000057, 2.705415574000028 ], [ 33.533732350000037, 2.705585093000025 ], [ 33.53375589500007, 2.705646585000068 ], [ 33.533790702000033, 2.705695539000033 ], [ 33.533932750000076, 2.705895336000026 ], [ 33.53399169000005, 2.705954562000045 ], [ 33.534162625000079, 2.706126294000057 ], [ 33.534463147000054, 2.70625057500007 ], [ 33.534592235000048, 2.706282960000067 ], [ 33.534887375000039, 2.706357024000056 ], [ 33.535293995000075, 2.706605680000052 ], [ 33.535401646000025, 2.706785899000067 ], [ 33.535453189000066, 2.706872206000071 ], [ 33.535612327000024, 2.707049873000074 ], [ 33.535806801000035, 2.707138655000051 ], [ 33.535887763000062, 2.70716821700006 ], [ 33.536001239000029, 2.707209659000057 ], [ 33.536178019000033, 2.707262903000071 ], [ 33.536266438000041, 2.707387288000064 ], [ 33.53634608200008, 2.707627187000071 ], [ 33.536416848000044, 2.707787115000031 ], [ 33.536460733000069, 2.70794864800007 ], [ 33.536469960000034, 2.70798260600003 ], [ 33.536558459000048, 2.708266940000044 ], [ 33.536788357000034, 2.708568989000071 ], [ 33.537159631000065, 2.708799874000022 ], [ 33.537442499000065, 2.708977485000048 ], [ 33.537499964000062, 2.709035229000051 ], [ 33.537637002000054, 2.709172913000032 ], [ 33.537495689000025, 2.70936848100007 ], [ 33.537283664000029, 2.709528535000061 ], [ 33.537142360000075, 2.709724103000042 ], [ 33.53717778500004, 2.70991960200007 ], [ 33.537160266000058, 2.710239538000053 ], [ 33.537124750000032, 2.71031821400004 ], [ 33.537071979000075, 2.71043508300005 ], [ 33.53708972700008, 2.710612812000022 ], [ 33.537195824000037, 2.710737178000045 ], [ 33.537372660000074, 2.710914837000075 ], [ 33.537704623000025, 2.711073610000028 ], [ 33.537743902000045, 2.711092398000062 ], [ 33.537832371000036, 2.71130564200007 ], [ 33.537832496000078, 2.711590024000031 ], [ 33.537730955000029, 2.711999191000075 ], [ 33.537708986000041, 2.712087736000058 ], [ 33.537815140000077, 2.712318739000068 ], [ 33.537938862000033, 2.712318684000024 ], [ 33.538115609000045, 2.712318605000064 ], [ 33.538239332000046, 2.71231855000002 ], [ 33.538252773000067, 2.712323046000051 ], [ 33.538345390000075, 2.712354048000066 ], [ 33.538345406000076, 2.71238960200003 ], [ 33.538345469000035, 2.712531784000021 ], [ 33.538283684000078, 2.712682887000028 ], [ 33.53820250800004, 2.71283608400006 ], [ 33.538142402000062, 2.712949547000051 ], [ 33.538036475000069, 2.713233978000062 ], [ 33.537948275000076, 2.713625028000024 ], [ 33.538142898000046, 2.714069282000025 ], [ 33.538372828000035, 2.714442422000047 ], [ 33.538726379000025, 2.714566686000069 ], [ 33.538857049000057, 2.714654191000022 ], [ 33.538938538000025, 2.71470877400003 ], [ 33.538938593000069, 2.714833188000057 ], [ 33.538938641000072, 2.714939834000063 ], [ 33.53876196300007, 2.715099872000053 ], [ 33.538408912000079, 2.715313267000056 ], [ 33.538408601000071, 2.715402182000048 ], [ 33.538355679000063, 2.715615488000026 ], [ 33.538363318000052, 2.715726271000051 ], [ 33.538391245000071, 2.716130896000038 ], [ 33.538373750000062, 2.716521923000073 ], [ 33.538250091000066, 2.716664170000058 ], [ 33.538197113000024, 2.716753063000056 ], [ 33.538161787000035, 2.716824169000063 ], [ 33.538161823000053, 2.716905692000068 ], [ 33.53816183400005, 2.71693080600005 ], [ 33.538232601000061, 2.717090743000028 ], [ 33.538462431000028, 2.717215054000064 ], [ 33.538568484000052, 2.71721500600006 ], [ 33.538692181000044, 2.717179406000071 ], [ 33.539027837000049, 2.716876205000062 ], [ 33.539036705000058, 2.716868206000072 ], [ 33.539178058000061, 2.716761507000058 ], [ 33.539319482000053, 2.716832544000056 ], [ 33.539388318000078, 2.716920557000037 ], [ 33.539514010000062, 2.717081275000055 ], [ 33.539620102000072, 2.717170095000029 ], [ 33.539779126000042, 2.717045619000032 ], [ 33.539938147000044, 2.716956670000059 ], [ 33.540044262000038, 2.717098813000064 ], [ 33.540185733000044, 2.717276487000049 ], [ 33.540362641000058, 2.717614104000063 ], [ 33.540557225000043, 2.717987258000051 ], [ 33.540769352000041, 2.718076031000066 ], [ 33.541016814000045, 2.718093697000029 ], [ 33.541352774000075, 2.718413464000037 ], [ 33.541511940000078, 2.718626675000053 ], [ 33.541865690000066, 2.719195263000074 ], [ 33.542254709000076, 2.719603883000048 ], [ 33.542696597000031, 2.719639229000052 ], [ 33.54317388700008, 2.719816750000064 ], [ 33.543934044000025, 2.720118556000045 ], [ 33.544393673000059, 2.72031385300005 ], [ 33.54474717800008, 2.720349247000058 ], [ 33.544848391000073, 2.720403070000032 ], [ 33.545047720000071, 2.720509069000059 ], [ 33.545132809000052, 2.720577453000033 ], [ 33.545224533000066, 2.720651171000043 ], [ 33.545436702000075, 2.720811043000026 ], [ 33.545825627000056, 2.720988593000072 ], [ 33.546152734000032, 2.721281701000066 ], [ 33.546789194000041, 2.721636894000028 ], [ 33.547213531000068, 2.721974387000046 ], [ 33.547532032000049, 2.722365168000067 ], [ 33.547709090000069, 2.722726933000047 ], [ 33.548062586000071, 2.723449198000026 ], [ 33.548239543000079, 2.723929003000023 ], [ 33.548239808000062, 2.724515527000051 ], [ 33.548243913000078, 2.724649860000056 ], [ 33.54825775300003, 2.72510204200006 ], [ 33.548284744000057, 2.725203617000034 ], [ 33.548328578000053, 2.725368615000036 ], [ 33.548487730000033, 2.725546270000052 ], [ 33.54874415200004, 2.725839428000029 ], [ 33.548749444000066, 2.725867753000045 ], [ 33.548797298000068, 2.726123776000065 ], [ 33.54881505000003, 2.726283727000066 ], [ 33.548820234000061, 2.726320169000076 ], [ 33.548832775000051, 2.726408133000064 ], [ 33.548858711000037, 2.726412466000056 ], [ 33.548938837000037, 2.726425862000042 ], [ 33.549097908000078, 2.726425789000075 ], [ 33.549239309000029, 2.726425724000023 ], [ 33.54927243800006, 2.726447905000043 ], [ 33.549345395000046, 2.726496766000025 ], [ 33.54953991900004, 2.726727736000043 ], [ 33.549628431000031, 2.727029845000061 ], [ 33.549928983000029, 2.727225212000064 ], [ 33.550105838000036, 2.727456181000036 ], [ 33.550194366000028, 2.727793836000046 ], [ 33.55035371200006, 2.728398064000032 ], [ 33.55046, 2.728913447000025 ], [ 33.550760733000061, 2.729482054000073 ], [ 33.551158783000062, 2.730308338000043 ], [ 33.551192703000027, 2.73073211600007 ], [ 33.551194343000077, 2.730752662000043 ], [ 33.55119098800003, 2.730851566000069 ], [ 33.551176899000041, 2.731268094000029 ], [ 33.551318431000027, 2.731552411000052 ], [ 33.551476046000062, 2.731710759000066 ], [ 33.551601356000049, 2.731836663000024 ], [ 33.551919564000059, 2.732240466000064 ], [ 33.551937373000044, 2.732263061000026 ], [ 33.552131849000034, 2.732387386000028 ], [ 33.552467689000025, 2.732405007000068 ], [ 33.552732838000054, 2.732475976000046 ], [ 33.552891942000031, 2.732546993000028 ], [ 33.552926939000031, 2.732528208000076 ], [ 33.553157002000034, 2.732404688000031 ], [ 33.553315976000079, 2.73219133300006 ], [ 33.553510998000036, 2.732121179000046 ], [ 33.553516064000064, 2.732119361000059 ], [ 33.55356338100006, 2.732102350000048 ], [ 33.553828490000058, 2.73206667200003 ], [ 33.553987602000063, 2.732155466000052 ], [ 33.554129078000074, 2.732315369000048 ], [ 33.554146797000044, 2.732422007000025 ], [ 33.554146863000028, 2.732567496000058 ], [ 33.554146887000059, 2.732617512000047 ], [ 33.55419997000007, 2.732741891000046 ], [ 33.554365701000052, 2.732817546000035 ], [ 33.554394440000067, 2.732830669000066 ], [ 33.554553536000071, 2.732883927000046 ], [ 33.554641960000026, 2.732990522000023 ], [ 33.554624379000074, 2.733203813000046 ], [ 33.554536086000041, 2.733381589000032 ], [ 33.554394775000048, 2.733559392000075 ], [ 33.554377154000065, 2.733683814000074 ], [ 33.554430228000058, 2.733808193000073 ], [ 33.554505953000046, 2.733865242000036 ], [ 33.554571679000048, 2.733914773000038 ], [ 33.554695419000041, 2.733932494000044 ], [ 33.554765301000032, 2.733862148000071 ], [ 33.554889750000029, 2.733736889000056 ], [ 33.555031143000065, 2.733736823000072 ], [ 33.555181507000043, 2.734012251000024 ], [ 33.555196803000058, 2.734021471000062 ], [ 33.555388495000045, 2.734136995000028 ], [ 33.555446706000055, 2.734172078000029 ], [ 33.555517518000045, 2.734403104000023 ], [ 33.555499970000028, 2.73468749400007 ], [ 33.555500110000025, 2.734989644000052 ], [ 33.55548260300003, 2.735362893000058 ], [ 33.555358986000044, 2.73559399100003 ], [ 33.555200028000058, 2.735842902000059 ], [ 33.555183873000033, 2.736071782000067 ], [ 33.55518246400004, 2.736091737000038 ], [ 33.555186133000063, 2.736099091000028 ], [ 33.555253226000048, 2.736233895000055 ], [ 33.555465440000035, 2.736464847000036 ], [ 33.555571584000063, 2.736678079000058 ], [ 33.555730770000025, 2.73692684100007 ], [ 33.55594547100003, 2.737291811000034 ], [ 33.555960730000038, 2.737317752000024 ], [ 33.556314443000076, 2.737797464000039 ], [ 33.556783142000029, 2.738463743000068 ], [ 33.557278367000038, 2.739174457000047 ], [ 33.557649686000047, 2.739494210000032 ], [ 33.557843534000028, 2.739510359000064 ], [ 33.558073912000054, 2.739529547000075 ], [ 33.55842739600007, 2.739511614000037 ], [ 33.558639496000069, 2.739511514000071 ], [ 33.558904679000079, 2.739653571000076 ], [ 33.559116886000027, 2.739866763000066 ], [ 33.55912896600006, 2.739889685000037 ], [ 33.559276091000072, 2.740168838000045 ], [ 33.559276264000061, 2.740542079000022 ], [ 33.559279516000061, 2.740581013000053 ], [ 33.559294042000033, 2.740755352000065 ], [ 33.559541614000068, 2.741021831000069 ], [ 33.559709702000077, 2.741174614000045 ], [ 33.559815517000061, 2.741270797000027 ], [ 33.559912952000047, 2.741359361000036 ], [ 33.560425743000053, 2.74183899600007 ], [ 33.56063802400007, 2.742229914000063 ], [ 33.560761981000041, 2.742709742000045 ], [ 33.560753365000039, 2.743198506000056 ], [ 33.560753556000066, 2.743607301000054 ], [ 33.560877396000024, 2.743856061000031 ], [ 33.561124903000064, 2.743962589000034 ], [ 33.561443114000042, 2.74412240700002 ], [ 33.561832142000071, 2.744495464000067 ], [ 33.562026705000051, 2.744779744000027 ], [ 33.562026163000041, 2.744782468000039 ], [ 33.561991439000053, 2.74495749700003 ], [ 33.561867815000028, 2.745170837000046 ], [ 33.561815347000049, 2.745284020000042 ], [ 33.561744206000071, 2.745437491000075 ], [ 33.561744280000028, 2.745597449000059 ], [ 33.561850510000056, 2.745970640000053 ], [ 33.562098201000026, 2.746468186000072 ], [ 33.562522577000038, 2.746858993000046 ], [ 33.562823137000066, 2.747036596000044 ], [ 33.563052916000061, 2.747036487000059 ], [ 33.56337095400005, 2.746805277000021 ], [ 33.563618370000029, 2.746734070000059 ], [ 33.563901227000031, 2.746840580000026 ], [ 33.564042688000029, 2.746982695000042 ], [ 33.56425493900008, 2.747302512000033 ], [ 33.564467124000032, 2.747480147000033 ], [ 33.564648263000038, 2.747546288000024 ], [ 33.564661579000074, 2.747551145000045 ], [ 33.564803006000034, 2.747622168000021 ], [ 33.564820718000078, 2.747693260000062 ], [ 33.564803148000067, 2.747924318000059 ], [ 33.56467073500005, 2.748235424000029 ], [ 33.564533160000053, 2.748443148000035 ], [ 33.564529441000047, 2.748448764000045 ], [ 33.564529446000051, 2.74846049100006 ], [ 33.564529591000053, 2.74876869000002 ], [ 33.564581093000072, 2.749245679000069 ], [ 33.564600598000027, 2.749426269000026 ], [ 33.564830571000073, 2.74983495500004 ], [ 33.565087903000062, 2.750298061000024 ], [ 33.565255123000043, 2.750599 ], [ 33.56527774500006, 2.750667135000072 ], [ 33.565538334000053, 2.751452 ], [ 33.565644648000045, 2.752020703000028 ], [ 33.565645146000065, 2.752021712000044 ], [ 33.565727227000025, 2.752190183000039 ], [ 33.565836511000043, 2.752414464000026 ], [ 33.565848122000034, 2.752438276000021 ], [ 33.566025058000037, 2.752846986000065 ], [ 33.56629054800004, 2.75361110700004 ], [ 33.566467485000032, 2.754019818000074 ], [ 33.56659129600007, 2.754179717000056 ], [ 33.566715055000031, 2.75425074900005 ], [ 33.566980167000054, 2.754232844000057 ], [ 33.567227634000062, 2.754268280000076 ], [ 33.567636389000029, 2.754580350000026 ], [ 33.567669677000026, 2.754605763000029 ], [ 33.568204133000052, 2.755199190000042 ], [ 33.568341685000064, 2.755351921000056 ], [ 33.568872088000035, 2.755671593000045 ], [ 33.569208132000028, 2.755759976000036 ], [ 33.569420111000056, 2.755849056000045 ], [ 33.569579261000058, 2.756008938000036 ], [ 33.569685477000064, 2.756364359000031 ], [ 33.569774022000047, 2.756719789000044 ], [ 33.569889069000055, 2.757066312000063 ], [ 33.570125885000039, 2.757232835000025 ], [ 33.570419507000054, 2.75743929600003 ], [ 33.570613501000025, 2.757581708000032 ], [ 33.570879221000041, 2.757776769000031 ], [ 33.571162361000063, 2.758487566000042 ], [ 33.571427251000046, 2.759160354000073 ], [ 33.571463206000033, 2.759251677000066 ], [ 33.571746184000062, 2.75962478100007 ], [ 33.57218810300003, 2.759677889000045 ], [ 33.572470886000076, 2.75964220700007 ], [ 33.572859607000055, 2.759357647000058 ], [ 33.573177686000065, 2.75923307000005 ], [ 33.573513524000077, 2.759232907000069 ], [ 33.574096949000079, 2.759534773000041 ], [ 33.574698095000031, 2.75992549800003 ], [ 33.574905012000045, 2.760177503000023 ], [ 33.575697331000072, 2.761142491000044 ], [ 33.576280834000045, 2.761604314000067 ], [ 33.576642734000075, 2.761660990000053 ], [ 33.576804410000079, 2.76168632100007 ], [ 33.576846479000039, 2.761692906000064 ], [ 33.577270743000042, 2.761834889000056 ], [ 33.577447575000065, 2.761976993000076 ], [ 33.577572434000047, 2.762013857000056 ], [ 33.577748089000067, 2.762065714000073 ], [ 33.578101570000058, 2.762012209000034 ], [ 33.578435506000062, 2.761982855000042 ], [ 33.578508089000024, 2.761976474000051 ], [ 33.578573704000064, 2.762000741000065 ], [ 33.578749836000043, 2.762065899000049 ], [ 33.578843969000047, 2.762100714000042 ], [ 33.579091516000062, 2.762278327000047 ], [ 33.579268425000066, 2.76259815700007 ], [ 33.579569129000049, 2.763060117000066 ], [ 33.579887520000057, 2.763575390000028 ], [ 33.580046725000045, 2.763824147000037 ], [ 33.580029262000039, 2.76425070800002 ], [ 33.579870394000068, 2.764695135000068 ], [ 33.579817625000032, 2.765228348000051 ], [ 33.579862047000063, 2.76569932700005 ], [ 33.58009220200006, 2.76646346900003 ], [ 33.580516590000059, 2.76685427700005 ], [ 33.581170874000065, 2.767476010000053 ], [ 33.581913372000031, 2.767742257000066 ], [ 33.582585188000053, 2.768061842000066 ], [ 33.583150948000025, 2.768363710000074 ], [ 33.583663655000066, 2.768612282000049 ], [ 33.584045633000073, 2.768748373000051 ], [ 33.584211675000063, 2.768807523000021 ], [ 33.584645184000067, 2.76898675700005 ], [ 33.584812760000034, 2.769056041000056 ], [ 33.585413853000034, 2.769322346000024 ], [ 33.586001546000034, 2.76959699400004 ], [ 33.586306658000069, 2.769739579000031 ], [ 33.586552390000065, 2.769986430000074 ], [ 33.58671339700004, 2.770148161000066 ], [ 33.586978774000045, 2.770663457000069 ], [ 33.587014272000033, 2.770965588000024 ], [ 33.587085190000039, 2.771392114000037 ], [ 33.587156055000037, 2.771729772000072 ], [ 33.587226911000073, 2.772049653000067 ], [ 33.58735073400004, 2.772245103000046 ], [ 33.587757430000067, 2.772564816000056 ], [ 33.588358552000045, 2.772884432000069 ], [ 33.588534664000065, 2.772997835000069 ], [ 33.588951718000033, 2.773266360000036 ], [ 33.589860041000065, 2.773851210000032 ], [ 33.590082442000039, 2.773994400000049 ], [ 33.590984198000058, 2.774616020000053 ], [ 33.591373252000039, 2.77500684000006 ], [ 33.591522952000048, 2.775121830000046 ], [ 33.591673850000063, 2.775237737000054 ], [ 33.59202738700003, 2.775308659000075 ], [ 33.592575367000052, 2.775415028000054 ], [ 33.592999620000057, 2.77548590400005 ], [ 33.593512332000046, 2.775734462000059 ], [ 33.59411349100003, 2.776142951000054 ], [ 33.594508328000074, 2.776432782000029 ], [ 33.594573229000048, 2.776480411000023 ], [ 33.595015241000056, 2.776746789000072 ], [ 33.595634010000026, 2.776995293000027 ], [ 33.59580984400003, 2.777103988000022 ], [ 33.596093702000076, 2.77727943900004 ], [ 33.59662406800004, 2.777492450000068 ], [ 33.596812524000029, 2.777567623000039 ], [ 33.597269355000037, 2.777749831000051 ], [ 33.598012681000057, 2.77797939800007 ], [ 33.598188616000073, 2.778033743000037 ], [ 33.598931248000042, 2.778566570000066 ], [ 33.599027209000042, 2.778642113000046 ], [ 33.599585503000071, 2.779081654000038 ], [ 33.599938930000064, 2.779459577000068 ], [ 33.60008038400008, 2.779610835000028 ], [ 33.600133736000032, 2.779667891000031 ], [ 33.600664408000057, 2.78048519500004 ], [ 33.601416512000071, 2.782253246000039 ], [ 33.602053523000052, 2.783639244000028 ], [ 33.60269032900004, 2.784580894000044 ], [ 33.603433211000038, 2.785593598000048 ], [ 33.603760112000032, 2.786863586000038 ], [ 33.603756770000075, 2.787320838000028 ], [ 33.603750950000062, 2.788119990000041 ], [ 33.603738656000075, 2.789806679000037 ], [ 33.603740687000027, 2.793782226000076 ], [ 33.603763097000069, 2.798759695000058 ], [ 33.603765269000064, 2.799240473000054 ], [ 33.603764649000027, 2.799954767000031 ], [ 33.60386032200006, 2.803919814000039 ], [ 33.60386068300005, 2.804620053000065 ], [ 33.60386131100006, 2.805844816000047 ], [ 33.603883133000068, 2.807811652000055 ], [ 33.603871155000036, 2.808166525000047 ], [ 33.603821034000077, 2.809650051000062 ], [ 33.603780652000069, 2.810845682000036 ], [ 33.603821666000044, 2.81136026300004 ], [ 33.60387490100004, 2.812027829000044 ], [ 33.603917486000057, 2.813910964000058 ], [ 33.603898559000072, 2.815924852000023 ], [ 33.603893493000044, 2.816463868000028 ], [ 33.603887895000071, 2.81706003100004 ], [ 33.603924352000035, 2.819310358000052 ], [ 33.603941633000034, 2.820376441000064 ], [ 33.603984124000078, 2.822071263000055 ], [ 33.603996617000064, 2.826099114000044 ], [ 33.603935264000029, 2.82819153500003 ], [ 33.603926906000027, 2.832135700000038 ], [ 33.603939452000077, 2.836268166000025 ], [ 33.603933675000064, 2.83685513100005 ], [ 33.603919683000072, 2.838276875000076 ], [ 33.603969113000062, 2.84035289600007 ], [ 33.603994149000073, 2.841404960000034 ], [ 33.603973815000074, 2.842325632000041 ], [ 33.603995564000058, 2.844125078000047 ], [ 33.603944687000023, 2.846332577000055 ], [ 33.604028954000057, 2.848299387000054 ], [ 33.604019608000044, 2.850339467000026 ], [ 33.604040934000068, 2.851322888000027 ], [ 33.604103898000062, 2.852327195000044 ], [ 33.60422933600006, 2.853436103000035 ], [ 33.604417106000028, 2.854356654000071 ], [ 33.604656975000069, 2.855413190000036 ], [ 33.604791132000059, 2.856032133000042 ], [ 33.604865580000023, 2.856375565000064 ], [ 33.60489042100005, 2.856448597000053 ], [ 33.605157365000025, 2.857233300000075 ], [ 33.605231367000044, 2.857741619000024 ], [ 33.605303565000042, 2.858237572000064 ], [ 33.605405284000028, 2.859598392000066 ], [ 33.605460742000048, 2.860340344000065 ], [ 33.605432317000066, 2.861582684000041 ], [ 33.605420049000031, 2.862118896000027 ], [ 33.605420632000062, 2.863227860000052 ], [ 33.605403021000029, 2.863376182000025 ], [ 33.605296331000034, 2.864274119000072 ], [ 33.604977035000047, 2.864928681000038 ], [ 33.604433632000053, 2.866042649000065 ], [ 33.604388196000059, 2.866157044000033 ], [ 33.60412055900008, 2.866830819000029 ], [ 33.604101108000066, 2.866879788000062 ], [ 33.604094314000065, 2.86704938400004 ], [ 33.604078835000053, 2.867435588000035 ], [ 33.604060029000038, 2.867905077000046 ], [ 33.604247891000057, 2.868993024000076 ], [ 33.604437336000046, 2.869392488000074 ], [ 33.604456217000063, 2.869432321000033 ], [ 33.604539669000076, 2.869808904000024 ], [ 33.604539811000052, 2.870080907000045 ], [ 33.604432447000079, 2.870273919000056 ], [ 33.604373251000027, 2.870380316000023 ], [ 33.604248738000024, 2.870604158000049 ], [ 33.603957446000038, 2.870708938000064 ], [ 33.60392461400005, 2.870703628000058 ], [ 33.603312273000029, 2.870604656000069 ], [ 33.602417380000077, 2.870500514000071 ], [ 33.601605709000069, 2.870375402000036 ], [ 33.601115897000057, 2.870417580000037 ], [ 33.600627671000041, 2.870459608000033 ], [ 33.599712127000032, 2.870669341000053 ], [ 33.59886952100004, 2.871098726000071 ], [ 33.597870982000074, 2.871768819000067 ], [ 33.596227519000024, 2.87283680400003 ], [ 33.594542460000071, 2.873967571000037 ], [ 33.593710212000076, 2.874302791000048 ], [ 33.592711396000027, 2.874449782000056 ], [ 33.590890854000065, 2.875151694000067 ], [ 33.589373102000025, 2.876101891000076 ], [ 33.589184939000063, 2.876219695000032 ], [ 33.58901987400003, 2.876336857000069 ], [ 33.588827685000069, 2.876473254000075 ], [ 33.587562307000042, 2.877371349000043 ], [ 33.585648277000075, 2.878418545000045 ], [ 33.581996824000043, 2.879958346000024 ], [ 33.581300474000045, 2.880017861000056 ], [ 33.580519335000076, 2.880084637000039 ], [ 33.579809820000037, 2.880185485000027 ], [ 33.579041887000074, 2.88029464400006 ], [ 33.577848462000077, 2.880295253000043 ], [ 33.577772441000036, 2.880295292000028 ], [ 33.57721067500006, 2.880525738000074 ], [ 33.57706515700005, 2.880839670000057 ], [ 33.576982111000063, 2.881216351000035 ], [ 33.576961405000077, 2.881446521000044 ], [ 33.576876588000061, 2.882658751000065 ], [ 33.576682474000052, 2.885432692000052 ], [ 33.576175148000061, 2.890444243000047 ], [ 33.575646977000076, 2.89541396900006 ], [ 33.575626618000058, 2.896313717000055 ], [ 33.575015252000071, 2.901367175000075 ], [ 33.574653108000064, 2.905416161000062 ], [ 33.574187326000072, 2.910281231000056 ], [ 33.574104620000071, 2.91134839800003 ], [ 33.573721694000028, 2.91546015800003 ], [ 33.573514406000072, 2.917071415000066 ], [ 33.572964953000053, 2.92112049900004 ], [ 33.572737995000068, 2.922228269000072 ], [ 33.572570523000024, 2.923045710000054 ], [ 33.572546451000051, 2.923362341000029 ], [ 33.572297155000058, 2.926642727000058 ], [ 33.572270759000048, 2.926990031000059 ], [ 33.572146455000052, 2.928099074000045 ], [ 33.572137975000032, 2.928292998000074 ], [ 33.572105304000047, 2.929040678000035 ], [ 33.571893920000036, 2.929826977000062 ], [ 33.571815500000071, 2.930118698000058 ], [ 33.571664464000037, 2.930680550000034 ], [ 33.57156522300005, 2.931049663000067 ], [ 33.571024950000037, 2.932682009000075 ], [ 33.570682056000066, 2.933655153000075 ], [ 33.570567754000024, 2.933958610000047 ], [ 33.570630624000046, 2.934837390000041 ], [ 33.570860077000077, 2.93586255200006 ], [ 33.571047891000035, 2.936866801000065 ], [ 33.571464542000058, 2.937682626000026 ], [ 33.572016598000062, 2.938759926000046 ], [ 33.572321315000067, 2.939173981000067 ], [ 33.573078732000056, 2.940203133000068 ], [ 33.574307386000044, 2.941688105000026 ], [ 33.57505709600008, 2.942650216000061 ], [ 33.575356766000027, 2.942902387000061 ], [ 33.575827470000036, 2.943298467000034 ], [ 33.577545021000049, 2.94443792800007 ], [ 33.577977303000068, 2.944692040000064 ], [ 33.578878061000069, 2.945221514000025 ], [ 33.579252102000055, 2.945441390000042 ], [ 33.580084892000059, 2.946047741000029 ], [ 33.57988457600004, 2.946720332000041 ], [ 33.579773250000073, 2.947094110000023 ], [ 33.579739762000031, 2.947458167000036 ], [ 33.579690476000053, 2.947993890000021 ], [ 33.579545302000042, 2.948977382000066 ], [ 33.57961868700005, 2.950034008000046 ], [ 33.57976476500005, 2.950808116000076 ], [ 33.580056622000029, 2.95174955300007 ], [ 33.580108316000064, 2.952002983000057 ], [ 33.580244406000077, 2.952670108000063 ], [ 33.580427944000064, 2.95345250500003 ], [ 33.580578136000042, 2.954092758000058 ], [ 33.580485001000056, 2.955086691000076 ], [ 33.580298141000071, 2.955944671000054 ], [ 33.579861453000035, 2.956656332000023 ], [ 33.579216837000047, 2.957702867000023 ], [ 33.578802131000032, 2.958534602000043 ], [ 33.578614357000049, 2.958911191000027 ], [ 33.578581929000052, 2.958976230000076 ], [ 33.577875850000055, 2.960392302000059 ], [ 33.577668216000063, 2.961333983000031 ], [ 33.577423081000063, 2.961921658000051 ], [ 33.577231718000064, 2.962380408000058 ], [ 33.57691992000008, 2.963133838000033 ], [ 33.575869862000047, 2.964986165000028 ], [ 33.57545417800003, 2.966053506000037 ], [ 33.575436644000035, 2.966177353000035 ], [ 33.575329752000073, 2.966932381000049 ], [ 33.575434327000039, 2.967915742000059 ], [ 33.575559783000074, 2.969024655000055 ], [ 33.575569281000071, 2.969215581000071 ], [ 33.575612346000071, 2.97008128300007 ], [ 33.57559204100005, 2.970142648000035 ], [ 33.575321444000053, 2.970960254000033 ], [ 33.575072156000033, 2.971860112000059 ], [ 33.57476048500007, 2.972864619000063 ], [ 33.574365560000047, 2.973827334000021 ], [ 33.574293214000079, 2.974800338000023 ], [ 33.57431088900006, 2.974944872000037 ], [ 33.574418628000046, 2.975825543000042 ], [ 33.574606924000079, 2.977729534000048 ], [ 33.574711472000047, 2.978671051000049 ], [ 33.574930506000044, 2.979643912000029 ], [ 33.575139184000079, 2.98069 ], [ 33.575264451000066, 2.981464118000076 ], [ 33.575119273000041, 2.982447629000035 ], [ 33.575036399000055, 2.983159085000068 ], [ 33.57417367100004, 2.985074078000025 ], [ 33.573550115000046, 2.986643701000048 ], [ 33.573155232000033, 2.987731968000048 ], [ 33.572923957000057, 2.988279867000074 ], [ 33.572801859000037, 2.988569110000071 ], [ 33.572583790000067, 2.98945849200004 ], [ 33.572605060000058, 2.990337282000041 ], [ 33.57275181600005, 2.992387764000057 ], [ 33.572773678000033, 2.994417375000069 ], [ 33.572774222000078, 2.99546358200007 ], [ 33.572795549000034, 2.99644698700007 ], [ 33.572980013000063, 2.997134393000067 ], [ 33.571916035000072, 2.998797100000047 ], [ 33.571102116000077, 3.000543187000062 ], [ 33.57090872200007, 3.001858275000075 ], [ 33.570835002000024, 3.002934164000067 ], [ 33.570748608000031, 3.00398423300004 ], [ 33.57049270400006, 3.007094335000033 ], [ 33.570075398000029, 3.012951968000039 ], [ 33.569573917000071, 3.019180253000059 ], [ 33.569000679000055, 3.025528154000028 ], [ 33.568190345000062, 3.037028239000051 ], [ 33.567810655000073, 3.037029393000068 ], [ 33.565626166000072, 3.065005012000029 ], [ 33.560880161000057, 3.12577969900002 ], [ 33.559523184000057, 3.147677463000036 ], [ 33.559512755000071, 3.14797642000002 ], [ 33.559510504000059, 3.14804104600006 ], [ 33.559509959000025, 3.148056748000045 ], [ 33.559479769000063, 3.148922123000034 ], [ 33.559478771000045, 3.148935244000029 ], [ 33.558694595000077, 3.159235297000066 ], [ 33.55723501600005, 3.17840657000005 ], [ 33.556857899000079, 3.182185868000033 ], [ 33.556841509000037, 3.182372005000047 ], [ 33.55617131200006, 3.189983441000038 ], [ 33.555399949000048, 3.196862408000072 ], [ 33.554826545000026, 3.201011261000076 ], [ 33.554494233000071, 3.203415552000024 ], [ 33.554150354000058, 3.209497522000049 ], [ 33.553993177000052, 3.215403541000057 ], [ 33.553975834000028, 3.218413197000075 ], [ 33.553959315000043, 3.221278367000025 ], [ 33.553067965000025, 3.232901819000062 ], [ 33.552685444000076, 3.239249517000076 ], [ 33.551761980000038, 3.247002918000021 ], [ 33.551762078000024, 3.247182403000068 ], [ 33.551513021000062, 3.249013647000027 ], [ 33.550998554000046, 3.255422815000031 ], [ 33.550896764000072, 3.256952712000043 ], [ 33.550785940000026, 3.258618391000027 ], [ 33.550807508000048, 3.265422184000045 ], [ 33.550558504000037, 3.267325231000029 ], [ 33.550774998000065, 3.271310465000056 ], [ 33.550670324000066, 3.275870332000068 ], [ 33.550814100000025, 3.277485930000068 ], [ 33.550672524000049, 3.279891579000036 ], [ 33.550520212000038, 3.281461967000041 ], [ 33.550624108000079, 3.281559534000053 ], [ 33.551367282000058, 3.281817637000074 ], [ 33.551805628000068, 3.281711650000034 ], [ 33.552081661000045, 3.281644908000033 ], [ 33.552910328000053, 3.281472104000045 ], [ 33.553424394000047, 3.280839927000045 ], [ 33.553767075000053, 3.280380146000027 ], [ 33.554024119000076, 3.280064045000074 ], [ 33.554624241000056, 3.280063711000025 ], [ 33.554967134000037, 3.27994860900003 ], [ 33.555510153000057, 3.280034488000069 ], [ 33.556196127000078, 3.28020645700002 ], [ 33.556767810000053, 3.280378473000042 ], [ 33.557466747000035, 3.280288016000043 ], [ 33.557882279000069, 3.280234237000059 ], [ 33.558528813000066, 3.279800492000049 ], [ 33.559277008000038, 3.280177389000073 ], [ 33.559735080000053, 3.280165473000068 ], [ 33.55979220200004, 3.280163984000069 ], [ 33.559787467000035, 3.280584805000046 ], [ 33.55975933600007, 3.280983717000026 ], [ 33.559844615000031, 3.281382566000048 ], [ 33.559986502000072, 3.281610426000043 ], [ 33.560270070000058, 3.281695744000046 ], [ 33.560808743000052, 3.281666949000055 ], [ 33.561177192000059, 3.281438800000046 ], [ 33.561687274000064, 3.280982631000029 ], [ 33.562168876000044, 3.280298538000068 ], [ 33.562565501000051, 3.27975695400005 ], [ 33.562820589000069, 3.279614347000063 ], [ 33.563387612000042, 3.279585534000034 ], [ 33.564294987000039, 3.279784468000059 ], [ 33.565060603000063, 3.279983482000034 ], [ 33.565542699000048, 3.280182656000022 ], [ 33.566421609000031, 3.280182156000023 ], [ 33.56721544800007, 3.280153212000073 ], [ 33.567754136000076, 3.280152905000023 ], [ 33.568264520000071, 3.280238091000058 ], [ 33.568576456000073, 3.280351884000027 ], [ 33.569171911000069, 3.280465513000024 ], [ 33.569512200000077, 3.280579288000069 ], [ 33.569965847000049, 3.280607521000036 ], [ 33.57039099800005, 3.280379338000046 ], [ 33.571099570000058, 3.27998003600004 ], [ 33.571524557000032, 3.279466927000044 ], [ 33.572204793000026, 3.279096133000053 ], [ 33.572828405000052, 3.278867834000039 ], [ 33.573480482000036, 3.27883896700007 ], [ 33.574075856000036, 3.278810131000057 ], [ 33.574614477000068, 3.278695850000076 ], [ 33.57529475900003, 3.278410532000066 ], [ 33.575549812000077, 3.278210938000029 ], [ 33.575918093000041, 3.277697859000057 ], [ 33.576314774000025, 3.277270243000032 ], [ 33.576966703000039, 3.276984940000034 ], [ 33.577533575000075, 3.276699687000075 ], [ 33.578128751000065, 3.276328940000042 ], [ 33.578327017000049, 3.275986914000043 ], [ 33.578440245000024, 3.27567343100003 ], [ 33.578439950000075, 3.275160567000057 ], [ 33.578524694000066, 3.274619160000043 ], [ 33.579233472000055, 3.274590256000067 ], [ 33.579658879000078, 3.274817949000067 ], [ 33.580112556000074, 3.274903162000044 ], [ 33.580764646000034, 3.274902782000026 ], [ 33.581161670000029, 3.275073506000069 ], [ 33.581417, 3.27535828200007 ], [ 33.581643979000035, 3.275643074000072 ], [ 33.582012667000072, 3.275842307000062 ], [ 33.582466196000041, 3.275671087000035 ], [ 33.582551070000079, 3.275357620000023 ], [ 33.582437070000026, 3.274331958000062 ], [ 33.582691790000069, 3.273562512000069 ], [ 33.582748296000034, 3.273220569000046 ], [ 33.582776466000041, 3.272907135000025 ], [ 33.583173192000061, 3.272564994000049 ], [ 33.584959562000051, 3.27293435100006 ], [ 33.585158140000033, 3.273133681000047 ], [ 33.584988212000042, 3.273447198000042 ], [ 33.584846768000034, 3.273988638000048 ], [ 33.584818664000068, 3.274416041000052 ], [ 33.584903835000034, 3.274615439000058 ], [ 33.585102264000056, 3.27455833700003 ], [ 33.585357330000079, 3.274387232000038 ], [ 33.585584194000035, 3.27447257700004 ], [ 33.585641096000074, 3.274814453000033 ], [ 33.585726400000055, 3.275241790000052 ], [ 33.585811621000062, 3.27552666400004 ], [ 33.585981798000034, 3.275640534000047 ], [ 33.586321802000043, 3.275269932000072 ], [ 33.586576752000042, 3.274899381000068 ], [ 33.586973477000072, 3.274557237000067 ], [ 33.587370351000061, 3.27447152600007 ], [ 33.587767292000024, 3.274499785000046 ], [ 33.587937486000044, 3.274642147000066 ], [ 33.588164416000041, 3.274841460000061 ], [ 33.588362894000056, 3.27486983600005 ], [ 33.588561356000071, 3.274869719000037 ], [ 33.589043285000059, 3.274783956000022 ], [ 33.58938355500004, 3.274869233000061 ], [ 33.589638821000051, 3.275040036000064 ], [ 33.59000754300007, 3.275296250000054 ], [ 33.590347948000044, 3.275609466000049 ], [ 33.590744939000047, 3.275723199000026 ], [ 33.591170231000035, 3.275751440000022 ], [ 33.591595507000079, 3.275751188000072 ], [ 33.591879024000036, 3.27575102000003 ], [ 33.592389339000079, 3.275722224000049 ], [ 33.592672855000046, 3.275722056000063 ], [ 33.592871335000041, 3.275750430000073 ], [ 33.593069846000049, 3.275835789000041 ], [ 33.593325113000049, 3.276006592000044 ], [ 33.59355196000007, 3.276063441000076 ], [ 33.593665183000041, 3.275749957000073 ], [ 33.593863426000041, 3.275379437000026 ], [ 33.594090004000066, 3.274980409000023 ], [ 33.594600368000044, 3.275037089000023 ], [ 33.594969075000051, 3.275264809000021 ], [ 33.595451188000027, 3.275492460000066 ], [ 33.595791493000036, 3.275634719000038 ], [ 33.596556989000078, 3.27563426100005 ], [ 33.597095671000034, 3.275633938000055 ], [ 33.597464259000049, 3.275662211000054 ], [ 33.597691174000033, 3.275833029000069 ], [ 33.597889738000049, 3.276003864000074 ], [ 33.598060068000052, 3.276374163000071 ], [ 33.598145140000042, 3.276402605000044 ], [ 33.598343399000044, 3.27606057600002 ], [ 33.598456433000024, 3.275433676000034 ], [ 33.598711242000036, 3.27483518300005 ], [ 33.599022856000033, 3.274407609000036 ], [ 33.599050886000043, 3.273866238000039 ], [ 33.599163987000054, 3.273353306000047 ], [ 33.598936886000047, 3.272869072000049 ], [ 33.598993454000038, 3.272641100000044 ], [ 33.599446961000069, 3.272441380000032 ], [ 33.600099149000073, 3.272611943000072 ], [ 33.600467890000061, 3.27289664400007 ], [ 33.600723274000075, 3.273266892000038 ], [ 33.601205354000058, 3.273437555000044 ], [ 33.601630628000066, 3.273437299000022 ], [ 33.602152652000029, 3.273010184000043 ], [ 33.602260849000061, 3.272628747000056 ], [ 33.60240516600004, 3.272210967000035 ], [ 33.602585679000072, 3.271883968000054 ], [ 33.602730027000064, 3.271520670000029 ], [ 33.602820056000041, 3.270975799000041 ], [ 33.603271325000037, 3.270140140000024 ], [ 33.604282624000064, 3.269031735000056 ], [ 33.605113422000045, 3.268268489000036 ], [ 33.606016435000072, 3.267396236000025 ], [ 33.606178875000069, 3.267069247000052 ], [ 33.606250983000052, 3.266778634000048 ], [ 33.606268880000073, 3.266488054000035 ], [ 33.606503406000058, 3.265834133000055 ], [ 33.606792417000065, 3.26563419200005 ], [ 33.607009101000074, 3.265361651000035 ], [ 33.607189589000029, 3.264998331000072 ], [ 33.607261697000069, 3.264707719000057 ], [ 33.607406121000054, 3.26447154400006 ], [ 33.607496386000037, 3.264326205000032 ], [ 33.607550423000077, 3.264035604000071 ], [ 33.607730977000074, 3.263781245000075 ], [ 33.608002037000063, 3.263781081000047 ], [ 33.608164891000058, 3.26414419300005 ], [ 33.608616811000047, 3.264398166000035 ], [ 33.608978300000047, 3.264525069000058 ], [ 33.609357794000061, 3.264542999000071 ], [ 33.609737190000033, 3.264397484000028 ], [ 33.609917689000042, 3.264052323000044 ], [ 33.610260965000066, 3.263943150000046 ], [ 33.610676480000052, 3.263761292000027 ], [ 33.611128092000058, 3.26350676800007 ], [ 33.611417287000052, 3.263615555000058 ], [ 33.611543892000043, 3.263797083000043 ], [ 33.611923408000052, 3.263851333000048 ], [ 33.612140256000032, 3.263851200000033 ], [ 33.61253761100005, 3.263524067000048 ], [ 33.612826631000075, 3.263342285000022 ], [ 33.613386809000076, 3.263323781000054 ], [ 33.613766336000026, 3.263396190000037 ], [ 33.614236216000052, 3.263468544000034 ], [ 33.614471200000025, 3.263577363000024 ], [ 33.614724145000025, 3.263504565000062 ], [ 33.615031323000039, 3.263468055000033 ], [ 33.615266330000054, 3.263613195000062 ], [ 33.615519440000071, 3.263812805000043 ], [ 33.615881040000033, 3.264121312000043 ], [ 33.616116047000048, 3.264266451000026 ], [ 33.61644138500003, 3.26437521400004 ], [ 33.616766633000054, 3.264338692000024 ], [ 33.616965288000074, 3.264138804000027 ], [ 33.617326634000051, 3.264029618000052 ], [ 33.617507485000033, 3.264265593000061 ], [ 33.617869075000044, 3.264555938000058 ], [ 33.618194479000067, 3.264773663000028 ], [ 33.618429497000079, 3.264936962000036 ], [ 33.61866449300004, 3.265063940000061 ], [ 33.618917460000034, 3.265027463000024 ], [ 33.619242598000028, 3.264809335000052 ], [ 33.619477505000077, 3.264791030000026 ], [ 33.619640218000029, 3.264918052000041 ], [ 33.619875259000025, 3.265117672000031 ], [ 33.620236760000068, 3.265262732000053 ], [ 33.620525802000031, 3.265117269000029 ], [ 33.620887125000024, 3.264971761000027 ], [ 33.621483388000058, 3.264862427000025 ], [ 33.621862859000032, 3.264844030000063 ], [ 33.622278484000049, 3.264843772000063 ], [ 33.622766469000055, 3.264970592000054 ], [ 33.62310986600005, 3.265061180000032 ], [ 33.623525523000069, 3.265115403000038 ], [ 33.623688024000046, 3.264897376000022 ], [ 33.623742079000067, 3.264643095000054 ], [ 33.623687721000067, 3.264407042000073 ], [ 33.623759892000066, 3.264225392000071 ], [ 33.623940441000059, 3.263971033000075 ], [ 33.624121012000046, 3.263752995000061 ], [ 33.624084591000042, 3.263299006000068 ], [ 33.62417473000005, 3.26295390000007 ], [ 33.62428292900006, 3.262590622000062 ], [ 33.624427393000076, 3.262427087000049 ], [ 33.624644127000067, 3.262245347000032 ], [ 33.624933144000067, 3.262063562000037 ], [ 33.62504145500003, 3.261881890000041 ], [ 33.625095498000064, 3.261609449000048 ], [ 33.625149497000052, 3.261264366000034 ], [ 33.625312041000029, 3.261118980000049 ], [ 33.625546924000048, 3.261064353000052 ], [ 33.625998688000038, 3.261064070000032 ], [ 33.626305797000043, 3.260918594000032 ], [ 33.626504371000067, 3.260591582000075 ], [ 33.626721025000052, 3.260282717000052 ], [ 33.627082346000066, 3.260137207000071 ], [ 33.62738949900006, 3.260064373000034 ], [ 33.627461612000047, 3.259791921000044 ], [ 33.627533636000067, 3.25937418500007 ], [ 33.627659847000075, 3.258920093000029 ], [ 33.627912732000027, 3.258756491000042 ], [ 33.628165843000033, 3.258956098000056 ], [ 33.628364641000076, 3.258992294000052 ], [ 33.628472850000037, 3.258647177000057 ], [ 33.62868958200005, 3.258465436000051 ], [ 33.628833988000054, 3.25821109900005 ], [ 33.628996351000069, 3.257775146000029 ], [ 33.629230974000052, 3.257302826000057 ], [ 33.629339228000049, 3.257030351000026 ], [ 33.629357162000076, 3.256812414000024 ], [ 33.629411249000043, 3.256612615000051 ], [ 33.629754419000051, 3.256339992000051 ], [ 33.629880777000039, 3.256121987000029 ], [ 33.629862457000058, 3.255722469000034 ], [ 33.62969963200004, 3.255413842000053 ], [ 33.629663378000032, 3.25523226100006 ], [ 33.629699293000044, 3.254869029000076 ], [ 33.629771337000079, 3.254487614000027 ], [ 33.629680670000027, 3.253979178000066 ], [ 33.629535588000067, 3.253143886000032 ], [ 33.629390855000054, 3.252871570000025 ], [ 33.629300368000031, 3.252653702000032 ], [ 33.629300121000028, 3.252254171000061 ], [ 33.629498714000079, 3.25196347900004 ], [ 33.629859941000063, 3.251672685000074 ], [ 33.630148942000062, 3.251472738000075 ], [ 33.630293358000074, 3.251236562000031 ], [ 33.630311214000074, 3.250891501000069 ], [ 33.630563770000037, 3.250201245000028 ], [ 33.630708072000061, 3.249783463000028 ], [ 33.631050980000055, 3.249093150000022 ], [ 33.631484283000077, 3.24847542200007 ], [ 33.631827437000027, 3.248184639000044 ], [ 33.632459716000028, 3.247893674000068 ], [ 33.633110099000078, 3.247657179000043 ], [ 33.633977358000038, 3.247475028000053 ], [ 33.63455556100007, 3.247402021000028 ], [ 33.63498934900008, 3.247565191000035 ], [ 33.635224490000041, 3.247928252000065 ], [ 33.635369336000053, 3.248382172000049 ], [ 33.635405681000066, 3.248709037000026 ], [ 33.63571302400004, 3.248944929000061 ], [ 33.636074395000037, 3.248890218000042 ], [ 33.636399410000024, 3.248490483000069 ], [ 33.636742563000041, 3.248199698000064 ], [ 33.637049575000049, 3.247908937000034 ], [ 33.637519333000057, 3.247799676000056 ], [ 33.638278272000036, 3.24778103400007 ], [ 33.63919986600007, 3.247798609000029 ], [ 33.639615562000074, 3.247925468000062 ], [ 33.64019386700005, 3.24801590200002 ], [ 33.640681775000076, 3.248033752000026 ], [ 33.641187742000056, 3.248033429000031 ], [ 33.641458899000042, 3.248196699000061 ], [ 33.641730045000031, 3.248341810000056 ], [ 33.64200108600005, 3.248323477000042 ], [ 33.642362376000051, 3.248141641000075 ], [ 33.642597094000052, 3.247832764000066 ], [ 33.642705367000076, 3.247596609000027 ], [ 33.64277740600005, 3.247215194000034 ], [ 33.642867470000056, 3.246761126000024 ], [ 33.643102233000036, 3.246524890000046 ], [ 33.643445463000035, 3.246361227000023 ], [ 33.643698400000062, 3.246288424000056 ], [ 33.644041481000045, 3.24588867500006 ], [ 33.644312281000055, 3.245488972000032 ], [ 33.644420506000074, 3.24518017500003 ], [ 33.644673177000072, 3.244689682000057 ], [ 33.645106746000067, 3.244507800000065 ], [ 33.645522349000032, 3.244489373000022 ], [ 33.645739202000073, 3.244507395000028 ], [ 33.645937905000039, 3.244398305000061 ], [ 33.645919707000076, 3.244198551000068 ], [ 33.645847334000052, 3.244053314000041 ], [ 33.646100166000053, 3.243817066000076 ], [ 33.646226611000031, 3.24374434300006 ], [ 33.646425372000067, 3.243726056000071 ], [ 33.646696539000061, 3.243907486000069 ], [ 33.647057885000038, 3.243816452000033 ], [ 33.647599839000065, 3.243580017000056 ], [ 33.648141897000073, 3.243507027000021 ], [ 33.648647953000079, 3.243651984000053 ], [ 33.649081752000029, 3.243833309000024 ], [ 33.649587798000027, 3.243960105000042 ], [ 33.650093797000068, 3.244014259000039 ], [ 33.650870836000024, 3.244050078000043 ], [ 33.651394916000072, 3.244122380000022 ], [ 33.651666085000045, 3.24430380900003 ], [ 33.651991499000076, 3.244539684000074 ], [ 33.65251560300004, 3.244648306000045 ], [ 33.653111848000037, 3.244538957000032 ], [ 33.653527379000025, 3.244411565000064 ], [ 33.654015121000043, 3.244175163000023 ], [ 33.654358289000072, 3.243920694000053 ], [ 33.654701423000063, 3.243611745000067 ], [ 33.655008416000044, 3.243302818000075 ], [ 33.655369525000026, 3.24284857300006 ], [ 33.655604391000054, 3.242775779000056 ], [ 33.656019897000078, 3.24261206500006 ], [ 33.656760642000052, 3.242411818000051 ], [ 33.657248381000045, 3.24217541500002 ], [ 33.657700122000051, 3.242156960000045 ], [ 33.658007337000072, 3.24219308000005 ], [ 33.658332740000048, 3.242410792000044 ], [ 33.658640096000056, 3.242664836000074 ], [ 33.65883903100007, 3.242918951000036 ], [ 33.65930912500005, 3.243336331000023 ], [ 33.659634539000024, 3.243572203000042 ], [ 33.66005025700008, 3.243735374000039 ], [ 33.660520080000026, 3.243735066000056 ], [ 33.66077294400003, 3.243553297000062 ], [ 33.661152486000049, 3.243662010000037 ], [ 33.661405503000026, 3.243716324000047 ], [ 33.661676460000024, 3.243570863000059 ], [ 33.661983510000027, 3.243352737000066 ], [ 33.662218267000071, 3.243116498000063 ], [ 33.662380744000075, 3.242880306000075 ], [ 33.662344438000048, 3.24262608500004 ], [ 33.662308168000038, 3.242426345000069 ], [ 33.662615181000035, 3.24215373800007 ], [ 33.663247622000029, 3.242135160000032 ], [ 33.663916297000071, 3.242261843000051 ], [ 33.664639064000028, 3.24220688500003 ], [ 33.664928066000073, 3.242025091000073 ], [ 33.665289289000043, 3.241752447000067 ], [ 33.665650583000058, 3.241588765000074 ], [ 33.665975891000073, 3.241661192000038 ], [ 33.666283237000073, 3.241897072000029 ], [ 33.666355706000047, 3.242187590000071 ], [ 33.666410132000067, 3.242514440000036 ], [ 33.666446521000069, 3.242895784000041 ], [ 33.666735832000029, 3.243186158000071 ], [ 33.667043131000071, 3.243349397000031 ], [ 33.667802014000074, 3.243258092000076 ], [ 33.668271728000036, 3.243094338000049 ], [ 33.668524423000065, 3.242658321000022 ], [ 33.66845184400006, 3.242204361000063 ], [ 33.668505827000047, 3.241859279000039 ], [ 33.668776710000031, 3.241604854000059 ], [ 33.669264541000075, 3.241513729000076 ], [ 33.669951298000058, 3.241658555000072 ], [ 33.670601843000043, 3.241694443000029 ], [ 33.672589366000068, 3.241420713000025 ], [ 33.673691371000075, 3.241020450000065 ], [ 33.674486271000035, 3.240747512000041 ], [ 33.675154776000056, 3.24061994300007 ], [ 33.675588516000062, 3.24071045300002 ], [ 33.676690798000038, 3.240727874000072 ], [ 33.677341389000048, 3.240836399000045 ], [ 33.678714721000063, 3.240853634000075 ], [ 33.680160440000066, 3.241034263000074 ], [ 33.680829175000042, 3.241251735000048 ], [ 33.681335158000024, 3.24128771300002 ], [ 33.682021623000026, 3.240996684000038 ], [ 33.682762285000024, 3.240687457000035 ], [ 33.683557302000054, 3.240596117000052 ], [ 33.684478931000058, 3.240686292000021 ], [ 33.685328329000072, 3.240849157000071 ], [ 33.686105496000039, 3.241084712000031 ], [ 33.686647754000035, 3.241320426000073 ], [ 33.68697314800005, 3.241519967000045 ], [ 33.687172125000075, 3.24182855600003 ], [ 33.687208474000045, 3.242137256000035 ], [ 33.687497851000046, 3.242518424000025 ], [ 33.687823234000064, 3.242699805000029 ], [ 33.688473815000066, 3.242790161000073 ], [ 33.688781041000027, 3.242844432000027 ], [ 33.689178691000052, 3.243007602000034 ], [ 33.68968484800007, 3.24329781900002 ], [ 33.690317667000045, 3.243842194000024 ], [ 33.690751458000079, 3.244005338000022 ], [ 33.691022693000036, 3.244277556000043 ], [ 33.691294163000066, 3.244894818000034 ], [ 33.691529246000073, 3.245148900000061 ], [ 33.69185463000008, 3.24533027800004 ], [ 33.692342656000051, 3.24552970600007 ], [ 33.692794567000078, 3.24576547700002 ], [ 33.693156314000078, 3.246273715000029 ], [ 33.693355469000039, 3.246836545000065 ], [ 33.693626830000028, 3.247290364000037 ], [ 33.693970594000064, 3.247925735000024 ], [ 33.694115478000072, 3.248397801000067 ], [ 33.694115751000027, 3.248797326000044 ], [ 33.693953492000048, 3.249342245000037 ], [ 33.693701058000045, 3.250141471000063 ], [ 33.693809826000063, 3.250649882000062 ], [ 33.693792116000054, 3.251176541000063 ], [ 33.69381042200007, 3.251521573000048 ], [ 33.693973364000044, 3.251975466000033 ], [ 33.694298875000072, 3.252338447000056 ], [ 33.694678534000047, 3.252610587000049 ], [ 33.694913558000053, 3.25277386700003 ], [ 33.69507623800007, 3.252846395000063 ], [ 33.695329245000039, 3.25288254000003 ], [ 33.695546074000049, 3.252864229000068 ], [ 33.695780937000052, 3.252791426000044 ], [ 33.696269005000033, 3.25304533000002 ], [ 33.696703012000057, 3.253517195000029 ], [ 33.697064815000033, 3.254098072000033 ], [ 33.697444725000025, 3.254733415000032 ], [ 33.697607644000072, 3.255150987000036 ], [ 33.697662217000072, 3.255677595000066 ], [ 33.697662567000066, 3.256186082000056 ], [ 33.697536389000049, 3.25664017500003 ], [ 33.697319872000037, 3.257112491000044 ], [ 33.69690479500008, 3.257893670000044 ], [ 33.696832702000052, 3.258166123000024 ], [ 33.696851071000026, 3.258601955000074 ], [ 33.696869304000074, 3.258838026000035 ], [ 33.696724943000049, 3.259128690000068 ], [ 33.696490204000042, 3.259383096000022 ], [ 33.696327772000075, 3.259673773000031 ], [ 33.69623759600006, 3.259928079000076 ], [ 33.696273899000062, 3.260164137000061 ], [ 33.696527145000061, 3.260545325000066 ], [ 33.696599614000036, 3.260817678000024 ], [ 33.696617897000067, 3.261126389000026 ], [ 33.696618110000031, 3.261435113000061 ], [ 33.696708649000072, 3.261707454000032 ], [ 33.696961720000047, 3.261834398000076 ], [ 33.697160569000062, 3.261943221000024 ], [ 33.697178776000044, 3.262142972000049 ], [ 33.697052473000042, 3.262415462000035 ], [ 33.697070705000044, 3.262651533000053 ], [ 33.697215368000059, 3.262796714000046 ], [ 33.697449403000064, 3.262835288000076 ], [ 33.697820383000078, 3.263161232000073 ], [ 33.69793315700008, 3.263688502000036 ], [ 33.698158342000056, 3.26414036400007 ], [ 33.698083750000023, 3.26466778300005 ], [ 33.698308816000065, 3.264968946000067 ], [ 33.698908575000075, 3.265119210000023 ], [ 33.699733484000035, 3.265683658000057 ], [ 33.699546539000039, 3.266324148000024 ], [ 33.700051475000066, 3.267172047000031 ], [ 33.700416886000028, 3.267515864000075 ], [ 33.701055780000047, 3.267308979000063 ], [ 33.701375720000044, 3.26792808600004 ], [ 33.701170095000066, 3.268250053000031 ], [ 33.70104462900008, 3.268446518000076 ], [ 33.70096535700003, 3.268570651000061 ], [ 33.70121666600005, 3.268960454000023 ], [ 33.701216969000029, 3.269396269000026 ], [ 33.701435764000053, 3.269552411000063 ], [ 33.701769281000054, 3.269790426000043 ], [ 33.702617041000053, 3.270302065000067 ], [ 33.703404773000045, 3.270778883000048 ], [ 33.703791168000066, 3.271395855000037 ], [ 33.704002961000072, 3.27173403300003 ], [ 33.704391386000054, 3.272353097000064 ], [ 33.705030718000046, 3.272788486000024 ], [ 33.705168018000052, 3.273293035000052 ], [ 33.705487763000065, 3.273613947000058 ], [ 33.706697793000046, 3.27423243000004 ], [ 33.706720992000044, 3.27476000200005 ], [ 33.707223519000024, 3.275378985000032 ], [ 33.70747457300007, 3.275378807000038 ], [ 33.707725485000026, 3.275195100000076 ], [ 33.708250277000047, 3.275011232000054 ], [ 33.708684406000032, 3.275722022000025 ], [ 33.70946039100005, 3.275721470000065 ], [ 33.710054084000035, 3.276156878000052 ], [ 33.710830027000043, 3.276110432000053 ], [ 33.71119165600004, 3.275899056000071 ], [ 33.71125293800003, 3.275849534000031 ], [ 33.711520844000063, 3.275633044000074 ], [ 33.711617793000073, 3.27555469400005 ], [ 33.711810882000066, 3.275398653000025 ], [ 33.712336077000032, 3.275788249000072 ], [ 33.712906802000077, 3.275994252000032 ], [ 33.712796791000073, 3.276648246000036 ], [ 33.712745350000034, 3.27695402300003 ], [ 33.712736820000032, 3.277004730000044 ], [ 33.712702259000025, 3.27721015000003 ], [ 33.712771244000066, 3.277921192000065 ], [ 33.713616389000038, 3.278929883000046 ], [ 33.714324563000048, 3.279869851000058 ], [ 33.714324556000065, 3.279869878000056 ], [ 33.71398332800004, 3.281429899000045 ], [ 33.714051986000072, 3.281705124000041 ], [ 33.71462267000004, 3.281865283000059 ], [ 33.714805428000034, 3.282117457000027 ], [ 33.714237240000045, 3.282735125000045 ], [ 33.71423532600005, 3.282737206000036 ], [ 33.714349992000052, 3.283539973000074 ], [ 33.713688584000067, 3.284205676000056 ], [ 33.714036896000039, 3.28512259200005 ], [ 33.714054447000024, 3.285168818000045 ], [ 33.714009221000026, 3.285742312000025 ], [ 33.714192146000073, 3.286223894000045 ], [ 33.714200331000029, 3.286236214000041 ], [ 33.714649091000069, 3.286911731000032 ], [ 33.715243188000045, 3.287897654000062 ], [ 33.715631192000046, 3.287920306000046 ], [ 33.716475142000036, 3.287208609000061 ], [ 33.716863106000062, 3.287185394000062 ], [ 33.71750232100004, 3.287414306000073 ], [ 33.717867391000027, 3.287276420000069 ], [ 33.718963132000056, 3.28761970100004 ], [ 33.719830590000072, 3.287871403000054 ], [ 33.720196238000028, 3.288536329000067 ], [ 33.720630060000076, 3.288811292000048 ], [ 33.72111562300006, 3.289621208000028 ], [ 33.720932441000059, 3.28979195900007 ], [ 33.721662152000079, 3.290472368000053 ], [ 33.723118592000048, 3.291040405000047 ], [ 33.72352285900007, 3.290823334000038 ], [ 33.724277857000061, 3.290849865000041 ], [ 33.724394595000035, 3.291134215000056 ], [ 33.724656011000036, 3.291770965000069 ], [ 33.725411410000049, 3.292339506000076 ], [ 33.725653753000074, 3.291905746000054 ], [ 33.726544270000034, 3.292907788000036 ], [ 33.726275165000061, 3.293612573000075 ], [ 33.726311420000059, 3.293854382000063 ], [ 33.726311421000048, 3.293854420000059 ], [ 33.726356423000027, 3.294154503000073 ], [ 33.725823492000075, 3.294465127000024 ], [ 33.725332256000058, 3.294751447000067 ], [ 33.72530544500006, 3.294968248000032 ], [ 33.725575408000054, 3.29540165700007 ], [ 33.725575434000064, 3.295401665000043 ], [ 33.726437511000029, 3.295828628000038 ], [ 33.727018669000074, 3.296116453000025 ], [ 33.727553529000033, 3.296381336000024 ], [ 33.727706283000032, 3.296456988000045 ], [ 33.727815652000061, 3.298543566000035 ], [ 33.72757221300003, 3.299025888000074 ], [ 33.727143322000074, 3.299875625000027 ], [ 33.726980982000043, 3.300197272000048 ], [ 33.72690052400003, 3.300793531000068 ], [ 33.72710545700005, 3.301683120000064 ], [ 33.727225100000055, 3.30220246600004 ], [ 33.727265915000032, 3.302984360000039 ], [ 33.727307153000027, 3.303774189000023 ], [ 33.727709787000038, 3.304351351000037 ], [ 33.727873989000045, 3.304586743000073 ], [ 33.727826456000059, 3.305507072000069 ], [ 33.727820798000039, 3.305616592000035 ], [ 33.727902590000042, 3.306836 ], [ 33.727498633000039, 3.307540906000042 ], [ 33.72749929500003, 3.307542543000068 ], [ 33.727843688000064, 3.308405997000023 ], [ 33.727876836000064, 3.308489104000046 ], [ 33.728250031000073, 3.309207965000041 ], [ 33.728551872000025, 3.309789398000021 ], [ 33.728736437000066, 3.309974620000048 ], [ 33.728736463000075, 3.30997465300004 ], [ 33.729199459000029, 3.310439294000048 ], [ 33.729266735000067, 3.310456148000071 ], [ 33.729738850000047, 3.310574423000048 ], [ 33.72973948300006, 3.311441599000034 ], [ 33.730211700000041, 3.312554583000065 ], [ 33.730279710000048, 3.312714887000027 ], [ 33.730522983000071, 3.313527677000025 ], [ 33.730479742000057, 3.313910369000041 ], [ 33.730477274000066, 3.313932198000032 ], [ 33.730473920000065, 3.313961861000053 ], [ 33.730415798000024, 3.31447625900006 ], [ 33.730515141000069, 3.314604423000048 ], [ 33.730604733000064, 3.314719998000044 ], [ 33.731225245000076, 3.315180266000027 ], [ 33.731252983000047, 3.316237124000054 ], [ 33.73063312000005, 3.316644050000036 ], [ 33.730930891000071, 3.318215627000029 ], [ 33.730446065000024, 3.318947680000065 ], [ 33.73074321100006, 3.319679131000044 ], [ 33.731174740000029, 3.319868505000045 ], [ 33.731174765000048, 3.319868516000042 ], [ 33.730917085000044, 3.320341968000037 ], [ 33.730097662000048, 3.321847579000064 ], [ 33.730125179000026, 3.322606367000049 ], [ 33.730102272000067, 3.32310925400003 ], [ 33.730072107000069, 3.323771674000056 ], [ 33.729721780000034, 3.324042940000027 ], [ 33.729803200000049, 3.324774575000049 ], [ 33.729345359000035, 3.325506594000046 ], [ 33.729318653000064, 3.325858916000072 ], [ 33.729259125000056, 3.325887131000059 ], [ 33.728860411000028, 3.326076040000032 ], [ 33.729012890000035, 3.326754798000024 ], [ 33.729018499000063, 3.32723317500006 ], [ 33.729019310000069, 3.327302706000069 ], [ 33.729023360000042, 3.327647713000033 ], [ 33.729320466000047, 3.328324982000026 ], [ 33.729320925000025, 3.328948275000073 ], [ 33.729024636000076, 3.329382090000024 ], [ 33.728647446000025, 3.329497771000035 ], [ 33.728404597000065, 3.329572247000044 ], [ 33.728532787000063, 3.330174672000055 ], [ 33.728826150000032, 3.331553314000075 ], [ 33.729168297000058, 3.332125468000072 ], [ 33.729343017000076, 3.332417623000026 ], [ 33.729343217000064, 3.332720260000031 ], [ 33.728999456000054, 3.333196120000025 ], [ 33.729100426000059, 3.333701581000071 ], [ 33.729138532000036, 3.333892347000074 ], [ 33.729206279000039, 3.334231509000062 ], [ 33.729301679000059, 3.334709110000063 ], [ 33.729749294000044, 3.335233181000035 ], [ 33.730030072000034, 3.33548259500003 ], [ 33.730246300000033, 3.33582468000003 ], [ 33.730437688000052, 3.336275299000022 ], [ 33.730618929000059, 3.336712978000037 ], [ 33.730812790000073, 3.337181131000023 ], [ 33.731302213000049, 3.337117746000047 ], [ 33.732108023000023, 3.337192271000049 ], [ 33.732594769000059, 3.337621636000051 ], [ 33.732846130000041, 3.337771371000031 ], [ 33.733434118000048, 3.338121631000035 ], [ 33.733468535000043, 3.338121605000026 ], [ 33.733467633000032, 3.338125089000073 ], [ 33.734681758000079, 3.338250388000063 ], [ 33.735233605000076, 3.339394440000035 ], [ 33.735285800000042, 3.339502631000073 ], [ 33.735593843000061, 3.340141212000049 ], [ 33.735810840000056, 3.340591052000036 ], [ 33.735926110000037, 3.340905707000047 ], [ 33.735946636000051, 3.341184017000046 ], [ 33.735978215000046, 3.341612190000035 ], [ 33.736097466000047, 3.341839463000042 ], [ 33.736448407000069, 3.34205378300004 ], [ 33.736494961000062, 3.343426372000067 ], [ 33.736500936000027, 3.343602502000067 ], [ 33.736536397000066, 3.344647824000049 ], [ 33.737009712000031, 3.344777169000054 ], [ 33.737422672000037, 3.345564275000072 ], [ 33.737440535000076, 3.345598326000072 ], [ 33.737441046000072, 3.346290096000075 ], [ 33.737656636000054, 3.346938430000023 ], [ 33.738087375000077, 3.34767309700004 ], [ 33.738087410000048, 3.347673453000027 ], [ 33.738117487000068, 3.348088639000025 ], [ 33.73820889700005, 3.348689939000053 ], [ 33.738290909000057, 3.349229420000029 ], [ 33.738322768000046, 3.349673025000072 ], [ 33.738372613000024, 3.350367122000023 ], [ 33.738622537000026, 3.350817961000075 ], [ 33.73884277500008, 3.351215252000031 ], [ 33.739898319000076, 3.35311936100004 ], [ 33.739984954000079, 3.353897537000023 ], [ 33.739813140000024, 3.354243564000058 ], [ 33.740116043000057, 3.354724744000066 ], [ 33.740260529000068, 3.354954271000054 ], [ 33.740330006000079, 3.355064625000068 ], [ 33.740416290000041, 3.355410450000022 ], [ 33.739728073000038, 3.35554066800006 ], [ 33.739605846000075, 3.35595123500002 ], [ 33.739599330000033, 3.355973128000073 ], [ 33.740080472000045, 3.35655936400002 ], [ 33.740202163000049, 3.356707647000064 ], [ 33.740411081000047, 3.356847388000062 ], [ 33.740847818000077, 3.357139511000071 ], [ 33.740900873000044, 3.357760547000055 ], [ 33.741021403000047, 3.359171446000062 ], [ 33.739989674000071, 3.360166641000035 ], [ 33.739947369000049, 3.361074619000021 ], [ 33.740451395000036, 3.36146315000002 ], [ 33.74020678100004, 3.362233801000059 ], [ 33.740207259000044, 3.362866826000072 ], [ 33.740455925000049, 3.36324105500006 ], [ 33.740785480000056, 3.363974198000051 ], [ 33.740575851000074, 3.364396344000056 ], [ 33.74083857100004, 3.364765420000026 ], [ 33.741153643000075, 3.364923417000057 ], [ 33.741626498000073, 3.365503353000065 ], [ 33.741720344000043, 3.366004234000059 ], [ 33.741942729000073, 3.367191165000065 ], [ 33.741919237000047, 3.367597467000053 ], [ 33.741629415000034, 3.369354209000051 ], [ 33.741472191000071, 3.369670850000034 ], [ 33.740947589000029, 3.370093275000045 ], [ 33.741263024000034, 3.370726059000049 ], [ 33.741158435000045, 3.371253634000027 ], [ 33.741788665000058, 3.371675193000044 ], [ 33.741369592000069, 3.372836035000034 ], [ 33.741265223000028, 3.373627414000055 ], [ 33.742105856000023, 3.37468179900003 ], [ 33.742263699000034, 3.375156447000052 ], [ 33.74226402000005, 3.375578469000061 ], [ 33.742421805000049, 3.37600038000005 ], [ 33.742422206000072, 3.37652786600006 ], [ 33.741845483000077, 3.377372344000037 ], [ 33.741058537000072, 3.377953208000065 ], [ 33.740744068000026, 3.378586474000031 ], [ 33.740744429000074, 3.379061252000042 ], [ 33.740429583000036, 3.379219767000052 ], [ 33.740429823000056, 3.379536261000055 ], [ 33.740640081000038, 3.37990535800003 ], [ 33.740640201000076, 3.380063623000069 ], [ 33.740325363000068, 3.38022211200007 ], [ 33.740010953000024, 3.380908160000047 ], [ 33.740378708000037, 3.381329892000053 ], [ 33.739487075000056, 3.382280095000056 ], [ 33.739382625000076, 3.382965955000031 ], [ 33.736602384000037, 3.385341907000054 ], [ 33.736497865000047, 3.385975002000066 ], [ 33.735395647000075, 3.386134110000057 ], [ 33.734176864000062, 3.386394025000072 ], [ 33.731811377000042, 3.387882262000062 ], [ 33.732617077000043, 3.390778390000037 ], [ 33.732407830000056, 3.391728087000047 ], [ 33.732671132000064, 3.392835683000044 ], [ 33.731412391000049, 3.394260939000048 ], [ 33.730100308000033, 3.394578457000023 ], [ 33.728946640000061, 3.396109143000047 ], [ 33.728842807000035, 3.397639023000067 ], [ 33.727284916000031, 3.398830370000042 ], [ 33.72688634800005, 3.399378134000074 ], [ 33.723157251000032, 3.40450310500006 ], [ 33.722076904000062, 3.405187701000045 ], [ 33.721304372000077, 3.407049597000025 ], [ 33.721825920000072, 3.409466205000058 ], [ 33.722028717000057, 3.410937736000051 ], [ 33.721505249000074, 3.412942667000038 ], [ 33.722130451000055, 3.413546756000073 ], [ 33.722398885000075, 3.414577297000051 ], [ 33.721664522000026, 3.415316399000062 ], [ 33.721154332000026, 3.416846281000062 ], [ 33.721036687000037, 3.418112721000057 ], [ 33.720197139000049, 3.418588143000022 ], [ 33.719410036000056, 3.418957996000074 ], [ 33.716785841000046, 3.419645762000073 ], [ 33.714843964000067, 3.420174725000038 ], [ 33.713726095000027, 3.421181360000048 ], [ 33.712850525000079, 3.421969789000059 ], [ 33.711066543000072, 3.423078929000042 ], [ 33.710332805000064, 3.424662056000045 ], [ 33.705139847000055, 3.430046649000076 ], [ 33.702205604000028, 3.437539623000021 ], [ 33.702102671000034, 3.440282840000066 ], [ 33.700745217000076, 3.442332213000043 ], [ 33.69927102500003, 3.444557853000049 ], [ 33.697891153000057, 3.444945398000073 ], [ 33.695597385000042, 3.445984865000071 ], [ 33.692605568000033, 3.44656733100004 ], [ 33.690669095000032, 3.448054397000021 ], [ 33.688485118000074, 3.449069221000059 ], [ 33.686973718000047, 3.450590220000038 ], [ 33.684971043000075, 3.45150734200007 ], [ 33.684376073000067, 3.452540872000043 ], [ 33.684000455000046, 3.45282888600002 ], [ 33.68364301500003, 3.453512533000037 ], [ 33.683410773000048, 3.454088186000035 ], [ 33.683482578000053, 3.454393861000028 ], [ 33.683446939000078, 3.454609694000055 ], [ 33.683160801000042, 3.454897644000027 ], [ 33.68289259900007, 3.455239532000064 ], [ 33.68276749000006, 3.45547341300005 ], [ 33.682642550000025, 3.455941085000063 ], [ 33.682392487000072, 3.456624655000041 ], [ 33.681945640000038, 3.457416270000067 ], [ 33.681462909000061, 3.458082023000031 ], [ 33.681230370000037, 3.458244047000051 ], [ 33.680926295000063, 3.458478057000036 ], [ 33.680550596000046, 3.458658167000067 ], [ 33.68026425100004, 3.458658373000048 ], [ 33.679995880000035, 3.458766470000057 ], [ 33.679834888000073, 3.458874490000028 ], [ 33.67929852900005, 3.459630202000028 ], [ 33.678779964000057, 3.460242028000039 ], [ 33.678297114000031, 3.460745925000026 ], [ 33.678136646000041, 3.461591285000054 ], [ 33.677886439000076, 3.462077031000035 ], [ 33.677171060000035, 3.462760935000063 ], [ 33.676419784000075, 3.463300992000029 ], [ 33.675990404000061, 3.463499123000076 ], [ 33.675381956000024, 3.463553511000043 ], [ 33.675059778000048, 3.463499790000071 ], [ 33.674612680000052, 3.463949709000076 ], [ 33.674183465000056, 3.464381631000037 ], [ 33.673718532000066, 3.464921482000022 ], [ 33.67325356200007, 3.465407380000045 ], [ 33.673092695000037, 3.465695238000023 ], [ 33.673003466000068, 3.46605498200006 ], [ 33.672932134000064, 3.466414711000027 ], [ 33.67268178300003, 3.466702633000068 ], [ 33.672306192000065, 3.467044596000051 ], [ 33.671894783000027, 3.467350617000022 ], [ 33.671554910000054, 3.467584651000038 ], [ 33.671161410000025, 3.467908643000044 ], [ 33.670499674000041, 3.46853855300003 ], [ 33.670177886000033, 3.469042333000061 ], [ 33.669945469000027, 3.469384193000053 ], [ 33.669766881000044, 3.469923839000046 ], [ 33.669606177000048, 3.470445489000042 ], [ 33.669194728000036, 3.470697557000051 ], [ 33.669016063000072, 3.47112930000003 ], [ 33.668783771000051, 3.471651 ], [ 33.668640799000059, 3.471938845000068 ], [ 33.667943531000049, 3.472946442000023 ], [ 33.667246412000054, 3.474169847000041 ], [ 33.66704982400006, 3.474565634000044 ], [ 33.666745854000055, 3.474961497000038 ], [ 33.666155698000068, 3.475591354000073 ], [ 33.665994752000074, 3.475771308000049 ], [ 33.665762370000039, 3.476167120000071 ], [ 33.665548023000042, 3.476760743000057 ], [ 33.665369230000067, 3.477012646000048 ], [ 33.664957814000047, 3.477318665000041 ], [ 33.664617986000053, 3.477624633000062 ], [ 33.664152690000037, 3.47766093000007 ], [ 33.663401067000052, 3.477733397000065 ], [ 33.662864119000062, 3.477679824000063 ], [ 33.66245235100007, 3.477482291000058 ], [ 33.66218377000007, 3.477302641000051 ], [ 33.66155728800004, 3.477177195000024 ], [ 33.660823551000078, 3.477231662000065 ], [ 33.660483458000044, 3.477159966000045 ], [ 33.65989273200006, 3.476980542000035 ], [ 33.659230456000046, 3.47685511800006 ], [ 33.658979862000024, 3.476801342000044 ], [ 33.65821027800007, 3.476783898000065 ], [ 33.657047012000078, 3.476838665000059 ], [ 33.656527875000052, 3.476659187000052 ], [ 33.655776028000048, 3.476407936000044 ], [ 33.655040374000066, 3.476284896000038 ], [ 33.654325652000068, 3.476093910000031 ], [ 33.65258645800003, 3.475568539000051 ], [ 33.651323985000033, 3.47552154400006 ], [ 33.65001415200004, 3.47588148400007 ], [ 33.648966415000075, 3.476360918000069 ], [ 33.647990528000037, 3.477414753000062 ], [ 33.647038427000041, 3.478420700000072 ], [ 33.646395817000041, 3.479187078000052 ], [ 33.645276957000078, 3.480169203000059 ], [ 33.644634150000059, 3.480648355000028 ], [ 33.644181770000046, 3.480935891000058 ], [ 33.643943816000046, 3.481295087000035 ], [ 33.643896452000035, 3.481702024000072 ], [ 33.643754217000037, 3.482707412000025 ], [ 33.643683343000077, 3.483569139000053 ], [ 33.643565074000037, 3.484789931000023 ], [ 33.643661461000079, 3.486417479000067 ], [ 33.64368735000005, 3.489457270000059 ], [ 33.644021613000064, 3.490605944000038 ], [ 33.643977336000034, 3.490617602000043 ], [ 33.644423645000074, 3.490925474000051 ], [ 33.644906789000061, 3.491356421000035 ], [ 33.645792420000078, 3.491948821000051 ], [ 33.646114948000047, 3.492865068000071 ], [ 33.645900716000028, 3.493404317000056 ], [ 33.646249718000036, 3.493808401000024 ], [ 33.646464781000077, 3.494482127000026 ], [ 33.646652963000065, 3.495075007000025 ], [ 33.646680083000035, 3.495506269000032 ], [ 33.646358459000055, 3.495910817000038 ], [ 33.645688034000045, 3.496207785000024 ], [ 33.645715339000049, 3.496908596000026 ], [ 33.645581453000034, 3.497259104000022 ], [ 33.645232910000061, 3.497528895000073 ], [ 33.645259938000038, 3.497825381000041 ], [ 33.645206564000034, 3.498229744000071 ], [ 33.645126107000067, 3.498256754000067 ], [ 33.644857892000061, 3.498310850000053 ], [ 33.644589916000029, 3.498715360000062 ], [ 33.644187557000066, 3.498742592000042 ], [ 33.644080532000032, 3.499146992000021 ], [ 33.64373213500005, 3.499632422000047 ], [ 33.642901123000058, 3.500468601000023 ], [ 33.642526083000064, 3.50122360000006 ], [ 33.64241931600003, 3.502005369000074 ], [ 33.642124421000062, 3.502275123000061 ], [ 33.641695197000047, 3.502248463000058 ], [ 33.641400192000049, 3.502356487000043 ], [ 33.641400504000046, 3.502814722000039 ], [ 33.64147044300006, 3.503343104000066 ], [ 33.641267761000051, 3.503615041000046 ], [ 33.640997826000046, 3.504430616000036 ], [ 33.641134090000037, 3.505925403000049 ], [ 33.641135017000067, 3.507284386000038 ], [ 33.640729975000056, 3.508303901000033 ], [ 33.64025749700005, 3.509595260000026 ], [ 33.639919938000048, 3.510410882000031 ], [ 33.638704206000057, 3.51258609100006 ], [ 33.63755530800006, 3.513606117000052 ], [ 33.636001220000026, 3.515441810000027 ], [ 33.634648985000069, 3.515782480000041 ], [ 33.634514567000053, 3.517005658000073 ], [ 33.634041892000027, 3.518025219000037 ], [ 33.63302832100004, 3.519181047000075 ], [ 33.63174411500006, 3.520133212000076 ], [ 33.63059510800008, 3.521017334000021 ], [ 33.629177020000043, 3.524008065000032 ], [ 33.628163937000068, 3.525911333000067 ], [ 33.626406803000066, 3.527543306000041 ], [ 33.626069410000071, 3.528630723000049 ], [ 33.625747698000055, 3.529138129000046 ], [ 33.624027446000071, 3.530409298000052 ], [ 33.622812568000029, 3.531520534000038 ], [ 33.62251819200003, 3.532001913000045 ], [ 33.622776792000025, 3.533112157000062 ], [ 33.623182791000033, 3.534296330000075 ], [ 33.623773051000057, 3.53559141900007 ], [ 33.624878984000077, 3.536812130000044 ], [ 33.625690496000061, 3.538440193000042 ], [ 33.62606033600008, 3.540623762000052 ], [ 33.626364520000038, 3.541175389000045 ], [ 33.626799076000054, 3.543584372000055 ], [ 33.627389874000073, 3.545656749000045 ], [ 33.62786933700005, 3.546507741000028 ], [ 33.627907024000024, 3.547766188000026 ], [ 33.628092138000056, 3.549135575000037 ], [ 33.628647509000075, 3.553280750000056 ], [ 33.628759667000054, 3.553638846000069 ], [ 33.628759761000026, 3.553639149000048 ], [ 33.62964429200008, 3.556463260000044 ], [ 33.630050440000048, 3.557832495000071 ], [ 33.630198648000032, 3.55909086500003 ], [ 33.630420457000071, 3.56023814200006 ], [ 33.630568238000023, 3.560867276000067 ], [ 33.630996352000068, 3.561759115000029 ], [ 33.631733100000076, 3.565623869000035 ], [ 33.632151212000053, 3.567418744000065 ], [ 33.616317839000033, 3.57987604300007 ], [ 33.613080318000073, 3.582392010000035 ], [ 33.609876847000066, 3.584881503000076 ], [ 33.602442545000031, 3.591162446000055 ], [ 33.593091636000054, 3.607402577000073 ], [ 33.592535700000042, 3.608368085000052 ], [ 33.585772752000025, 3.62023874700003 ], [ 33.584639518000074, 3.622263992000057 ], [ 33.582434594000063, 3.62620451500004 ], [ 33.581859761000032, 3.627231817000052 ], [ 33.578389598000058, 3.633433402000037 ], [ 33.572433525000065, 3.64361406300003 ], [ 33.56723437100004, 3.65250074100004 ], [ 33.566052375000027, 3.654521048000049 ], [ 33.555906137000079, 3.672205721000068 ], [ 33.547903241000029, 3.686200037000049 ], [ 33.535898584000051, 3.707383072000027 ], [ 33.519168144000048, 3.73595440400004 ], [ 33.516907141000047, 3.740324046000069 ], [ 33.510703253000031, 3.751986258000045 ], [ 33.515258224000036, 3.752195736000033 ], [ 33.516678544000058, 3.75363836300005 ], [ 33.517301565000025, 3.754271169000049 ], [ 33.634116559000063, 3.872893871000031 ], [ 33.67821656600006, 3.917662168000049 ], [ 33.849794702000054, 4.091763425000067 ], [ 33.861282367000058, 4.103294431000052 ], [ 33.92898961700007, 4.17124547800006 ], [ 33.929046785000025, 4.171093491000022 ], [ 33.929049586000076, 4.171096333000037 ], [ 33.988505263000036, 4.231367005000038 ], [ 34.048119109000027, 4.176446235000071 ], [ 34.066429661000029, 4.141301485000042 ], [ 34.050275124000052, 4.118407823000041 ], [ 34.063882810000052, 4.091489199000023 ], [ 34.077640301000031, 4.084486865000031 ], [ 34.080490534000035, 4.082749203000049 ], [ 34.092364199000031, 4.058572674000061 ], [ 34.092099766000047, 4.04636827500002 ], [ 34.088362625000059, 4.03391946000005 ], [ 34.066197815000066, 4.027428117000056 ], [ 34.059579174000078, 4.024990747000061 ], [ 34.060795833000043, 4.006806364000056 ], [ 34.082860566000079, 3.99955411600007 ], [ 34.106438854000032, 3.973933014000067 ], [ 34.135384772000066, 3.95863478800004 ], [ 34.134761370000035, 3.955339753000032 ], [ 34.134502184000041, 3.953053079000028 ], [ 34.134894915000075, 3.952675955000075 ], [ 34.133093230000043, 3.945909187000041 ], [ 34.130675654000072, 3.936773539000058 ], [ 34.130403268000066, 3.935717778000026 ], [ 34.130252822000045, 3.935175945000026 ], [ 34.126842658000044, 3.922312555000076 ], [ 34.120671594000044, 3.898129676000053 ], [ 34.117061422000063, 3.894736219000038 ], [ 34.092183474000024, 3.882538095000029 ], [ 34.090870437000035, 3.871351084000025 ], [ 34.090268281000078, 3.865617405000023 ], [ 34.089662353000051, 3.861639363000052 ], [ 34.089485682000031, 3.860212816000058 ], [ 34.089178352000033, 3.858556599000053 ], [ 34.090287260000025, 3.85818835200007 ], [ 34.093407368000044, 3.857180784000036 ], [ 34.096711195000069, 3.858866986000066 ], [ 34.09893855100006, 3.860009579000064 ], [ 34.102029263000077, 3.861814626000069 ], [ 34.11016403800005, 3.865712292000069 ], [ 34.120080130000076, 3.867582106000043 ], [ 34.121160172000032, 3.867976721000048 ], [ 34.128552691000039, 3.869433055000059 ], [ 34.153336438000053, 3.866085827000063 ], [ 34.157488348000072, 3.866442740000025 ], [ 34.159836443000074, 3.86669005300007 ], [ 34.167658896000034, 3.867170307000038 ], [ 34.171440245000042, 3.873879224000063 ], [ 34.175738650000028, 3.876979481000035 ], [ 34.205318294000051, 3.879392783000071 ], [ 34.216315889000043, 3.878149435000068 ], [ 34.225807340000074, 3.849411575000033 ], [ 34.226754867000068, 3.82829675000005 ], [ 34.18080532700003, 3.828852579000056 ], [ 34.169340012000077, 3.815605814000037 ], [ 34.16464518600003, 3.80776084300004 ], [ 34.159019733000036, 3.804822325000032 ], [ 34.153916719000051, 3.804254299000036 ], [ 34.154215150000027, 3.80106136400002 ], [ 34.154509203000032, 3.797229647000052 ], [ 34.155723833000025, 3.79748674700005 ], [ 34.159811756000067, 3.798697449000031 ], [ 34.162738245000071, 3.796978037000031 ], [ 34.164223673000038, 3.79501810000005 ], [ 34.164271590000055, 3.795118845000047 ], [ 34.171312319000037, 3.797541682000031 ], [ 34.176758906000032, 3.796242040000038 ], [ 34.18939077400006, 3.792424087000029 ], [ 34.189770171000077, 3.790805416000069 ], [ 34.188974564000034, 3.787532336000027 ], [ 34.190889308000067, 3.780117734000044 ], [ 34.166816015000052, 3.770804945000066 ], [ 34.171620383000061, 3.764997734000076 ], [ 34.17685242500005, 3.76573350700005 ], [ 34.17692336500005, 3.765746054000033 ], [ 34.178679827000053, 3.766277225000067 ], [ 34.186252897000031, 3.768132407000053 ], [ 34.186538771000073, 3.768198518000077 ], [ 34.201619278000067, 3.77383977900007 ], [ 34.202941553000073, 3.774334392000071 ], [ 34.203714078000075, 3.774621572000058 ], [ 34.212693426000044, 3.777907984000024 ], [ 34.220382856000072, 3.781222145000072 ], [ 34.221083732000068, 3.781477039000038 ], [ 34.226763176000077, 3.779838308000024 ], [ 34.227573327000073, 3.778750032000062 ], [ 34.227563012000076, 3.77141192800002 ], [ 34.229719673000034, 3.771408869000027 ], [ 34.229872767000074, 3.771698552000032 ], [ 34.232358225000041, 3.775478222000061 ], [ 34.233923451000067, 3.778059618000043 ], [ 34.236128153000038, 3.778148746000056 ], [ 34.240172758000028, 3.780172953000033 ], [ 34.246328619000053, 3.781179094000038 ], [ 34.258421361000046, 3.763712677000058 ], [ 34.258704303000059, 3.763814026000034 ], [ 34.259221362000062, 3.762293754000041 ], [ 34.261770336000041, 3.757539296000061 ], [ 34.267190933000052, 3.745528389000071 ], [ 34.271258355000043, 3.741091983000047 ], [ 34.271439377000036, 3.741188960000045 ], [ 34.274861299000065, 3.737915016000045 ], [ 34.278517123000029, 3.734174403000054 ], [ 34.280225214000041, 3.732281379000028 ], [ 34.284040179000044, 3.72805334100002 ], [ 34.286988072000042, 3.726381857000035 ], [ 34.298224510000068, 3.71839996500006 ], [ 34.308662627000047, 3.708989769000027 ], [ 34.308671894000042, 3.708674176000045 ], [ 34.307153007000068, 3.694638088000033 ], [ 34.305433611000069, 3.687284816000044 ], [ 34.303352410000059, 3.682874391000041 ], [ 34.306037932000038, 3.683238233000054 ], [ 34.316210328000068, 3.712155917000075 ], [ 34.316510720000053, 3.713460474000044 ], [ 34.31661052700008, 3.713521415000059 ], [ 34.319320679000043, 3.718946372000062 ], [ 34.326238058000058, 3.725381205000076 ], [ 34.355164131000038, 3.732442659000071 ], [ 34.355549305000068, 3.732463558000063 ], [ 34.365817253000046, 3.732447596000043 ], [ 34.373918435000064, 3.72917757700003 ], [ 34.383098657000062, 3.724820029000057 ], [ 34.394972233000033, 3.715029288000039 ], [ 34.399285167000073, 3.708507840000038 ], [ 34.403598901000066, 3.702529257000037 ], [ 34.405651636000073, 3.690034155000035 ], [ 34.422784017000026, 3.685861660000057 ], [ 34.456547888000046, 3.673588426000038 ], [ 34.463969091000024, 3.666788257000064 ], [ 34.455801569000073, 3.61703521000004 ], [ 34.455846832000077, 3.616689934000021 ], [ 34.453861145000076, 3.608435524000072 ], [ 34.457420804000037, 3.572756978000029 ], [ 34.453415145000065, 3.535439043000054 ], [ 34.452241916000048, 3.514416413000049 ], [ 34.440400090000026, 3.501537520000056 ], [ 34.429915830000027, 3.492729121000025 ], [ 34.42551921200004, 3.489002379000055 ], [ 34.402850655000066, 3.486081740000031 ], [ 34.396803305000049, 3.485312169000053 ], [ 34.391743751000035, 3.490071446000059 ], [ 34.389715611000042, 3.489056227000049 ], [ 34.390953894000063, 3.48362773100007 ], [ 34.391729272000077, 3.480228558000022 ], [ 34.40454537100004, 3.467311927000026 ], [ 34.417351555000039, 3.447946536000075 ], [ 34.420027937000043, 3.430632788000025 ], [ 34.410548629000061, 3.415373511000041 ], [ 34.405292693000035, 3.412599284000066 ], [ 34.40243834100005, 3.412330761000021 ], [ 34.401051571000039, 3.387555879000047 ], [ 34.401361050000048, 3.367869650000046 ], [ 34.415527956000062, 3.355630388000066 ], [ 34.430702711000038, 3.339995525000063 ], [ 34.430362535000029, 3.338298998000027 ], [ 34.433389663000071, 3.329809431000058 ], [ 34.438756669000043, 3.304685606000021 ], [ 34.448176941000042, 3.280234801000063 ], [ 34.450845281000056, 3.257151479000072 ], [ 34.452824372000066, 3.224226520000059 ], [ 34.456138064000072, 3.179280893000055 ], [ 34.456706609000037, 3.178503010000043 ], [ 34.461334831000045, 3.171216466000033 ], [ 34.471318794000069, 3.169895727000039 ], [ 34.476866259000076, 3.166483627000048 ], [ 34.482788283000048, 3.162412492000044 ], [ 34.489527187000078, 3.152560233000031 ], [ 34.495584892000068, 3.138636227000063 ], [ 34.512815117000059, 3.146077983000055 ], [ 34.537450568000054, 3.137896390000037 ], [ 34.54656059000007, 3.133810207000067 ], [ 34.559689482000067, 3.107657862000053 ], [ 34.563357980000035, 3.104782730000068 ], [ 34.564600171000052, 3.102973335000058 ], [ 34.571041406000063, 3.092000667000036 ], [ 34.573045474000025, 3.088679917000036 ], [ 34.574745141000051, 3.073531065000054 ], [ 34.575595308000061, 3.066173018000029 ], [ 34.573851503000071, 3.05117352000002 ], [ 34.573487209000064, 3.047351413000058 ], [ 34.574627996000061, 3.042445208000061 ], [ 34.576478912000027, 3.032489186000021 ], [ 34.577318547000061, 3.017774394000071 ], [ 34.581901554000069, 3.011853443000064 ], [ 34.585124238000049, 3.007881845000043 ], [ 34.586411414000054, 3.004994968000062 ], [ 34.588127588000077, 3.00109771800004 ], [ 34.588267741000038, 2.998789509000062 ], [ 34.588277279000067, 2.997158908000074 ], [ 34.58848716600005, 2.994167603000051 ], [ 34.588696996000067, 2.991128439000022 ], [ 34.588906579000025, 2.987921767000046 ], [ 34.589290837000078, 2.982046884000056 ], [ 34.589525041000059, 2.979390532000025 ], [ 34.590001331000053, 2.976613783000062 ], [ 34.591315100000031, 2.969172557000036 ], [ 34.592371779000075, 2.96315009500006 ], [ 34.593928264000056, 2.954275673000041 ], [ 34.595141385000034, 2.946906996000052 ], [ 34.596897895000041, 2.936961264000047 ], [ 34.598911477000058, 2.925567855000054 ], [ 34.599612199000035, 2.922281411000029 ], [ 34.599784487000079, 2.921962756000028 ], [ 34.605769578000036, 2.919580545000031 ], [ 34.614257672000065, 2.915978959000029 ], [ 34.623076395000055, 2.912130805000061 ], [ 34.629090038000072, 2.909690598000054 ], [ 34.63221178200007, 2.908311113000025 ], [ 34.633304871000064, 2.90767269600002 ], [ 34.638195265000036, 2.904973581000036 ], [ 34.64003642800003, 2.904015676000029 ], [ 34.641039971000055, 2.901177490000066 ], [ 34.642100669000058, 2.89804977700004 ], [ 34.646272517000057, 2.886248176000038 ], [ 34.650157656000033, 2.875286463000066 ], [ 34.653640481000025, 2.864846400000033 ], [ 34.656392389000075, 2.864015493000068 ], [ 34.664860733000069, 2.861634364000054 ], [ 34.668024382000056, 2.86069657500002 ], [ 34.669213820000039, 2.860407708000025 ], [ 34.671260518000054, 2.860524345000044 ], [ 34.673045389000038, 2.860593504000065 ], [ 34.682291176000035, 2.861070409000035 ], [ 34.685718303000044, 2.861328542000024 ], [ 34.68670570300003, 2.861219412000025 ], [ 34.688037967000071, 2.860978165000063 ], [ 34.693129271000032, 2.86015711400006 ], [ 34.698043038000037, 2.868069559000048 ], [ 34.702229205000037, 2.874702962000072 ], [ 34.702491361000057, 2.874965761000055 ], [ 34.70410776500006, 2.873767004000058 ], [ 34.70772192000004, 2.871775659000036 ], [ 34.709100561000071, 2.870720827000071 ], [ 34.710499589000051, 2.867368986000031 ], [ 34.712455616000057, 2.862544839000066 ], [ 34.713382901000045, 2.862017062000064 ], [ 34.720350809000024, 2.859039678000045 ], [ 34.721955965000063, 2.858307497000055 ], [ 34.729377041000077, 2.85607112200006 ], [ 34.732564137000054, 2.855013536000058 ], [ 34.737093157000061, 2.852267103000031 ], [ 34.739560090000055, 2.847047435000036 ], [ 34.740271567000036, 2.845443291000038 ], [ 34.743533059000072, 2.838511701000073 ], [ 34.74448125400005, 2.836093722000044 ], [ 34.747812794000026, 2.828276773000027 ], [ 34.749863821000076, 2.823428633000049 ], [ 34.750251896000066, 2.822988169000041 ], [ 34.750774992000061, 2.82272419100002 ], [ 34.752687844000036, 2.823115947000076 ], [ 34.755756185000052, 2.825679075000039 ], [ 34.759580597000024, 2.821564801000022 ], [ 34.762895402000026, 2.818221641000036 ], [ 34.76671473600004, 2.810769278000066 ], [ 34.76773273200007, 2.80845673500005 ], [ 34.767974975000072, 2.799725946000024 ], [ 34.773069559000078, 2.791244583000037 ], [ 34.77612466800008, 2.785077320000028 ], [ 34.77890749900007, 2.767612352000071 ], [ 34.780943458000024, 2.762987320000036 ], [ 34.78297634900008, 2.756308098000034 ], [ 34.784247384000025, 2.752454557000021 ], [ 34.784764543000051, 2.747203151000065 ], [ 34.784879059000048, 2.74580811200002 ], [ 34.784537285000056, 2.739970752000033 ], [ 34.783997318000047, 2.736849261000032 ], [ 34.782234491000054, 2.727341411000054 ], [ 34.780424889000074, 2.718336065000074 ], [ 34.778686589000074, 2.709234884000068 ], [ 34.777090530000066, 2.699726723000026 ], [ 34.776155991000053, 2.695158265000032 ], [ 34.77672623400008, 2.694631062000042 ], [ 34.785049910000055, 2.68683003600006 ], [ 34.78782006800003, 2.684088860000031 ], [ 34.790276740000024, 2.681742918000054 ], [ 34.791164982000055, 2.680662570000038 ], [ 34.791608513000028, 2.679714457000046 ], [ 34.792962804000069, 2.675185737000049 ], [ 34.793209801000046, 2.674066851000021 ], [ 34.794950836000055, 2.669356632000074 ], [ 34.797661912000024, 2.660368601000073 ], [ 34.799935361000053, 2.653115834000062 ], [ 34.801491240000075, 2.651426804000039 ], [ 34.809436540000036, 2.642598630000066 ], [ 34.818237537000073, 2.633314641000027 ], [ 34.826824255000076, 2.624007068000026 ], [ 34.832358874000079, 2.618161200000031 ], [ 34.833342735000031, 2.615803129000028 ], [ 34.835405469000079, 2.61099114700005 ], [ 34.837266242000055, 2.606358919000058 ], [ 34.839281315000051, 2.601499177000051 ], [ 34.84240310000007, 2.596984736000024 ], [ 34.847613371000079, 2.589045966000072 ], [ 34.852930291000064, 2.580855857000074 ], [ 34.853702547000069, 2.58024464600004 ], [ 34.864406857000063, 2.571556200000032 ], [ 34.868992718000072, 2.567865048000044 ], [ 34.879093634000071, 2.569680365000067 ], [ 34.880332420000059, 2.578997116000039 ], [ 34.881271527000024, 2.586699391000025 ], [ 34.887066449000031, 2.588281696000024 ], [ 34.894610242000056, 2.590136469000072 ], [ 34.895369954000046, 2.589106579000031 ], [ 34.898052401000029, 2.585298591000026 ], [ 34.898630863000051, 2.582367002000069 ], [ 34.900460807000059, 2.57316540000005 ], [ 34.902290269000048, 2.563628872000038 ], [ 34.904048640000042, 2.554259929000068 ], [ 34.904048666000051, 2.554259804000026 ], [ 34.904615494000041, 2.551507808000054 ], [ 34.905901664000055, 2.544532012000047 ], [ 34.907379863000074, 2.538728216000038 ], [ 34.908952338000063, 2.532326183000066 ], [ 34.911424259000057, 2.522860556000069 ], [ 34.913742257000024, 2.513861690000056 ], [ 34.923149668000065, 2.513620490000051 ], [ 34.92540927400006, 2.513521446000027 ], [ 34.933805588000041, 2.513221868000073 ], [ 34.933924132000072, 2.512958531000038 ], [ 34.935440313000072, 2.508769615000062 ], [ 34.936018808000028, 2.505862021000041 ], [ 34.93691530600006, 2.500836715000048 ], [ 34.937528105000069, 2.497179974000062 ], [ 34.947100142000068, 2.474524976000055 ], [ 34.94908386700007, 2.470173731000045 ], [ 34.949288726000077, 2.46948321900004 ], [ 34.954778973000032, 2.469751183000028 ], [ 34.955157684000028, 2.469689884000047 ], [ 34.954189471000063, 2.468321950000075 ], [ 34.955110337000065, 2.467348780000066 ], [ 34.955680316000041, 2.466685339000037 ], [ 34.955722944000058, 2.465801809000027 ], [ 34.955369723000047, 2.464521313000034 ], [ 34.955016116000024, 2.462975781000068 ], [ 34.954487284000038, 2.461739707000049 ], [ 34.953914930000053, 2.460768744000063 ], [ 34.953518183000028, 2.45975334700006 ], [ 34.953296728000055, 2.45847264300005 ], [ 34.953821814000037, 2.457146676000036 ], [ 34.95422493600006, 2.456509994000044 ], [ 34.954540116000032, 2.455802759000051 ], [ 34.95464454200004, 2.455131165000068 ], [ 34.954363110000031, 2.454884219000064 ], [ 34.953660110000044, 2.454673214000024 ], [ 34.952816570000039, 2.454462425000031 ], [ 34.952148553000029, 2.45414536200002 ], [ 34.951620708000064, 2.453580722000027 ], [ 34.951057992000074, 2.453192821000073 ], [ 34.950214964000054, 2.453335415000026 ], [ 34.949582956000029, 2.453619046000028 ], [ 34.948985153000024, 2.453266537000047 ], [ 34.948457361000067, 2.452737235000029 ], [ 34.947823765000066, 2.45192537500003 ], [ 34.947295922000023, 2.451360731000022 ], [ 34.946874106000053, 2.451219992000063 ], [ 34.946453056000053, 2.451609337000036 ], [ 34.94624305800005, 2.452175062000038 ], [ 34.945927309000069, 2.452493570000058 ], [ 34.945540722000032, 2.45242346200007 ], [ 34.945118394000076, 2.451929336000035 ], [ 34.944660877000047, 2.451399919000039 ], [ 34.944028041000024, 2.451118140000062 ], [ 34.943430299000056, 2.450800958000059 ], [ 34.94286721900005, 2.450165688000027 ], [ 34.942830917000038, 2.449352949000058 ], [ 34.94356756600007, 2.448539083000071 ], [ 34.94398867700005, 2.44818508000003 ], [ 34.944304018000025, 2.447583860000066 ], [ 34.944513906000054, 2.446947451000028 ], [ 34.944442927000068, 2.446452819000058 ], [ 34.94380994100004, 2.446065014000055 ], [ 34.943107300000065, 2.446101380000073 ], [ 34.942264730000034, 2.446562012000072 ], [ 34.94156259600004, 2.446951756000033 ], [ 34.940895703000024, 2.447412132000068 ], [ 34.940614478000043, 2.447306526000034 ], [ 34.940473327000063, 2.446882669000047 ], [ 34.940964248000057, 2.446210519000033 ], [ 34.941104117000066, 2.445750911000061 ], [ 34.941138644000034, 2.445326789000035 ], [ 34.940716472000076, 2.44493867400007 ], [ 34.939872884000067, 2.444692538000027 ], [ 34.939450764000071, 2.444339763000073 ], [ 34.939097641000046, 2.443103411000038 ], [ 34.938833439000064, 2.442626724000036 ], [ 34.938551607000079, 2.442097046000072 ], [ 34.938094250000063, 2.441673647000073 ], [ 34.937566821000075, 2.441391697000029 ], [ 34.937355407000041, 2.440967941000054 ], [ 34.937600235000048, 2.440190124000026 ], [ 34.937845620000076, 2.43980104700006 ], [ 34.937634106000075, 2.439306606000059 ], [ 34.937738901000046, 2.43888239100005 ], [ 34.938194939000027, 2.438386983000044 ], [ 34.938299734000054, 2.437962759000072 ], [ 34.938264242000059, 2.437715446000027 ], [ 34.937806685000055, 2.437150680000059 ], [ 34.937279015000058, 2.436692039000036 ], [ 34.936821358000032, 2.436056607000069 ], [ 34.936539216000028, 2.435314894000044 ], [ 34.936152381000056, 2.435068080000065 ], [ 34.935520774000054, 2.435634415000038 ], [ 34.935240604000057, 2.43627092600002 ], [ 34.934854375000043, 2.436448175000066 ], [ 34.934326856000041, 2.436095548000026 ], [ 34.933904943000073, 2.435884126000076 ], [ 34.933132230000069, 2.436061942000038 ], [ 34.932570433000024, 2.43631012700007 ], [ 34.932219037000038, 2.436275293000051 ], [ 34.931972286000075, 2.435710227000072 ], [ 34.932006365000063, 2.434968054000024 ], [ 34.932074815000078, 2.433695752000062 ], [ 34.932424448000063, 2.432493720000025 ], [ 34.932528642000079, 2.43164543000006 ], [ 34.932491550000066, 2.430267265000055 ], [ 34.932736829000078, 2.429807505000042 ], [ 34.933263194000062, 2.429347340000049 ], [ 34.933297677000041, 2.428887885000051 ], [ 34.933103456000026, 2.428199051000036 ], [ 34.932224438000048, 2.427740910000068 ], [ 34.931486020000079, 2.427317907000031 ], [ 34.930852594000044, 2.426612036000051 ], [ 34.930605900000046, 2.426082300000076 ], [ 34.929798012000049, 2.426224819000026 ], [ 34.929236466000077, 2.426649700000041 ], [ 34.928146997000056, 2.426439223000045 ], [ 34.927268290000029, 2.426193109000053 ], [ 34.926319309000064, 2.425947104000045 ], [ 34.926669852000032, 2.425381168000058 ], [ 34.927160884000045, 2.424779698000066 ], [ 34.926809039000034, 2.424426811000046 ], [ 34.925684634000049, 2.424357747000045 ], [ 34.924419747000059, 2.424324216000059 ], [ 34.923752046000061, 2.42421915500006 ], [ 34.922978693000061, 2.42393755300003 ], [ 34.922415884000031, 2.423478948000025 ], [ 34.921922962000053, 2.422737525000059 ], [ 34.92104389800005, 2.422244029000069 ], [ 34.920270197000036, 2.421715049000056 ], [ 34.91963742400003, 2.421468575000063 ], [ 34.919075176000035, 2.421398693000071 ], [ 34.918407972000068, 2.421647020000023 ], [ 34.917775995000056, 2.421965981000028 ], [ 34.917389513000046, 2.421966532000056 ], [ 34.91745889200007, 2.421330321000028 ], [ 34.917738470000074, 2.420269743000063 ], [ 34.917666563000068, 2.419103648000032 ], [ 34.917489603000035, 2.418185078000022 ], [ 34.917382652000072, 2.417089708000049 ], [ 34.917768636000062, 2.416735766000045 ], [ 34.918154968000067, 2.416629200000045 ], [ 34.918189659000063, 2.41631109900004 ], [ 34.917590288000042, 2.414827693000063 ], [ 34.91755420800007, 2.414156300000059 ], [ 34.917728288000035, 2.413025197000024 ], [ 34.917797570000062, 2.412318312000025 ], [ 34.917883599000049, 2.411028300000055 ], [ 34.917636074000029, 2.409897796000052 ], [ 34.917459606000079, 2.409332618000064 ], [ 34.917458467000074, 2.408519816000023 ], [ 34.917773682000075, 2.407812583000066 ], [ 34.917843115000039, 2.407211714000027 ], [ 34.917631867000068, 2.406893962000026 ], [ 34.917069179000066, 2.40650602300002 ], [ 34.917067943000063, 2.405622536000067 ], [ 34.917066757000043, 2.404774401000054 ], [ 34.916749507000077, 2.404032720000032 ], [ 34.916080334000071, 2.402867467000021 ], [ 34.91562250800007, 2.402090651000037 ], [ 34.91534019900007, 2.401207560000046 ], [ 34.915092881000078, 2.400218411000026 ], [ 34.915477830000043, 2.399122344000034 ], [ 34.915722735000031, 2.398379869000053 ], [ 34.91563182200008, 2.39617129200002 ], [ 34.915736140000035, 2.395393673000058 ], [ 34.915735010000049, 2.394580869000038 ], [ 34.915874416000065, 2.393767868000054 ], [ 34.916540677000057, 2.392848109000056 ], [ 34.917453523000063, 2.392387414000041 ], [ 34.918471613000065, 2.391820553000059 ], [ 34.919454711000071, 2.39135974900006 ], [ 34.920472806000078, 2.390792888000021 ], [ 34.919698139000047, 2.389557108000076 ], [ 34.919134824000025, 2.388709755000036 ], [ 34.918641919000038, 2.387968319000038 ], [ 34.918535734000045, 2.387403041000027 ], [ 34.918779512000071, 2.38584776600004 ], [ 34.918953369000064, 2.384539975000052 ], [ 34.920467006000024, 2.373953726000025 ], [ 34.920953843000063, 2.370313099000043 ], [ 34.923200954000038, 2.356545327000049 ], [ 34.925448610000046, 2.343130975000065 ], [ 34.927730402000066, 2.328939140000045 ], [ 34.930047531000071, 2.31485331500005 ], [ 34.932258820000072, 2.300378932000058 ], [ 34.934365067000044, 2.286116758000048 ], [ 34.934863679000046, 2.282673916000022 ], [ 34.935780925000074, 2.276340540000035 ], [ 34.937757174000069, 2.263120262000029 ], [ 34.940181155000062, 2.247668391000047 ], [ 34.940310615000044, 2.246785971000065 ], [ 34.939943109000069, 2.246786463000035 ], [ 34.940373577000059, 2.244847195000034 ], [ 34.940859861000035, 2.242155343000036 ], [ 34.941249610000057, 2.23984450100005 ], [ 34.941420292000032, 2.23879626300004 ], [ 34.941855915000076, 2.236819427000057 ], [ 34.942152822000025, 2.234079019000035 ], [ 34.942372098000078, 2.232768742000076 ], [ 34.942832877000058, 2.229842056000052 ], [ 34.943214177000073, 2.227420207000023 ], [ 34.943773208000039, 2.224371072000054 ], [ 34.944738260000065, 2.218045612000026 ], [ 34.945223365000061, 2.215616018000048 ], [ 34.946262597000043, 2.208623347000071 ], [ 34.94765831400008, 2.201417758000048 ], [ 34.949125577000075, 2.194117154000025 ], [ 34.950468902000068, 2.188008047000039 ], [ 34.95152063200004, 2.183471133000069 ], [ 34.952031430000034, 2.180612535000023 ], [ 34.953047798000057, 2.175702908000062 ], [ 34.95440228800004, 2.169748853000044 ], [ 34.955105426000046, 2.166295114000036 ], [ 34.957029280000029, 2.157637730000033 ], [ 34.95864212400005, 2.149622621000049 ], [ 34.960372807000056, 2.141751118000059 ], [ 34.962296839000032, 2.133069937000073 ], [ 34.96429538600006, 2.123650030000022 ], [ 34.964787172000058, 2.121428706000074 ], [ 34.965338772000052, 2.118937223000046 ], [ 34.966243708000036, 2.114849794000065 ], [ 34.968263256000057, 2.106026058000054 ], [ 34.970355895000068, 2.096773535000068 ], [ 34.97162475600004, 2.091427130000056 ], [ 34.97146164000003, 2.09083034300005 ], [ 34.971487215000025, 2.090425162000031 ], [ 34.971702248000042, 2.090044711000075 ], [ 34.972131223000076, 2.08952221800007 ], [ 34.972418461000075, 2.088903686000037 ], [ 34.97254025400008, 2.08818902500002 ], [ 34.972803794000072, 2.087570385000049 ], [ 34.973018944000046, 2.087166102000026 ], [ 34.973435681000069, 2.08672699300007 ], [ 34.973602777000053, 2.086465525000051 ], [ 34.973369335000029, 2.085701510000035 ], [ 34.973158933000036, 2.085080654000024 ], [ 34.973137448000045, 2.084603729000037 ], [ 34.973474501000055, 2.083460936000051 ], [ 34.973912425000037, 2.08100735000005 ], [ 34.974639125000067, 2.077601470000047 ], [ 34.976684786000078, 2.068277273000035 ], [ 34.978462279000041, 2.060573024000064 ], [ 34.97888731300003, 2.058345880000047 ], [ 34.979346627000041, 2.056393072000049 ], [ 34.979733628000076, 2.054702177000024 ], [ 34.980145767000067, 2.052701459000048 ], [ 34.980485492000071, 2.050986504000036 ], [ 34.980765921000057, 2.049283188000061 ], [ 34.980751204000057, 2.047351992000074 ], [ 34.98090458300004, 2.044944765000025 ], [ 34.981106573000034, 2.042275520000032 ], [ 34.981587617000059, 2.033110893000071 ], [ 34.981864288000054, 2.026720865000073 ], [ 34.982168416000036, 2.023075247000065 ], [ 34.982179577000068, 2.022721859000058 ], [ 34.98234132500005, 2.01852660000003 ], [ 34.984540804000062, 1.997148932000073 ], [ 34.984789787000068, 1.994828575000042 ], [ 34.984979821000024, 1.989664838000067 ], [ 34.985051055000042, 1.987927726000066 ], [ 34.985089557000038, 1.987244247000035 ], [ 34.985096876000057, 1.987114284000029 ], [ 34.985252799000079, 1.984346314000049 ], [ 34.985300376000055, 1.982442674000026 ], [ 34.98660368000003, 1.979918456000064 ], [ 34.990122392000046, 1.975070899000059 ], [ 34.992112773000031, 1.972260110000036 ], [ 34.997076876000051, 1.965149900000029 ], [ 34.998522283000057, 1.962958607000076 ], [ 35.000690340000062, 1.960064292000027 ], [ 35.000950984000042, 1.959683186000063 ], [ 35.000951371000042, 1.956066434000036 ], [ 35.000951660000055, 1.953401450000058 ], [ 35.00096393900003, 1.949511039000072 ], [ 35.000940815000035, 1.944466659000057 ], [ 35.000964620000047, 1.943491049000045 ], [ 35.000953122000055, 1.940481068000054 ], [ 35.000989848000074, 1.930594426000027 ], [ 35.000955551000061, 1.920803063000051 ], [ 35.000968681000074, 1.911059224000041 ], [ 35.000958189000073, 1.901220231000025 ], [ 35.00099510900003, 1.891595328000051 ], [ 35.00096102100008, 1.88192293700007 ], [ 35.000971142000026, 1.874798112000065 ], [ 35.000974328000041, 1.872559792000061 ], [ 35.000987628000075, 1.86345839300003 ], [ 35.000977306000038, 1.85433323500007 ], [ 35.00096699900007, 1.845422230000054 ], [ 35.000980503000051, 1.836059093000074 ], [ 35.000994029000026, 1.826886306000063 ], [ 35.00096036900004, 1.816975956000022 ], [ 35.000973989000045, 1.807850767000048 ], [ 35.001011313000049, 1.798892097000021 ], [ 35.000988006000057, 1.797036155000058 ], [ 35.001014165000072, 1.785115091000023 ], [ 35.000966996000045, 1.784139589000063 ], [ 35.000980979000076, 1.774181583000029 ], [ 35.000975373000074, 1.769716583000047 ], [ 35.000970906000077, 1.766150956000047 ], [ 35.001017886000056, 1.758732455000029 ], [ 35.001053628000079, 1.755821211000068 ], [ 35.000874019000037, 1.754343424000069 ], [ 35.000865979000025, 1.754300148000027 ], [ 35.000292072000036, 1.751208948000055 ], [ 35.000073709000048, 1.749707601000068 ], [ 34.99979581100007, 1.747574028000031 ], [ 34.99954654000004, 1.744330716000036 ], [ 34.998503153000058, 1.736633888000028 ], [ 34.998039688000063, 1.733152606000033 ], [ 34.997591377000049, 1.728926044000048 ], [ 34.997247500000071, 1.725445514000057 ], [ 34.996687816000076, 1.719301593000068 ], [ 34.996511473000055, 1.715798447000054 ], [ 34.995998439000061, 1.709938771000054 ], [ 34.995747947000041, 1.707003050000026 ], [ 34.995333446000075, 1.700481440000033 ], [ 34.995178014000032, 1.69768829100002 ], [ 34.994760822000046, 1.691805543000044 ], [ 34.994512068000063, 1.68846757700004 ], [ 34.994399988000055, 1.687015794000047 ], [ 34.994025004000036, 1.682158453000056 ], [ 34.993795928000054, 1.67981442100006 ], [ 34.993235123000034, 1.673978073000058 ], [ 34.992867672000045, 1.670450037000023 ], [ 34.99234963400005, 1.665797092000048 ], [ 34.992263454000067, 1.663595927000074 ], [ 34.99198496200006, 1.661630180000031 ], [ 34.991120340000066, 1.659719848000066 ], [ 34.989865290000068, 1.656848715000024 ], [ 34.988704363000068, 1.654333114000053 ], [ 34.986675882000043, 1.650593357000048 ], [ 34.986618716000066, 1.650483003000033 ], [ 34.984683744000051, 1.646747344000062 ], [ 34.983757991000061, 1.645156058000055 ], [ 34.981350300000031, 1.640633001000026 ], [ 34.980164788000025, 1.638282850000053 ], [ 34.978978873000074, 1.636027330000047 ], [ 34.976452082000037, 1.63140882600004 ], [ 34.975265972000045, 1.629200625000067 ], [ 34.974105732000055, 1.626542996000069 ], [ 34.972341931000074, 1.622449909000068 ], [ 34.970776526000066, 1.619482066000046 ], [ 34.969638778000046, 1.617155840000066 ], [ 34.967990358000065, 1.614033637000034 ], [ 34.966353341000058, 1.611041660000069 ], [ 34.965190365000069, 1.609022869000057 ], [ 34.96304340100005, 1.605069257000025 ], [ 34.961762518000057, 1.602671109000028 ], [ 34.961530885000059, 1.602166965000038 ], [ 34.961075554000047, 1.601175948000048 ], [ 34.957403869000075, 1.595606165000049 ], [ 34.954670796000073, 1.591156990000059 ], [ 34.953798845000051, 1.589890338000032 ], [ 34.952217570000073, 1.586660578000021 ], [ 34.94968670600008, 1.582258099000057 ], [ 34.947046959000033, 1.577793135000036 ], [ 34.944415521000053, 1.573883624000075 ], [ 34.944049909000057, 1.573657075000028 ], [ 34.938005279000038, 1.569555150000042 ], [ 34.932349402000057, 1.565468474000056 ], [ 34.927347084000075, 1.56191317300005 ], [ 34.924250860000029, 1.559787886000038 ], [ 34.921178296000051, 1.558030303000066 ], [ 34.914838933000055, 1.554663930000061 ], [ 34.909355068000025, 1.55160971600003 ], [ 34.907348041000034, 1.550312725000026 ], [ 34.906321501000036, 1.549985055000036 ], [ 34.902877979000039, 1.550715819000061 ], [ 34.896884556000032, 1.551667973000065 ], [ 34.890976552000041, 1.55253396400002 ], [ 34.890673055000036, 1.552213448000032 ], [ 34.886525168000048, 1.547765188000028 ], [ 34.882423952000067, 1.543301228000075 ], [ 34.878441903000066, 1.539076592000072 ], [ 34.878260589000035, 1.538884221000046 ], [ 34.873615256000051, 1.53451457400007 ], [ 34.869234238000047, 1.530097697000031 ], [ 34.866915413000072, 1.527846335000049 ], [ 34.864822086000061, 1.525618240000028 ], [ 34.863535433000038, 1.521182958000054 ], [ 34.862357883000072, 1.517029268000044 ], [ 34.861118219000048, 1.512969507000037 ], [ 34.859971630000075, 1.508612327000037 ], [ 34.858933943000068, 1.504317650000075 ], [ 34.855956502000026, 1.495416078000062 ], [ 34.855145253000046, 1.492240075000041 ], [ 34.854872110000031, 1.491011870000023 ], [ 34.853757037000037, 1.487077162000048 ], [ 34.85259499700004, 1.482735613000045 ], [ 34.851324055000077, 1.478315906000034 ], [ 34.850224358000048, 1.47411513000003 ], [ 34.84896894600007, 1.469648449000033 ], [ 34.847977995000065, 1.465306731000055 ], [ 34.846722310000075, 1.460448811000049 ], [ 34.845287266000071, 1.45491030900007 ], [ 34.844983632000037, 1.454386328000055 ], [ 34.843559607000032, 1.452814783000065 ], [ 34.842454754000073, 1.45175157400007 ], [ 34.837159679000024, 1.451043901000048 ], [ 34.835371132000034, 1.450560242000051 ], [ 34.833971427000051, 1.450217112000075 ], [ 34.833007017000057, 1.449779723000063 ], [ 34.831816915000047, 1.449053023000033 ], [ 34.829078201000073, 1.446504469000047 ], [ 34.82764660600003, 1.44517546700007 ], [ 34.827265117000024, 1.444510689000026 ], [ 34.827143271000068, 1.444096370000068 ], [ 34.82698447100006, 1.44355633400005 ], [ 34.826610679000055, 1.44280548100005 ], [ 34.825124257000027, 1.440952278000054 ], [ 34.823753882000062, 1.438402598000039 ], [ 34.821028047000027, 1.432442508000065 ], [ 34.820596065000075, 1.431831143000068 ], [ 34.81958034400003, 1.430393636000076 ], [ 34.81821085100006, 1.428908069000045 ], [ 34.817440541000053, 1.428134059000058 ], [ 34.816335998000056, 1.427430726000068 ], [ 34.814936138000064, 1.426884115000064 ], [ 34.811351019000028, 1.42558026100005 ], [ 34.809702237000067, 1.424861713000041 ], [ 34.807353564000039, 1.423924619000047 ], [ 34.805012569000041, 1.422870156000045 ], [ 34.801543199000037, 1.420462899000029 ], [ 34.799535950000063, 1.418664825000064 ], [ 34.798539928000025, 1.417538858000057 ], [ 34.796183670000062, 1.41398392900004 ], [ 34.796119188000034, 1.413886644000058 ], [ 34.795013644000051, 1.411884392000047 ], [ 34.794593023000061, 1.410851874000059 ], [ 34.794499309000059, 1.410304226000051 ], [ 34.794545128000038, 1.409224387000052 ], [ 34.794824411000036, 1.40844170500003 ], [ 34.795196909000026, 1.40754940100004 ], [ 34.795592828000053, 1.406790108000052 ], [ 34.796182986000076, 1.405850690000022 ], [ 34.796788660000061, 1.40487997200006 ], [ 34.797285743000032, 1.404237962000025 ], [ 34.798062702000038, 1.403580094000063 ], [ 34.799251361000074, 1.402460249000058 ], [ 34.79981058900006, 1.401755605000062 ], [ 34.800028061000035, 1.401473751000026 ], [ 34.80018315600006, 1.400941551000074 ], [ 34.800478025000075, 1.400205813000071 ], [ 34.800617725000052, 1.399892713000042 ], [ 34.801099363000048, 1.399375919000022 ], [ 34.801666321000027, 1.398616488000073 ], [ 34.802489155000046, 1.396957035000071 ], [ 34.802768353000033, 1.396049161000064 ], [ 34.80329637400007, 1.395203701000071 ], [ 34.803622390000044, 1.394530537000037 ], [ 34.804250994000029, 1.393035544000043 ], [ 34.804949419000025, 1.39136054100004 ], [ 34.805686639000044, 1.38956814300002 ], [ 34.806524232000072, 1.386860187000025 ], [ 34.806973825000057, 1.38512277500007 ], [ 34.807166993000067, 1.383549894000055 ], [ 34.80724289300008, 1.381108552000057 ], [ 34.807102515000054, 1.380529642000056 ], [ 34.806876807000037, 1.380209022000031 ], [ 34.793830014000036, 1.368286389000048 ], [ 34.787452300000041, 1.363597051000056 ], [ 34.787451506000025, 1.363597821000042 ], [ 34.787066157000027, 1.364064633000055 ], [ 34.786092070000052, 1.365244644000029 ], [ 34.782798424000077, 1.368909487000053 ], [ 34.782705380000039, 1.36914467400004 ], [ 34.782705985000064, 1.369145901000024 ], [ 34.782767807000027, 1.369271228000059 ], [ 34.782846930000062, 1.369403573000056 ], [ 34.78296234700008, 1.369596625000042 ], [ 34.782962458000043, 1.369745754000064 ], [ 34.783007290000057, 1.369847510000056 ], [ 34.78296477400005, 1.370039332000033 ], [ 34.782962682000061, 1.37004876900005 ], [ 34.782871463000049, 1.370151325000052 ], [ 34.782729270000061, 1.370311188000073 ], [ 34.782434155000033, 1.370673127000032 ], [ 34.782372511000062, 1.37084499100007 ], [ 34.782372376000069, 1.370845509000048 ], [ 34.782372125000052, 1.370846475000064 ], [ 34.782311477000064, 1.371080149000022 ], [ 34.782248196000069, 1.371315314000071 ], [ 34.782248213000059, 1.371315416000073 ], [ 34.782250444000056, 1.371328942000048 ], [ 34.782310592000044, 1.371693735000065 ], [ 34.782310811000059, 1.371695066000029 ], [ 34.782296509000048, 1.372158330000047 ], [ 34.782295475000069, 1.372191833000045 ], [ 34.782295456000043, 1.37219243800007 ], [ 34.782258146000061, 1.372288658000059 ], [ 34.782186721000073, 1.372472853000033 ], [ 34.782062856000039, 1.372798489000047 ], [ 34.781837338000059, 1.37310611700002 ], [ 34.781832347000034, 1.37312311200003 ], [ 34.781754996000075, 1.373386512000025 ], [ 34.781683717000078, 1.373634414000037 ], [ 34.781682180000075, 1.373639764000075 ], [ 34.781511785000077, 1.37407395200006 ], [ 34.781485796000027, 1.374322802000052 ], [ 34.781465505000028, 1.37451709100003 ], [ 34.781473591000065, 1.374578296000038 ], [ 34.78152762700006, 1.374987275000024 ], [ 34.781519967000065, 1.375197047000029 ], [ 34.781512766000048, 1.375394220000032 ], [ 34.781357568000033, 1.375864567000065 ], [ 34.78112481900007, 1.37627167200003 ], [ 34.780864863000033, 1.376700305000043 ], [ 34.78062003000008, 1.377104002000067 ], [ 34.780439229000024, 1.37726624000004 ], [ 34.780246842000054, 1.377438872000027 ], [ 34.779998229000057, 1.377656087000048 ], [ 34.779718761000026, 1.377909500000044 ], [ 34.779205667000042, 1.378145004000032 ], [ 34.779096898000034, 1.378380199000048 ], [ 34.778981362000025, 1.378634744000067 ], [ 34.77895729800008, 1.378687763000073 ], [ 34.778927680000038, 1.378774018000058 ], [ 34.778848589000063, 1.37900434900007 ], [ 34.778678051000043, 1.379239595000058 ], [ 34.778460371000051, 1.37952008700006 ], [ 34.778154475000065, 1.379728306000061 ], [ 34.778113891000032, 1.379748340000049 ], [ 34.77784855200008, 1.379879318000064 ], [ 34.777645416000041, 1.380044561000034 ], [ 34.77752819400007, 1.380298481000068 ], [ 34.777396052000029, 1.380823072000055 ], [ 34.777332754000042, 1.381170461000067 ], [ 34.777272455000059, 1.381501385000035 ], [ 34.777039018000039, 1.381736679000028 ], [ 34.776966722000054, 1.381852762000051 ], [ 34.776915058000043, 1.381935715000054 ], [ 34.776898510000024, 1.381979022000053 ], [ 34.776852846000054, 1.382098534000022 ], [ 34.776834342000029, 1.38223473000005 ], [ 34.776822127000059, 1.382324630000028 ], [ 34.776822129000038, 1.382327448000069 ], [ 34.77682237700003, 1.382659219000061 ], [ 34.77682259900007, 1.38295763800005 ], [ 34.776807098000063, 1.383256064000022 ], [ 34.776714077000065, 1.383518383000023 ], [ 34.776636255000028, 1.383834940000042 ], [ 34.776626518000057, 1.383858125000074 ], [ 34.77653366800007, 1.384079181000061 ], [ 34.776450139000076, 1.384269142000051 ], [ 34.776421181000046, 1.384328244000073 ], [ 34.776357374000042, 1.384458472000063 ], [ 34.776357059000077, 1.384459115000027 ], [ 34.776403764000065, 1.384585681000033 ], [ 34.776622013000065, 1.384871602000032 ], [ 34.776679836000028, 1.384938646000023 ], [ 34.776743368000041, 1.385012308000057 ], [ 34.776739839000072, 1.385062555000047 ], [ 34.776676724000026, 1.385390295000036 ], [ 34.776687318000029, 1.385571177000031 ], [ 34.776692082000068, 1.385652528000037 ], [ 34.776692142000059, 1.385652662000041 ], [ 34.776724105000028, 1.385723832000053 ], [ 34.776785458000063, 1.385860445000048 ], [ 34.77686538100005, 1.38596463500005 ], [ 34.776972644000068, 1.386104466000063 ], [ 34.777060549000055, 1.386232021000069 ], [ 34.777128362000042, 1.386330421000025 ], [ 34.777392463000069, 1.386547249000046 ], [ 34.777843623000024, 1.38684532700006 ], [ 34.777847895000036, 1.386849495000035 ], [ 34.777942970000026, 1.386942239000064 ], [ 34.777957293000043, 1.387021184000048 ], [ 34.777968602000044, 1.387261207000051 ], [ 34.777968821000059, 1.387267708000024 ], [ 34.777984020000076, 1.387719709000066 ], [ 34.777984110000034, 1.38772238100006 ], [ 34.777865170000041, 1.387876203000076 ], [ 34.777779632000033, 1.387991734000025 ], [ 34.777751288000047, 1.388030016000073 ], [ 34.777735693000068, 1.388201846000072 ], [ 34.77773604600003, 1.388203603000022 ], [ 34.777783041000077, 1.388436928000033 ], [ 34.77778386500006, 1.388442983000061 ], [ 34.777853064000055, 1.388952321000033 ], [ 34.777853322000055, 1.389295950000076 ], [ 34.777946795000048, 1.389639508000073 ], [ 34.778227323000067, 1.390046231000042 ], [ 34.778358214000036, 1.390252175000057 ], [ 34.778491574000043, 1.390462005000074 ], [ 34.778531904000033, 1.390586136000024 ], [ 34.778584906000049, 1.390749264000021 ], [ 34.778585569000029, 1.390751307000073 ], [ 34.778582773000039, 1.390761481000027 ], [ 34.778463434000059, 1.391195586000038 ], [ 34.778461245000074, 1.391203547000032 ], [ 34.778384955000035, 1.391340735000028 ], [ 34.778290196000057, 1.39151113600002 ], [ 34.778219315000058, 1.391713313000025 ], [ 34.778150663000076, 1.391909132000023 ], [ 34.778135017000068, 1.391923118000022 ], [ 34.77812085000005, 1.39193577900005 ], [ 34.778108146000079, 1.391953388000047 ], [ 34.778037730000051, 1.392050992000065 ], [ 34.777945997000074, 1.392136060000041 ], [ 34.777918948000035, 1.392161143000067 ], [ 34.777813048000041, 1.39221089900002 ], [ 34.777709818000062, 1.392259399000068 ], [ 34.777659939000046, 1.392316860000051 ], [ 34.777662356000064, 1.392369496000072 ], [ 34.777767599000072, 1.392624971000032 ], [ 34.777778451000074, 1.392651314000034 ], [ 34.777796368000054, 1.392703795000045 ], [ 34.77782432500004, 1.392785687000071 ], [ 34.777817331000051, 1.392976450000049 ], [ 34.777811819000078, 1.392985532000068 ], [ 34.77776810000006, 1.393057552000073 ], [ 34.777754917000038, 1.393068390000053 ], [ 34.777679567000064, 1.393130334000034 ], [ 34.777610712000069, 1.393245232000027 ], [ 34.777596006000067, 1.393328234000023 ], [ 34.777582305000067, 1.39340555800004 ], [ 34.777582352000024, 1.393467766000072 ], [ 34.777573820000043, 1.393521700000065 ], [ 34.777572888000066, 1.39352758900003 ], [ 34.777542013000073, 1.393568286000061 ], [ 34.777540369000064, 1.39356890800002 ], [ 34.777530920000061, 1.393572483000071 ], [ 34.77748497400006, 1.393589864000035 ], [ 34.777449311000055, 1.393585105000057 ], [ 34.777419103000057, 1.393572568000025 ], [ 34.77741536700006, 1.393571017000056 ], [ 34.777395790000071, 1.393562891000045 ], [ 34.77738514400005, 1.393558473000041 ], [ 34.777244352000025, 1.393483291000052 ], [ 34.777114911000069, 1.393408977000036 ], [ 34.777071313000079, 1.393383947000075 ], [ 34.77686910500006, 1.393320801000073 ], [ 34.776818288000072, 1.393333989000041 ], [ 34.776729300000056, 1.393357082000023 ], [ 34.776725377000048, 1.393362616000047 ], [ 34.776434230000064, 1.393773282000041 ], [ 34.776316823000059, 1.393861128000026 ], [ 34.776216463000026, 1.393936220000057 ], [ 34.775874564000048, 1.39406308100007 ], [ 34.775768292000066, 1.394130202000042 ], [ 34.775688210000055, 1.394180780000056 ], [ 34.775623720000056, 1.394265112000028 ], [ 34.77556366400006, 1.394343647000028 ], [ 34.77547136700008, 1.394558970000048 ], [ 34.775496553000039, 1.394616461000055 ], [ 34.775506646000053, 1.39465528300002 ], [ 34.775576148000027, 1.39470921100002 ], [ 34.775598872000046, 1.394726843000058 ], [ 34.775669656000048, 1.394730527000036 ], [ 34.775713031000066, 1.394732785000031 ], [ 34.775820399000054, 1.394747898000048 ], [ 34.775865703000079, 1.394764746000021 ], [ 34.775909326000033, 1.394776530000058 ], [ 34.775931153000045, 1.394803526000032 ], [ 34.775943822000045, 1.394828974000063 ], [ 34.775946270000077, 1.394833892000065 ], [ 34.775959237000052, 1.39485994100005 ], [ 34.775961427000027, 1.39490986200002 ], [ 34.775944687000049, 1.394957146000024 ], [ 34.775922915000024, 1.395002745000056 ], [ 34.775911196000038, 1.395033143000035 ], [ 34.775891388000048, 1.395059764000052 ], [ 34.775886059000072, 1.395066926000027 ], [ 34.775882714000034, 1.395068508000065 ], [ 34.77585379900006, 1.39508217100007 ], [ 34.775803089000078, 1.395120341000052 ], [ 34.775689851000038, 1.395137982000051 ], [ 34.775592564000078, 1.395143121000046 ], [ 34.775436587000058, 1.395178693000048 ], [ 34.775329259000046, 1.395215916000041 ], [ 34.775200144000053, 1.395281856000054 ], [ 34.774987325000041, 1.395427695000024 ], [ 34.774927328000047, 1.39547484700006 ], [ 34.774893336000048, 1.39550156100006 ], [ 34.774844710000025, 1.395528610000042 ], [ 34.774784338000075, 1.39555060400005 ], [ 34.774707177000039, 1.395552351000049 ], [ 34.774671937000051, 1.395535495000047 ], [ 34.774561737000056, 1.395450052000058 ], [ 34.774470525000027, 1.39540250400006 ], [ 34.774289067000041, 1.395312211000032 ], [ 34.774134078000031, 1.395312329000035 ], [ 34.774134098000047, 1.39533945900007 ], [ 34.77413424100007, 1.395529362000048 ], [ 34.774134005000064, 1.395529895000038 ], [ 34.773994951000077, 1.395844012000055 ], [ 34.773994085000027, 1.39584596800006 ], [ 34.773983055000031, 1.39584661300006 ], [ 34.773837413000024, 1.395855132000065 ], [ 34.773589772000037, 1.395873406000021 ], [ 34.773209039000051, 1.395882741000037 ], [ 34.772695842000076, 1.395991643000059 ], [ 34.772436301000027, 1.396053616000074 ], [ 34.772353910000049, 1.396073289000071 ], [ 34.77212103200003, 1.396308585000043 ], [ 34.772120198000039, 1.396310045000064 ], [ 34.771890625000026, 1.396711609000022 ], [ 34.771888290000049, 1.396715693000033 ], [ 34.771877595000035, 1.396717256000045 ], [ 34.771358322000026, 1.396793142000035 ], [ 34.771328465000067, 1.396797505000052 ], [ 34.770939118000058, 1.396562687000028 ], [ 34.77074861300008, 1.396533268000042 ], [ 34.770706041000039, 1.396526693000055 ], [ 34.770535390000077, 1.39661725000002 ], [ 34.770450297000025, 1.396728524000025 ], [ 34.770410843000036, 1.396780117000048 ], [ 34.770393176000027, 1.396894479000025 ], [ 34.770380106000061, 1.39697908900007 ], [ 34.770379912000067, 1.396981676000053 ], [ 34.77034896300006, 1.397386044000029 ], [ 34.770349194000062, 1.397387762000051 ], [ 34.77038058800008, 1.397621139000023 ], [ 34.770383433000063, 1.397628651000048 ], [ 34.77045429900005, 1.397815773000048 ], [ 34.770607236000046, 1.398084014000062 ], [ 34.770648691000076, 1.398130880000053 ], [ 34.770674632000066, 1.398201206000067 ], [ 34.770726565000075, 1.398412204000067 ], [ 34.770769795000035, 1.39849788600003 ], [ 34.770769856000072, 1.398498008000047 ], [ 34.770769796000025, 1.39849840100004 ], [ 34.770757753000055, 1.398576321000064 ], [ 34.770729356000061, 1.39868055900007 ], [ 34.770675021000045, 1.398719681000046 ], [ 34.770569308000063, 1.398714741000049 ], [ 34.770527635000064, 1.398712794000062 ], [ 34.770520174000069, 1.398711242000047 ], [ 34.770423891000064, 1.398691212000074 ], [ 34.770369491000054, 1.39864175200006 ], [ 34.770281414000067, 1.398563656000022 ], [ 34.770144293000044, 1.398387090000028 ], [ 34.770007606000036, 1.398236343000065 ], [ 34.769883451000055, 1.398173136000025 ], [ 34.769841453000026, 1.398194817000046 ], [ 34.769743111000025, 1.398245585000041 ], [ 34.769662653000069, 1.39844742400004 ], [ 34.769634935000056, 1.398516956000037 ], [ 34.769633581000051, 1.398518904000071 ], [ 34.769344974000035, 1.398934047000068 ], [ 34.769339305000074, 1.398942203000047 ], [ 34.769181720000063, 1.398965253000028 ], [ 34.769152882000071, 1.398969471000044 ], [ 34.769117790000053, 1.399026899000035 ], [ 34.769075484000041, 1.399096131000022 ], [ 34.769075262000058, 1.399096590000056 ], [ 34.769022276000044, 1.399206059000051 ], [ 34.769001292000041, 1.399344020000058 ], [ 34.768985603000033, 1.399511157000063 ], [ 34.768988307000029, 1.399601350000069 ], [ 34.769057001000078, 1.39971407500002 ], [ 34.769072109000035, 1.399741367000047 ], [ 34.769141383000033, 1.399866512000074 ], [ 34.769159541000079, 1.399913617000038 ], [ 34.769173075000026, 1.399948724000069 ], [ 34.769177189000061, 1.399979187000042 ], [ 34.769186328000046, 1.400046867000071 ], [ 34.769138929000064, 1.400107917000071 ], [ 34.769078323000031, 1.400131839000039 ], [ 34.769017703000031, 1.400137190000066 ], [ 34.769000968000057, 1.400133965000066 ], [ 34.768949162000069, 1.400123978000067 ], [ 34.768884951000075, 1.400107073000072 ], [ 34.768858347000048, 1.400100069000075 ], [ 34.768790935000027, 1.400020640000037 ], [ 34.768790272000047, 1.400018831000068 ], [ 34.768772446000071, 1.39997025100007 ], [ 34.768783896000059, 1.399865849000037 ], [ 34.768753782000033, 1.399686417000055 ], [ 34.768711560000042, 1.399620130000073 ], [ 34.768619220000062, 1.39950613000002 ], [ 34.768555896000066, 1.399421290000021 ], [ 34.768500506000066, 1.399370929000042 ], [ 34.768457855000065, 1.399363963000042 ], [ 34.76845503800007, 1.399363503000075 ], [ 34.768445066000027, 1.399361875000068 ], [ 34.768426694000027, 1.399358875000075 ], [ 34.768267016000038, 1.399358996000046 ], [ 34.768127197000069, 1.399377187000027 ], [ 34.767987437000045, 1.399467721000065 ], [ 34.767753821000042, 1.399467898000069 ], [ 34.767629726000052, 1.399486078000052 ], [ 34.767608575000054, 1.399535275000062 ], [ 34.76756750100003, 1.399630813000044 ], [ 34.767535336000037, 1.399727780000035 ], [ 34.767533889000049, 1.399730182000042 ], [ 34.767343886000049, 1.400045616000057 ], [ 34.767256985000074, 1.400154446000045 ], [ 34.767164789000049, 1.400231447000067 ], [ 34.767130579000025, 1.400305751000076 ], [ 34.767101653000054, 1.400395968000055 ], [ 34.76708534200003, 1.400495294000052 ], [ 34.767017414000065, 1.400539282000068 ], [ 34.766944276000061, 1.400584348000052 ], [ 34.766838494000069, 1.400597382000058 ], [ 34.766748588000041, 1.400576626000031 ], [ 34.766680052000027, 1.400571372000059 ], [ 34.766600999000048, 1.400600613000051 ], [ 34.766495632000044, 1.400688235000075 ], [ 34.766451988000028, 1.400793891000035 ], [ 34.766363346000048, 1.400933917000032 ], [ 34.76603719700006, 1.401105984000026 ], [ 34.765710507000051, 1.401296136000042 ], [ 34.765333265000038, 1.401331538000022 ], [ 34.765321927000059, 1.401332602000025 ], [ 34.765174716000047, 1.401300614000036 ], [ 34.765073108000024, 1.401278535000074 ], [ 34.764917551000053, 1.40127865300002 ], [ 34.764883773000065, 1.401332645000025 ], [ 34.76485529100006, 1.401378173000069 ], [ 34.764770643000077, 1.40157718100005 ], [ 34.764684881000051, 1.401785235000034 ], [ 34.764591848000066, 1.402000976000068 ], [ 34.764591517000042, 1.402001750000068 ], [ 34.764591259000042, 1.40200234100007 ], [ 34.764576247000036, 1.402201296000044 ], [ 34.764443819000064, 1.402346396000041 ], [ 34.764311961000033, 1.402490873000033 ], [ 34.764140929000064, 1.402816549000022 ], [ 34.764001333000067, 1.403133161000028 ], [ 34.763883537000027, 1.403485947000036 ], [ 34.76387750300006, 1.403504018000035 ], [ 34.763404804000061, 1.403919023000071 ], [ 34.763403284000049, 1.403920357000061 ], [ 34.763201296000034, 1.404155630000048 ], [ 34.763069855000026, 1.40444657300003 ], [ 34.763046110000062, 1.404499130000033 ], [ 34.763045997000063, 1.404499381000051 ], [ 34.762750831000062, 1.404798027000027 ], [ 34.762393299000053, 1.405051499000024 ], [ 34.762355067000044, 1.405075923000027 ], [ 34.762321458000031, 1.40509085900004 ], [ 34.762144601000045, 1.405169456000067 ], [ 34.762073461000057, 1.405206649000036 ], [ 34.762033975000065, 1.405275652000057 ], [ 34.76198987500004, 1.405513001000031 ], [ 34.761921513000061, 1.40575760400003 ], [ 34.761917198000049, 1.405773044000057 ], [ 34.761896466000053, 1.405847221000045 ], [ 34.761896343000046, 1.405847664000021 ], [ 34.761881364000033, 1.406091835000041 ], [ 34.761756917000071, 1.406390352000074 ], [ 34.761654183000076, 1.40665292400007 ], [ 34.761633045000053, 1.406706948000021 ], [ 34.761632469000062, 1.406708110000068 ], [ 34.761431649000031, 1.407113111000058 ], [ 34.761431187000028, 1.407114041000057 ], [ 34.761275759000057, 1.407285972000068 ], [ 34.761275424000075, 1.407286910000039 ], [ 34.761233727000047, 1.407403567000074 ], [ 34.761166976000027, 1.407503090000034 ], [ 34.760762738000039, 1.40763 ], [ 34.760702443000071, 1.40764759700005 ], [ 34.760483132000047, 1.407711600000027 ], [ 34.760337546000073, 1.407798982000031 ], [ 34.760241764000057, 1.407856472000049 ], [ 34.759963093000067, 1.408217469000022 ], [ 34.759962373000064, 1.408218403000035 ], [ 34.759961636000071, 1.408218542000043 ], [ 34.759480609000036, 1.408309202000055 ], [ 34.759293684000056, 1.408417862000022 ], [ 34.759278664000078, 1.408607772000039 ], [ 34.75923240700007, 1.409078048000026 ], [ 34.758998917000042, 1.409250040000074 ], [ 34.758723299000053, 1.409396856000058 ], [ 34.758641899000054, 1.409440217000054 ], [ 34.758361671000046, 1.409440430000075 ], [ 34.758112908000044, 1.40945870500002 ], [ 34.75789510900006, 1.409585474000039 ], [ 34.757675987000027, 1.409591436000028 ], [ 34.757553118000033, 1.409594779000031 ], [ 34.757008982000059, 1.409640409000076 ], [ 34.75682237500007, 1.409423516000061 ], [ 34.756771128000025, 1.409286790000067 ], [ 34.756666505000055, 1.409007655000039 ], [ 34.756541600000048, 1.408691246000046 ], [ 34.756370812000057, 1.408600944000057 ], [ 34.756207154000037, 1.408655418000023 ], [ 34.756152972000052, 1.408673452000073 ], [ 34.755873437000048, 1.40884548300005 ], [ 34.755565895000075, 1.40899605900006 ], [ 34.755484965000051, 1.40903568300007 ], [ 34.75503414800005, 1.409207845000026 ], [ 34.755031901000052, 1.409209258000033 ], [ 34.754990926000062, 1.409235004000038 ], [ 34.754987439000047, 1.409237534000056 ], [ 34.754878671000029, 1.409316476000072 ], [ 34.754804509000053, 1.409640386000035 ], [ 34.754544431000056, 1.41021313300007 ], [ 34.754304261000073, 1.410742042000038 ], [ 34.753629021000052, 1.412299692000033 ], [ 34.752370067000072, 1.413016987000049 ], [ 34.750690893000069, 1.413303498000062 ], [ 34.750193590000038, 1.41369667500004 ], [ 34.750193332000038, 1.413696879000042 ], [ 34.750193591000027, 1.413697335000052 ], [ 34.750658859000055, 1.414517703000058 ], [ 34.750895359000026, 1.414738621000026 ], [ 34.751231139000026, 1.414966357000026 ], [ 34.751533358000074, 1.415194119000034 ], [ 34.751894289000063, 1.415396504000057 ], [ 34.752137675000029, 1.415489204000039 ], [ 34.752271964000045, 1.415548211000043 ], [ 34.752313984000068, 1.415641064000056 ], [ 34.752297261000024, 1.415717075000032 ], [ 34.752255367000032, 1.415793104000045 ], [ 34.752162218000024, 1.415919968000026 ], [ 34.752161435000062, 1.415920240000048 ], [ 34.750934360000031, 1.416345924000041 ], [ 34.750930670000059, 1.41634756000002 ], [ 34.750708486000065, 1.416446054000062 ], [ 34.750697888000047, 1.416632480000033 ], [ 34.750187016000041, 1.41677381300002 ], [ 34.75015082200008, 1.416791605000071 ], [ 34.750042207000035, 1.416844998000045 ], [ 34.749938953000026, 1.416965087000051 ], [ 34.749843678000047, 1.417125173000045 ], [ 34.749780190000024, 1.417269234000059 ], [ 34.749736587000029, 1.417429280000022 ], [ 34.749700902000029, 1.41754531700002 ], [ 34.74959764700003, 1.417665407000072 ], [ 34.749506980000035, 1.417840179000052 ], [ 34.749433217000046, 1.417942765000021 ], [ 34.749411064000071, 1.417973575000076 ], [ 34.74933558500004, 1.418029638000064 ], [ 34.749268035000057, 1.418057691000058 ], [ 34.749228290000076, 1.418061722000061 ], [ 34.749168650000058, 1.418037765000065 ], [ 34.749140757000077, 1.417945779000036 ], [ 34.749136680000049, 1.417809770000076 ], [ 34.749152414000037, 1.41758973900005 ], [ 34.74915210000006, 1.417587501000071 ], [ 34.749137087000065, 1.417480441000066 ], [ 34.749120443000038, 1.417361744000061 ], [ 34.749104500000044, 1.417301751000025 ], [ 34.748941356000046, 1.417065855000033 ], [ 34.748798173000068, 1.416945953000038 ], [ 34.74873055900008, 1.41689 ], [ 34.74857952900004, 1.416906117000053 ], [ 34.748464287000047, 1.416942208000023 ], [ 34.748400726000057, 1.416990260000034 ], [ 34.748333185000035, 1.417030315000034 ], [ 34.748221966000074, 1.417130408000048 ], [ 34.748142567000059, 1.417258480000044 ], [ 34.74810291700004, 1.417390521000073 ], [ 34.748091041000066, 1.417454536000037 ], [ 34.748103032000074, 1.417542534000063 ], [ 34.748138889000074, 1.417654517000074 ], [ 34.748158838000052, 1.417754510000066 ], [ 34.748193062000041, 1.417880295000032 ], [ 34.748135125000033, 1.417934544000047 ], [ 34.748095395000064, 1.417958576000046 ], [ 34.748043747000054, 1.417990618000033 ], [ 34.748011981000047, 1.418034646000024 ], [ 34.747991313000057, 1.418121265000025 ], [ 34.747997570000052, 1.418172539000068 ], [ 34.748004177000041, 1.418226669000035 ], [ 34.748119539000072, 1.418350591000035 ], [ 34.748199101000068, 1.418438539000022 ], [ 34.748203129000046, 1.418510542000035 ], [ 34.748155478000058, 1.418570583000076 ], [ 34.748079983000025, 1.418606643000032 ], [ 34.747968686000036, 1.418602728000053 ], [ 34.747785821000036, 1.41857086400006 ], [ 34.747682428000076, 1.418506938000064 ], [ 34.747567066000045, 1.418383015000074 ], [ 34.747431751000079, 1.418155098000057 ], [ 34.747387866000054, 1.417939113000045 ], [ 34.747371886000053, 1.417831116000059 ], [ 34.747312128000033, 1.417651145000036 ], [ 34.747069386000078, 1.417279298000039 ], [ 34.746959328000059, 1.417148126000029 ], [ 34.746923675000062, 1.417105634000052 ], [ 34.746898317000046, 1.417075411000042 ], [ 34.746707385000036, 1.416887540000062 ], [ 34.746536457000047, 1.416871668000056 ], [ 34.746425198000054, 1.416919757000073 ], [ 34.746337801000038, 1.41698382800007 ], [ 34.746238522000056, 1.417103915000041 ], [ 34.746143219000032, 1.417227998000044 ], [ 34.746087681000063, 1.417372053000065 ], [ 34.746111710000037, 1.417612056000053 ], [ 34.746128393000049, 1.417633420000072 ], [ 34.74620185200007, 1.417727495000065 ], [ 34.746433918000037, 1.417943839000031 ], [ 34.746612903000027, 1.418103718000054 ], [ 34.746736234000025, 1.418251636000036 ], [ 34.74677610100008, 1.418411620000029 ], [ 34.746823986000038, 1.418659605000073 ], [ 34.746804232000045, 1.418819634000045 ], [ 34.746772975000056, 1.418939541000043 ], [ 34.746764598000027, 1.418971677000059 ], [ 34.746740028000033, 1.419033633000026 ], [ 34.746709056000043, 1.419111731000044 ], [ 34.746653481000067, 1.419207782000058 ], [ 34.746566105000056, 1.419299857000055 ], [ 34.746490605000076, 1.419327917000032 ], [ 34.746350143000029, 1.419260540000039 ], [ 34.746341548000032, 1.419256417000042 ], [ 34.746132786000032, 1.419212179000056 ], [ 34.745985735000033, 1.419236294000029 ], [ 34.745818815000064, 1.419264423000072 ], [ 34.745687673000077, 1.419300526000029 ], [ 34.745508844000028, 1.419348666000076 ], [ 34.745230650000053, 1.419404883000027 ], [ 34.74493652600006, 1.419421108000051 ], [ 34.744781511000042, 1.419425227000033 ], [ 34.744646398000043, 1.419465333000062 ], [ 34.744519240000045, 1.419513434000066 ], [ 34.744403998000053, 1.419549525000036 ], [ 34.744300614000053, 1.419497598000021 ], [ 34.744217101000061, 1.41944165700005 ], [ 34.744070045000058, 1.419457771000054 ], [ 34.744026373000054, 1.419525810000039 ], [ 34.743982716000062, 1.419613850000076 ], [ 34.743947027000047, 1.419725888000073 ], [ 34.74390345200004, 1.419921938000073 ], [ 34.743867780000073, 1.420057977000056 ], [ 34.743800320000048, 1.420206042000075 ], [ 34.743788537000057, 1.420394068000064 ], [ 34.743776733000061, 1.420554091000042 ], [ 34.74375914500007, 1.420716768000034 ], [ 34.743701397000052, 1.420802170000059 ], [ 34.743613976000063, 1.420834239000044 ], [ 34.743503782000062, 1.420801132000065 ], [ 34.743399572000044, 1.420835559000068 ], [ 34.743232376000037, 1.420810527000071 ], [ 34.743129046000035, 1.420830608000074 ], [ 34.743049570000039, 1.420858671000076 ], [ 34.742894619000026, 1.420946796000067 ], [ 34.742759505000038, 1.420986903000028 ], [ 34.742604524000058, 1.421035025000037 ], [ 34.742517156000076, 1.421139101000051 ], [ 34.742521383000053, 1.421187595000049 ], [ 34.742525175000026, 1.421231103000025 ], [ 34.742568970000036, 1.421327078000047 ], [ 34.742672662000075, 1.421437388000072 ], [ 34.74281957200003, 1.421578910000051 ], [ 34.743169551000051, 1.421838667000031 ], [ 34.743241170000033, 1.421934621000048 ], [ 34.743384387000049, 1.42209852600007 ], [ 34.743428197000071, 1.422214503000021 ], [ 34.743429543000047, 1.422235254000043 ], [ 34.743436240000051, 1.422338508000053 ], [ 34.743436321000047, 1.422446517000026 ], [ 34.743380785000056, 1.422594573000026 ], [ 34.743357039000045, 1.422730603000048 ], [ 34.743305421000059, 1.422802649000062 ], [ 34.743249713000068, 1.422827728000073 ], [ 34.743082906000041, 1.42290282700003 ], [ 34.74295971600003, 1.422942925000029 ], [ 34.742832552000039, 1.422983025000065 ], [ 34.742693455000051, 1.423011134000035 ], [ 34.742542469000057, 1.423087255000041 ], [ 34.74239943300006, 1.423163371000044 ], [ 34.742304113000046, 1.423263453000061 ], [ 34.742248529000051, 1.423347503000059 ], [ 34.742133325000054, 1.423435599000072 ], [ 34.742113529000051, 1.423539623000067 ], [ 34.742105682000044, 1.423675641000045 ], [ 34.742109756000048, 1.423807650000072 ], [ 34.742121816000065, 1.423987656000065 ], [ 34.742122546000076, 1.424007206000056 ], [ 34.742128527000034, 1.424167436000062 ], [ 34.74210620100007, 1.424206449000053 ], [ 34.742058142000076, 1.424290425000038 ], [ 34.741982987000029, 1.424371796000059 ], [ 34.741831973000046, 1.424411915000064 ], [ 34.741686625000057, 1.42437846100006 ], [ 34.741481455000041, 1.424427079000054 ], [ 34.741358957000045, 1.42439627400006 ], [ 34.741136413000049, 1.424456449000047 ], [ 34.740919882000071, 1.42456790500006 ], [ 34.740780831000052, 1.42460416900002 ], [ 34.740691326000047, 1.424580800000058 ], [ 34.740591949000077, 1.424572874000035 ], [ 34.740146712000069, 1.424497207000059 ], [ 34.739848548000055, 1.424429428000053 ], [ 34.739697463000027, 1.424373538000054 ], [ 34.739443041000072, 1.424329727000043 ], [ 34.739220475000025, 1.424361900000065 ], [ 34.73910526800006, 1.424445995000042 ], [ 34.738982130000068, 1.424554099000034 ], [ 34.738855059000059, 1.424718210000037 ], [ 34.738807502000043, 1.424906264000072 ], [ 34.738783743000056, 1.42502629300003 ], [ 34.738791789000061, 1.425154299000042 ], [ 34.738724430000048, 1.425438375000056 ], [ 34.738669069000025, 1.425818453000034 ], [ 34.738641879000056, 1.426103743000056 ], [ 34.738641934000043, 1.426104679000048 ], [ 34.738642324000068, 1.426111333000051 ], [ 34.738653533000047, 1.426302508000049 ], [ 34.738678333000053, 1.426381581000044 ], [ 34.738721268000063, 1.426518477000059 ], [ 34.738769099000024, 1.426694456000064 ], [ 34.738800948000062, 1.426762438000026 ], [ 34.738906635000035, 1.426951197000051 ], [ 34.738908456000047, 1.427010379000023 ], [ 34.738906682000049, 1.427015150000045 ], [ 34.738884655000049, 1.427074402000073 ], [ 34.738840961000051, 1.427114440000025 ], [ 34.738781364000033, 1.427146488000062 ], [ 34.738591868000071, 1.427197979000027 ], [ 34.738500849000047, 1.427269340000066 ], [ 34.738430338000057, 1.427302153000028 ], [ 34.738308288000042, 1.427358950000041 ], [ 34.738263173000064, 1.427368886000068 ], [ 34.73808993800003, 1.427407039000059 ], [ 34.737934952000046, 1.427451161000022 ], [ 34.737501831000031, 1.427631508000047 ], [ 34.737386669000045, 1.427775608000047 ], [ 34.737247704000026, 1.427979733000029 ], [ 34.737120671000071, 1.428195850000066 ], [ 34.737045255000055, 1.428335920000052 ], [ 34.736996702000056, 1.428576780000071 ], [ 34.736995487000058, 1.428582811000069 ], [ 34.736552743000061, 1.429794924000021 ], [ 34.736552015000029, 1.429796109000051 ], [ 34.736520379000069, 1.429847629000051 ], [ 34.736426538000046, 1.430140559000051 ], [ 34.736363037000046, 1.43026861900006 ], [ 34.736259803000053, 1.430416711000021 ], [ 34.736120837000044, 1.43062083600006 ], [ 34.735913682000046, 1.430835659000024 ], [ 34.735836969000047, 1.430915212000059 ], [ 34.735763378000058, 1.430989144000023 ], [ 34.735679952000055, 1.431049212000062 ], [ 34.735596522000037, 1.431105282000033 ], [ 34.735544925000056, 1.431205330000068 ], [ 34.735497323000061, 1.431333378000033 ], [ 34.735469583000054, 1.431445409000048 ], [ 34.73544583100005, 1.431573440000022 ], [ 34.735394270000029, 1.431721493000055 ], [ 34.73530693400005, 1.431869573000029 ], [ 34.73519972400004, 1.432017669000061 ], [ 34.735053193000056, 1.432254639000064 ], [ 34.734994538000024, 1.432322619000047 ], [ 34.734808875000056, 1.43253780200007 ], [ 34.734567110000057, 1.432754398000043 ], [ 34.734452707000059, 1.432856891000029 ], [ 34.734349762000079, 1.43288639900004 ], [ 34.734318592000079, 1.43298524000005 ], [ 34.734312396000064, 1.433004890000063 ], [ 34.734311683000044, 1.433007153000062 ], [ 34.734216015000072, 1.433189664000054 ], [ 34.734202993000054, 1.433286548000069 ], [ 34.73421496900005, 1.433354545000043 ], [ 34.734277626000051, 1.433407224000064 ], [ 34.734307684000044, 1.433432495000034 ], [ 34.734397924000064, 1.433502420000025 ], [ 34.734461579000026, 1.43357837800005 ], [ 34.734509311000068, 1.43362234600005 ], [ 34.734604771000079, 1.43370628100007 ], [ 34.734640590000026, 1.433766259000038 ], [ 34.734638148000045, 1.433798514000046 ], [ 34.734636654000042, 1.43381826600006 ], [ 34.734626731000048, 1.433891388000063 ], [ 34.73462100100005, 1.433933614000068 ], [ 34.73452155800004, 1.434050377000062 ], [ 34.734485845000052, 1.434130411000069 ], [ 34.734501654000042, 1.434173146000035 ], [ 34.734526126000048, 1.434239302000037 ], [ 34.73452947800007, 1.434363907000034 ], [ 34.734531754000045, 1.43444850100002 ], [ 34.734597496000049, 1.43460237000005 ], [ 34.734601541000075, 1.434694375000049 ], [ 34.734577734000027, 1.434750399000052 ], [ 34.734537997000075, 1.434766430000025 ], [ 34.734418300000073, 1.434715561000075 ], [ 34.734291494000047, 1.434682612000074 ], [ 34.733997223000074, 1.434576499000059 ], [ 34.733830160000025, 1.43450574000002 ], [ 34.733625945000028, 1.434419243000036 ], [ 34.733440576000078, 1.434287224000059 ], [ 34.733301462000043, 1.434295332000033 ], [ 34.733210055000029, 1.434315403000028 ], [ 34.733162378000031, 1.434343443000046 ], [ 34.733126662000075, 1.434419477000063 ], [ 34.733079018000069, 1.434491520000051 ], [ 34.733067159000029, 1.434579537000047 ], [ 34.733067173000052, 1.434597407000069 ], [ 34.733067186000028, 1.434614643000032 ], [ 34.733067205000054, 1.43463954200007 ], [ 34.733089770000049, 1.434735118000049 ], [ 34.733105896000041, 1.43474190400002 ], [ 34.733166673000028, 1.434767479000072 ], [ 34.733230309000078, 1.434819435000065 ], [ 34.733305881000035, 1.434883383000056 ], [ 34.733333734000041, 1.434923366000021 ], [ 34.733332472000029, 1.434925203000034 ], [ 34.733298, 1.434975398000063 ], [ 34.733218197000042, 1.435073962000047 ], [ 34.733193718000052, 1.435104195000065 ], [ 34.733003997000026, 1.435155640000062 ], [ 34.732833137000057, 1.435235777000059 ], [ 34.732733806000056, 1.435287859000027 ], [ 34.73262255800006, 1.435351949000051 ], [ 34.732549126000038, 1.435442941000076 ], [ 34.732241092000038, 1.435512256000038 ], [ 34.732034462000058, 1.43559642200006 ], [ 34.731937551000044, 1.435689559000025 ], [ 34.731716565000056, 1.435716676000027 ], [ 34.731430431000035, 1.43579290200006 ], [ 34.731291326000076, 1.435813010000061 ], [ 34.731207872000027, 1.435837076000041 ], [ 34.731148298000051, 1.435901127000022 ], [ 34.731112591000056, 1.435989163000045 ], [ 34.731108706000043, 1.436109178000038 ], [ 34.731113621000077, 1.436153510000054 ], [ 34.731119972000045, 1.43621078700005 ], [ 34.731096272000059, 1.436258765000048 ], [ 34.731061942000053, 1.436328262000075 ], [ 34.73081682000003, 1.436847097000054 ], [ 34.730699895000043, 1.436905566000064 ], [ 34.730612476000033, 1.436941636000029 ], [ 34.73050119100003, 1.436957723000035 ], [ 34.73038989500003, 1.436957808000045 ], [ 34.730281155000057, 1.436907809000047 ], [ 34.730036289000054, 1.436795219000032 ], [ 34.729658236000034, 1.436582330000022 ], [ 34.729312703000062, 1.436483335000048 ], [ 34.729236800000024, 1.436450640000032 ], [ 34.729117551000058, 1.436446730000057 ], [ 34.728899033000062, 1.436578910000037 ], [ 34.728823616000057, 1.43671898100007 ], [ 34.728780607000033, 1.43688164200006 ], [ 34.728710676000048, 1.437113643000032 ], [ 34.728720171000077, 1.437304125000026 ], [ 34.72872071900008, 1.437315117000026 ], [ 34.728696936000063, 1.43740314300004 ], [ 34.728683174000025, 1.437421454000059 ], [ 34.728574174000073, 1.437566489000062 ], [ 34.728559992000044, 1.43761353900004 ], [ 34.728367917000071, 1.437763711000059 ], [ 34.728200385000036, 1.437811562000036 ], [ 34.728041446000077, 1.437887691000071 ], [ 34.727930214000025, 1.437971783000023 ], [ 34.727803087000041, 1.438063890000024 ], [ 34.727636214000029, 1.438160026000048 ], [ 34.727576615000032, 1.438192075000075 ], [ 34.727489199000047, 1.438232145000029 ], [ 34.727429609000069, 1.438276195000071 ], [ 34.72733028500005, 1.438340277000066 ], [ 34.727234915000054, 1.43837635400007 ], [ 34.727052179000054, 1.438520507000021 ], [ 34.72688544600004, 1.438800662000062 ], [ 34.72682328500008, 1.439008477000073 ], [ 34.726639335000073, 1.439240892000043 ], [ 34.726559125000051, 1.439398253000036 ], [ 34.725940081000033, 1.439721477000035 ], [ 34.725761275000025, 1.43975761300004 ], [ 34.725586387000078, 1.439765747000024 ], [ 34.725494946000026, 1.439741815000048 ], [ 34.725426612000035, 1.439669196000068 ], [ 34.725436388000048, 1.439488579000056 ], [ 34.725431838000077, 1.43945257200005 ], [ 34.725399136000078, 1.439193834000037 ], [ 34.725418860000048, 1.438993799000059 ], [ 34.725478818000056, 1.438772803000063 ], [ 34.725454695000053, 1.438704319000067 ], [ 34.72545148100005, 1.438695196000026 ], [ 34.72539871400005, 1.438633780000032 ], [ 34.725331117000053, 1.43860182800006 ], [ 34.725243652000074, 1.438577892000069 ], [ 34.725152226000034, 1.438573961000031 ], [ 34.724989271000027, 1.43859408700007 ], [ 34.72476348400005, 1.438660963000075 ], [ 34.724583936000045, 1.438730410000062 ], [ 34.724424962000057, 1.438758534000044 ], [ 34.724273913000047, 1.438754649000032 ], [ 34.724150670000029, 1.43872674000005 ], [ 34.724015687000076, 1.438639651000074 ], [ 34.723852347000047, 1.438450940000052 ], [ 34.723808407000035, 1.438351642000043 ], [ 34.723788641000056, 1.438306974000056 ], [ 34.723789835000048, 1.438149352000039 ], [ 34.723869757000045, 1.437673989000075 ], [ 34.723870067000064, 1.437672143000043 ], [ 34.723827779000032, 1.437494865000076 ], [ 34.723712456000044, 1.437426945000027 ], [ 34.723601169000062, 1.437439031000054 ], [ 34.723338874000035, 1.437503237000044 ], [ 34.723247464000053, 1.437519308000049 ], [ 34.723160971000027, 1.437596876000043 ], [ 34.723187961000065, 1.437679370000069 ], [ 34.723185638000075, 1.437712456000042 ], [ 34.723176162000073, 1.437847395000063 ], [ 34.723148408000043, 1.437939426000071 ], [ 34.723106723000058, 1.437972083000034 ], [ 34.723055782000074, 1.438011989000074 ], [ 34.722838535000051, 1.438163683000028 ], [ 34.722703497000055, 1.438307801000065 ], [ 34.722667132000026, 1.438414599000055 ], [ 34.722436268000024, 1.439039449000063 ], [ 34.722322654000038, 1.43930019000004 ], [ 34.722227371000031, 1.439452277000044 ], [ 34.722151909000047, 1.439532343000053 ], [ 34.72206846000006, 1.43956441000006 ], [ 34.721857794000073, 1.439568570000063 ], [ 34.721728842000061, 1.439557913000044 ], [ 34.721571638000057, 1.439616793000027 ], [ 34.721472322000068, 1.439692877000027 ], [ 34.72143660200004, 1.439764910000065 ], [ 34.721448596000073, 1.439856911000049 ], [ 34.721492401000035, 1.43996488800002 ], [ 34.721512818000065, 1.440003495000042 ], [ 34.721556430000078, 1.440085962000069 ], [ 34.721560071000056, 1.440092849000052 ], [ 34.721560926000052, 1.440093708000063 ], [ 34.721740381000075, 1.440273784000055 ], [ 34.721738747000074, 1.440341240000066 ], [ 34.721738004000031, 1.440371909000021 ], [ 34.721790889000033, 1.440456710000035 ], [ 34.721794929000055, 1.440544716000034 ], [ 34.721779108000078, 1.440648739000039 ], [ 34.721729698000047, 1.440714849000074 ], [ 34.721655977000069, 1.440768844000047 ], [ 34.721596354000042, 1.440768889000026 ], [ 34.721516846000043, 1.440756950000036 ], [ 34.721371994000037, 1.440667621000046 ], [ 34.721066280000059, 1.440510933000041 ], [ 34.720968068000047, 1.440433334000033 ], [ 34.720890347000079, 1.44040611500003 ], [ 34.720815010000024, 1.440379731000064 ], [ 34.720797102000063, 1.440373459000057 ], [ 34.72066195900004, 1.440377562000037 ], [ 34.720606329000077, 1.440401607000069 ], [ 34.720588846000055, 1.440436863000059 ], [ 34.720583343000044, 1.440447961000075 ], [ 34.72057854600007, 1.44045763400004 ], [ 34.720583379000061, 1.440496303000032 ], [ 34.72058535900004, 1.440512142000046 ], [ 34.72058654500006, 1.440521634000049 ], [ 34.720587651000073, 1.440523636000023 ], [ 34.720626347000064, 1.440593611000054 ], [ 34.72073277800007, 1.440666884000052 ], [ 34.720841103000055, 1.440741462000062 ], [ 34.720936551000079, 1.44080939600002 ], [ 34.721047948000034, 1.44094132500004 ], [ 34.721167291000029, 1.44106924700003 ], [ 34.721176987000035, 1.441134777000059 ], [ 34.721183272000076, 1.441177246000052 ], [ 34.721163467000054, 1.441269270000021 ], [ 34.721143650000045, 1.441345292000051 ], [ 34.721123820000059, 1.441405314000065 ], [ 34.721096041000067, 1.441465341000026 ], [ 34.721036448000064, 1.441505390000032 ], [ 34.720917201000077, 1.441505481000036 ], [ 34.720749399000056, 1.441442127000073 ], [ 34.720587183000077, 1.441369719000022 ], [ 34.72042022200003, 1.441349844000058 ], [ 34.720249322000029, 1.441377977000059 ], [ 34.720059116000073, 1.441472457000032 ], [ 34.719912772000043, 1.441505541000026 ], [ 34.719792402000053, 1.441634352000051 ], [ 34.719701074000056, 1.441720500000031 ], [ 34.719613675000062, 1.44182650700003 ], [ 34.71960180800005, 1.441902524000056 ], [ 34.719621743000062, 1.441982517000042 ], [ 34.719720814000027, 1.442091168000047 ], [ 34.719723240000064, 1.442093829000044 ], [ 34.719816711000078, 1.442246394000051 ], [ 34.719808846000035, 1.442358412000033 ], [ 34.719793009000057, 1.442442432000064 ], [ 34.71979174300003, 1.442443708000042 ], [ 34.719753290000028, 1.442482467000048 ], [ 34.719661877000078, 1.442494538000062 ], [ 34.719534674000045, 1.442486634000034 ], [ 34.719395495000072, 1.442410732000042 ], [ 34.719308006000063, 1.44235479300005 ], [ 34.719208603000027, 1.442314864000025 ], [ 34.719028072000071, 1.442260730000044 ], [ 34.718878678000067, 1.442303115000072 ], [ 34.718815133000078, 1.442375170000048 ], [ 34.718795301000057, 1.442431191000026 ], [ 34.718795331000024, 1.442471195000053 ], [ 34.71881995800004, 1.44257740300003 ], [ 34.718820187000063, 1.442577764000021 ], [ 34.719051015000048, 1.442943525000032 ], [ 34.719276850000028, 1.443210904000068 ], [ 34.71939483500006, 1.443444120000038 ], [ 34.719400256000029, 1.443454835000068 ], [ 34.719436145000032, 1.443606823000039 ], [ 34.719448151000051, 1.443714825000029 ], [ 34.719460169000058, 1.443896060000043 ], [ 34.719200473000058, 1.444494271000053 ], [ 34.718773745000078, 1.445240866000063 ], [ 34.718465690000073, 1.445847381000021 ], [ 34.718410777000031, 1.446419626000022 ], [ 34.71841063800008, 1.44642108000005 ], [ 34.718395531000056, 1.446480760000043 ], [ 34.718330983000044, 1.446535806000043 ], [ 34.718321409000055, 1.44654397100004 ], [ 34.71825388700006, 1.44661203000004 ], [ 34.718223778000038, 1.446718392000037 ], [ 34.718222172000026, 1.446724065000069 ], [ 34.718222242000024, 1.446816075000072 ], [ 34.718230230000074, 1.446868074000065 ], [ 34.718270018000055, 1.446920049000028 ], [ 34.718334665000043, 1.446959741000057 ], [ 34.718341600000031, 1.446963999000047 ], [ 34.718472790000078, 1.446987900000067 ], [ 34.718556282000065, 1.447011839000027 ], [ 34.718586415000061, 1.447029533000034 ], [ 34.71867917700007, 1.447083998000039 ], [ 34.718743280000069, 1.447247720000064 ], [ 34.718739399000071, 1.447371737000026 ], [ 34.718751487000077, 1.447587749000036 ], [ 34.718707187000064, 1.447632400000032 ], [ 34.718640274000052, 1.447699846000035 ], [ 34.718473373000052, 1.447759979000068 ], [ 34.718362100000036, 1.447792068000069 ], [ 34.71817812900008, 1.447795494000047 ], [ 34.718136394000055, 1.447862501000031 ], [ 34.718087942000068, 1.447940292000055 ], [ 34.718080137000072, 1.448132318000035 ], [ 34.718100063000065, 1.448200309000072 ], [ 34.718183582000052, 1.448260252000068 ], [ 34.718244424000034, 1.448287079000067 ], [ 34.718346607000058, 1.448332134000054 ], [ 34.718493703000036, 1.448364025000046 ], [ 34.718677220000075, 1.448516740000059 ], [ 34.718748257000072, 1.448575852000033 ], [ 34.718971660000079, 1.44870499700005 ], [ 34.71900198000003, 1.448722525000051 ], [ 34.719138017000034, 1.448863583000048 ], [ 34.719165937000071, 1.448991574000047 ], [ 34.719138186000066, 1.449087606000035 ], [ 34.719112624000047, 1.449144019000073 ], [ 34.719058093000058, 1.449264366000023 ], [ 34.718951728000036, 1.449567797000043 ], [ 34.718957396000064, 1.449627858000042 ], [ 34.718964277000055, 1.449700764000056 ], [ 34.718925332000026, 1.449773595000067 ], [ 34.718868490000034, 1.44987989200007 ], [ 34.718888348000064, 1.450011122000035 ], [ 34.718888464000031, 1.450011891000031 ], [ 34.718900468000072, 1.450115892000042 ], [ 34.718914397000049, 1.45016868600004 ], [ 34.718936345000031, 1.450251878000074 ], [ 34.718984114000079, 1.450343851000071 ], [ 34.719136996000032, 1.450447469000039 ], [ 34.719161344000042, 1.450463971000033 ], [ 34.719635040000071, 1.451041219000047 ], [ 34.719836473000043, 1.451097463000053 ], [ 34.720256710000058, 1.451166959000034 ], [ 34.720487288000072, 1.451210786000047 ], [ 34.720662248000053, 1.45129466100002 ], [ 34.72085316700003, 1.451458531000071 ], [ 34.72115543700005, 1.451690322000047 ], [ 34.721233419000043, 1.451836876000073 ], [ 34.721233432000076, 1.451836980000053 ], [ 34.721248600000024, 1.45195889200005 ], [ 34.721258631000069, 1.452064036000024 ], [ 34.721203475000038, 1.452138330000025 ], [ 34.721170876000031, 1.452213303000065 ], [ 34.721066360000066, 1.452260953000064 ], [ 34.72075790100007, 1.452226284000062 ], [ 34.720682771000043, 1.452150730000028 ], [ 34.720611186000042, 1.452102781000065 ], [ 34.720519739000054, 1.452070848000062 ], [ 34.720400497000071, 1.452078941000025 ], [ 34.720336944000053, 1.452138996000031 ], [ 34.720325065000054, 1.452199010000072 ], [ 34.720313192000049, 1.452267027000062 ], [ 34.72034655300007, 1.452327980000064 ], [ 34.720412926000051, 1.45244924800005 ], [ 34.720584945000041, 1.452873508000039 ], [ 34.720662877000052, 1.453108200000031 ], [ 34.720746111000039, 1.453191841000034 ], [ 34.720870432000027, 1.45325869800007 ], [ 34.720974879000039, 1.453269132000059 ], [ 34.720975472000077, 1.453269191000061 ], [ 34.720976488000076, 1.453268140000034 ], [ 34.721144576000029, 1.453094471000043 ], [ 34.721346972000049, 1.452951172000041 ], [ 34.721535604000053, 1.452938367000058 ], [ 34.721581374000039, 1.452941978000069 ], [ 34.721598033000078, 1.452943291000054 ], [ 34.721633379000025, 1.452946080000061 ], [ 34.721642419000034, 1.452963109000052 ], [ 34.721665223000059, 1.453006062000043 ], [ 34.721657322000056, 1.453070075000028 ], [ 34.721614209000052, 1.453129311000055 ], [ 34.721542147000036, 1.453198176000058 ], [ 34.721474619000048, 1.453258234000032 ], [ 34.721419013000059, 1.453314282000065 ], [ 34.721339590000071, 1.453414353000028 ], [ 34.721216477000041, 1.453558462000046 ], [ 34.721172832000036, 1.453662506000057 ], [ 34.721153076000064, 1.453818537000075 ], [ 34.721161162000044, 1.453999864000025 ], [ 34.721371210000029, 1.454349697000055 ], [ 34.721728835000079, 1.454499977000069 ], [ 34.721730950000051, 1.454501246000063 ], [ 34.721985074000031, 1.454653690000043 ], [ 34.721985217000054, 1.454653748000055 ], [ 34.722163394000063, 1.454725851000035 ], [ 34.722187311000027, 1.454813841000032 ], [ 34.72218339300008, 1.454889852000065 ], [ 34.722158935000039, 1.454937724000047 ], [ 34.72213378400005, 1.45498695200007 ], [ 34.722048447000077, 1.45515398200007 ], [ 34.721925449000025, 1.455450106000058 ], [ 34.721894721000069, 1.455685973000072 ], [ 34.721894424000027, 1.455688247000069 ], [ 34.721892939000043, 1.455690385000025 ], [ 34.721770744000025, 1.455866267000033 ], [ 34.721735122000041, 1.456066314000054 ], [ 34.721731244000068, 1.456194330000073 ], [ 34.721806750000042, 1.456313583000053 ], [ 34.721809417000031, 1.456317795000075 ], [ 34.721871643000043, 1.45657205200007 ], [ 34.721978161000038, 1.456814202000032 ], [ 34.722010073000035, 1.456962192000049 ], [ 34.721990495000057, 1.457068554000045 ], [ 34.721982375000039, 1.457112665000068 ], [ 34.721978405000073, 1.457134234000023 ], [ 34.721882672000049, 1.457323360000032 ], [ 34.721882244000028, 1.45732420500002 ], [ 34.721867686000053, 1.457469701000036 ], [ 34.721809821000079, 1.458048027000075 ], [ 34.721926787000029, 1.458819438000035 ], [ 34.721911642000066, 1.459351543000025 ], [ 34.721640028000024, 1.459878054000058 ], [ 34.721459930000037, 1.460074927000051 ], [ 34.72126570100005, 1.460299557000042 ], [ 34.721024406000026, 1.460498787000063 ], [ 34.720808453000075, 1.460615485000062 ], [ 34.720713076000038, 1.46064356200003 ], [ 34.720633608000071, 1.460683627000037 ], [ 34.720574039000041, 1.460755680000034 ], [ 34.72057409100006, 1.460823687000072 ], [ 34.720601953000028, 1.460871670000074 ], [ 34.72060854800003, 1.460877350000032 ], [ 34.720657638000034, 1.460919632000071 ], [ 34.720713314000079, 1.460955593000051 ], [ 34.720850819000077, 1.460973033000073 ], [ 34.721003487000075, 1.460959369000022 ], [ 34.721114779000061, 1.460951282000053 ], [ 34.72125787300007, 1.460947171000043 ], [ 34.721381105000034, 1.460959077000041 ], [ 34.721476543000051, 1.461011008000071 ], [ 34.721568055000034, 1.461126949000061 ], [ 34.721602231000077, 1.461258525000062 ], [ 34.72160180700007, 1.461260675000062 ], [ 34.721493658000043, 1.46180890200003 ], [ 34.721497017000047, 1.461850435000031 ], [ 34.721485611000048, 1.461915259000023 ], [ 34.721457481000073, 1.462075130000073 ], [ 34.721465592000072, 1.462287145000062 ], [ 34.721493539000051, 1.462447139000062 ], [ 34.721681155000056, 1.462685481000051 ], [ 34.721694508000041, 1.462702444000058 ], [ 34.72188344500006, 1.462922886000058 ], [ 34.721955144000049, 1.463118849000068 ], [ 34.721987050000052, 1.463258839000048 ], [ 34.721995163000031, 1.463470854000036 ], [ 34.721951496000031, 1.463546895000036 ], [ 34.721923721000053, 1.463610923000033 ], [ 34.721890383000073, 1.463649696000061 ], [ 34.721872092000069, 1.46367096900002 ], [ 34.721770249000031, 1.463768233000053 ], [ 34.721625852000045, 1.463939186000061 ], [ 34.721558382000069, 1.464075252000043 ], [ 34.721534442000063, 1.464305031000038 ], [ 34.721324345000028, 1.464707497000063 ], [ 34.721248986000035, 1.464923576000047 ], [ 34.721239550000064, 1.465084078000075 ], [ 34.721229674000028, 1.465423767000061 ], [ 34.721224426000049, 1.465604209000048 ], [ 34.721205846000032, 1.465687686000024 ], [ 34.721142283000063, 1.46573574100006 ], [ 34.72102925400003, 1.465740419000042 ], [ 34.720991450000042, 1.465766803000065 ], [ 34.720713085000057, 1.465860085000031 ], [ 34.720621695000034, 1.465904160000036 ], [ 34.720562120000068, 1.465968213000053 ], [ 34.720478692000029, 1.46602828400006 ], [ 34.720447850000028, 1.466105308000067 ], [ 34.720447346000071, 1.466106567000054 ], [ 34.720446566000078, 1.46610740400007 ], [ 34.72036354800008, 1.46619639000005 ], [ 34.720246761000055, 1.466609272000028 ], [ 34.72021804700006, 1.466710788000057 ], [ 34.720105713000066, 1.466896661000021 ], [ 34.720129041000064, 1.467002095000055 ], [ 34.720230242000071, 1.467036791000055 ], [ 34.720348325000032, 1.467080491000047 ], [ 34.720435770000051, 1.467076423000037 ], [ 34.720535098000028, 1.467016339000054 ], [ 34.720690087000037, 1.466972215000055 ], [ 34.720813394000061, 1.466973891000066 ], [ 34.720880881000028, 1.466968066000049 ], [ 34.720952467000075, 1.467016016000059 ], [ 34.721016145000078, 1.467119977000038 ], [ 34.721191248000025, 1.46738786800006 ], [ 34.721302660000049, 1.467535797000039 ], [ 34.721318611000072, 1.467603791000045 ], [ 34.721334597000066, 1.467715789000067 ], [ 34.721310803000051, 1.467787815000065 ], [ 34.721296105000079, 1.467814159000056 ], [ 34.72129121200004, 1.467822929000022 ], [ 34.72127507700003, 1.467851850000045 ], [ 34.721223737000059, 1.467882436000025 ], [ 34.721187669000074, 1.467903922000062 ], [ 34.72105622600003, 1.467923646000031 ], [ 34.720985238000026, 1.46800666200005 ], [ 34.720822118000058, 1.468092225000021 ], [ 34.720746656000074, 1.46817229100003 ], [ 34.720726133000028, 1.46820591300002 ], [ 34.720719760000065, 1.468216354000049 ], [ 34.720683136000048, 1.468276351000043 ], [ 34.72067432800003, 1.468430497000043 ], [ 34.72066342100004, 1.468484388000036 ], [ 34.72073105000004, 1.468556342000056 ], [ 34.720743822000031, 1.468560818000071 ], [ 34.720953011000063, 1.468634140000063 ], [ 34.721112721000054, 1.468656056000043 ], [ 34.721278063000057, 1.468606631000057 ], [ 34.721557654000037, 1.468315676000032 ], [ 34.721720553000068, 1.468219540000064 ], [ 34.721827860000076, 1.468199455000047 ], [ 34.721955070000035, 1.468215358000066 ], [ 34.722098196000047, 1.468251251000027 ], [ 34.722193644000072, 1.468315182000026 ], [ 34.722198451000054, 1.468381310000041 ], [ 34.722177944000066, 1.468518618000076 ], [ 34.722152110000025, 1.468691601000046 ], [ 34.722152405000031, 1.468692988000043 ], [ 34.722154303000025, 1.468701919000068 ], [ 34.722174138000071, 1.46879524600007 ], [ 34.722186642000054, 1.468810094000048 ], [ 34.722217902000068, 1.468847216000029 ], [ 34.722313739000072, 1.468885711000041 ], [ 34.722396829000047, 1.468919084000049 ], [ 34.72250023600003, 1.46899501200005 ], [ 34.722551990000056, 1.469098982000048 ], [ 34.722587817000033, 1.469166961000042 ], [ 34.72262224900004, 1.469311972000071 ], [ 34.722727102000079, 1.469378874000029 ], [ 34.722860746000038, 1.469451216000039 ], [ 34.722949708000044, 1.469390702000055 ], [ 34.723076911000078, 1.469300212000064 ], [ 34.723252080000066, 1.468970226000067 ], [ 34.723256427000024, 1.468962038000029 ], [ 34.723318086000063, 1.468396085000052 ], [ 34.723375201000067, 1.468094638000025 ], [ 34.723361944000033, 1.467882232000022 ], [ 34.723397506000026, 1.46760617700005 ], [ 34.723464964000073, 1.467454110000062 ], [ 34.723604052000042, 1.467409997000061 ], [ 34.723731217000079, 1.467365894000068 ], [ 34.723826584000051, 1.467325816000027 ], [ 34.723965686000042, 1.467297705000021 ], [ 34.724108787000034, 1.467301594000048 ], [ 34.724267860000054, 1.467401480000035 ], [ 34.724367329000074, 1.467525415000068 ], [ 34.724387253000032, 1.467589406000059 ], [ 34.72437934900006, 1.467649418000065 ], [ 34.72435482800006, 1.467698203000054 ], [ 34.724329471000033, 1.467748651000022 ], [ 34.724313288000076, 1.467955672000073 ], [ 34.724313151000047, 1.467957417000036 ], [ 34.72440750800007, 1.468085439000049 ], [ 34.724470353000072, 1.468113490000064 ], [ 34.724479082000073, 1.468117387000063 ], [ 34.724567929000045, 1.468113415000062 ], [ 34.724623840000049, 1.468110915000068 ], [ 34.724789059000045, 1.468029136000041 ], [ 34.724924164000072, 1.467973026000038 ], [ 34.72501161200006, 1.467972958000075 ], [ 34.725079238000035, 1.468040912000049 ], [ 34.725075064000066, 1.468128672000034 ], [ 34.725059729000066, 1.468410379000034 ], [ 34.725143767000077, 1.468638659000021 ], [ 34.725234743000044, 1.468668853000054 ], [ 34.725302323000051, 1.468676801000072 ], [ 34.725393728000029, 1.468652727000062 ], [ 34.725465228000076, 1.468588665000027 ], [ 34.725596339000049, 1.468508555000028 ], [ 34.725728458000049, 1.468503768000062 ], [ 34.725838761000034, 1.468444361000024 ], [ 34.725914290000048, 1.46845230200006 ], [ 34.725961712000071, 1.468503586000054 ], [ 34.726045506000048, 1.468508206000024 ], [ 34.726089276000039, 1.468568177000066 ], [ 34.726129087000061, 1.46864815400005 ], [ 34.726148511000076, 1.468753836000076 ], [ 34.726086525000028, 1.469203999000058 ], [ 34.726086972000076, 1.469614620000073 ], [ 34.725976526000068, 1.469805994000069 ], [ 34.72586979700003, 1.469990926000037 ], [ 34.725863748000052, 1.470112497000059 ], [ 34.725856907000036, 1.47024999000007 ], [ 34.725856861000068, 1.470250006000072 ], [ 34.725804389000075, 1.470268566000072 ], [ 34.725768630000061, 1.470288596000046 ], [ 34.725712994000048, 1.470304641000041 ], [ 34.725653388000069, 1.470328689000041 ], [ 34.725581851000072, 1.470344746000023 ], [ 34.725498408000078, 1.470384816000035 ], [ 34.725438831000076, 1.470444868000072 ], [ 34.725343485000053, 1.470512949000067 ], [ 34.725303781000036, 1.470572986000036 ], [ 34.72527997800006, 1.470633010000029 ], [ 34.725279198000067, 1.470710742000051 ], [ 34.725302792000036, 1.471004203000064 ], [ 34.725287710000032, 1.471751589000064 ], [ 34.725287645000037, 1.471754801000031 ], [ 34.72526182200005, 1.471813080000061 ], [ 34.725254670000027, 1.471822393000025 ], [ 34.725141884000038, 1.47196924900004 ], [ 34.725066428000048, 1.472057317000065 ], [ 34.725022756000044, 1.472125357000039 ], [ 34.724991003000071, 1.472185388000071 ], [ 34.724963240000079, 1.472265417000074 ], [ 34.724947395000072, 1.472337437000022 ], [ 34.724935532000075, 1.472417454000038 ], [ 34.72491173800006, 1.472489480000036 ], [ 34.724861439000051, 1.472613573000046 ], [ 34.724666771000045, 1.47270454300002 ], [ 34.724596932000054, 1.472737178000045 ], [ 34.724588646000029, 1.472741051000071 ], [ 34.724574483000026, 1.472752336000042 ], [ 34.724522428000057, 1.472793813000067 ], [ 34.724522475000072, 1.472853818000033 ], [ 34.724556069000073, 1.472877480000022 ], [ 34.72459875800007, 1.47290754900007 ], [ 34.724604573000079, 1.47300328700004 ], [ 34.724604504000069, 1.473003915000049 ], [ 34.724593708000043, 1.47310262700006 ], [ 34.724573900000053, 1.473283655000046 ], [ 34.724573853000038, 1.473283735000052 ], [ 34.724486950000028, 1.473430502000042 ], [ 34.724332223000033, 1.473562037000022 ], [ 34.724224917000072, 1.473586123000075 ], [ 34.724133506000044, 1.473602196000058 ], [ 34.724054041000045, 1.473646263000035 ], [ 34.724008885000046, 1.473782302000075 ], [ 34.723808074000033, 1.474054728000056 ], [ 34.723482219000061, 1.474386782000067 ], [ 34.723398858000053, 1.474534966000022 ], [ 34.723275754000042, 1.474686973000075 ], [ 34.723224111000036, 1.474727017000021 ], [ 34.723149856000077, 1.474773084000049 ], [ 34.723120810000069, 1.474791104000076 ], [ 34.723075780000045, 1.474796578000053 ], [ 34.723072755000032, 1.474796946000026 ], [ 34.723021446000075, 1.474803183000063 ], [ 34.72290313700006, 1.474781565000058 ], [ 34.722736811000061, 1.474649255000031 ], [ 34.722529702000031, 1.474484509000035 ], [ 34.722416958000053, 1.474419617000024 ], [ 34.722317563000047, 1.474391691000051 ], [ 34.722146646000056, 1.474399825000035 ], [ 34.721983722000061, 1.474463959000047 ], [ 34.721843680000063, 1.474512940000068 ], [ 34.721685681000054, 1.474568202000057 ], [ 34.721395606000044, 1.474692440000069 ], [ 34.72120091000005, 1.474792602000036 ], [ 34.720799875000068, 1.474976390000052 ], [ 34.720529294000073, 1.474989146000041 ], [ 34.720092153000053, 1.475125500000047 ], [ 34.719587513000079, 1.475357916000064 ], [ 34.719190152000067, 1.475534244000073 ], [ 34.719031222000069, 1.475622377000036 ], [ 34.718852459000061, 1.475766531000033 ], [ 34.71870147900006, 1.47585465800006 ], [ 34.718554479000034, 1.475950782000041 ], [ 34.718455148000032, 1.476006865000045 ], [ 34.718419373000074, 1.476006893000033 ], [ 34.718347818000041, 1.47599894800004 ], [ 34.718276263000064, 1.475991002000058 ], [ 34.718172889000073, 1.475959080000052 ], [ 34.718049647000043, 1.475935173000039 ], [ 34.717922439000063, 1.475923271000056 ], [ 34.717791272000056, 1.475931375000073 ], [ 34.717608444000064, 1.47595952000006 ], [ 34.717493220000051, 1.47602361600002 ], [ 34.717429695000078, 1.476119675000064 ], [ 34.717334428000072, 1.476291767000021 ], [ 34.717171691000033, 1.476599925000073 ], [ 34.717111359000057, 1.47681945100004 ], [ 34.717099576000066, 1.476862324000024 ], [ 34.717016935000061, 1.477010450000023 ], [ 34.71691878300004, 1.47718637600002 ], [ 34.716810486000043, 1.477272276000065 ], [ 34.716599483000039, 1.477364369000043 ], [ 34.716195124000023, 1.477404845000024 ], [ 34.715500102000078, 1.477324405000047 ], [ 34.715351633000068, 1.477221406000069 ], [ 34.715184620000059, 1.477137527000025 ], [ 34.714858521000053, 1.476941761000035 ], [ 34.714548354000044, 1.476785987000028 ], [ 34.71431380000007, 1.476746165000066 ], [ 34.713952056000039, 1.476718443000038 ], [ 34.713820895000026, 1.476734547000035 ], [ 34.713713598000027, 1.476770634000047 ], [ 34.713502989000062, 1.476854806000063 ], [ 34.713367896000079, 1.47692691900005 ], [ 34.713153314000067, 1.47701509500007 ], [ 34.712910921000059, 1.477119294000033 ], [ 34.712704275000078, 1.477187461000028 ], [ 34.71257716100007, 1.477299573000039 ], [ 34.712494901000071, 1.477536194000038 ], [ 34.712397161000069, 1.477694746000054 ], [ 34.71228332700008, 1.477840599000046 ], [ 34.712136384000075, 1.477879976000054 ], [ 34.711917868000057, 1.478020160000028 ], [ 34.711822514000062, 1.478080241000043 ], [ 34.711739070000078, 1.478120310000065 ], [ 34.711619873000075, 1.47818841000003 ], [ 34.711548391000065, 1.47827647400004 ], [ 34.711492806000024, 1.478360526000074 ], [ 34.711465083000064, 1.478492562000042 ], [ 34.711468964000062, 1.478566056000034 ], [ 34.711469460000046, 1.478567355000052 ], [ 34.711484767000059, 1.478607508000039 ], [ 34.711577804000058, 1.478851546000044 ], [ 34.711569083000029, 1.479007178000074 ], [ 34.711551668000027, 1.479318095000053 ], [ 34.71147374800006, 1.479424653000024 ], [ 34.711390359000063, 1.479536730000063 ], [ 34.71132680900007, 1.479600786000049 ], [ 34.711263286000076, 1.479700846000071 ], [ 34.71125143200004, 1.479792864000046 ], [ 34.711275122000075, 1.479922690000024 ], [ 34.711275589000024, 1.47992311500002 ], [ 34.711355552000043, 1.479995875000043 ], [ 34.71148615900006, 1.480056710000042 ], [ 34.711577623000039, 1.48010864400004 ], [ 34.711586619000059, 1.480205262000027 ], [ 34.71159582000007, 1.480330744000071 ], [ 34.711554013000068, 1.480420696000067 ], [ 34.711550105000072, 1.480508708000059 ], [ 34.711573992000069, 1.480556694000029 ], [ 34.711576280000031, 1.480557843000042 ], [ 34.711613758000055, 1.480576665000058 ], [ 34.711722752000071, 1.480581001000076 ], [ 34.711824444000058, 1.480592503000025 ], [ 34.711899990000063, 1.480620448000025 ], [ 34.712012101000028, 1.480729207000024 ], [ 34.712118021000038, 1.480774294000071 ], [ 34.712261833000071, 1.480776182000056 ], [ 34.71236521700007, 1.480820106000067 ], [ 34.712508372000059, 1.480892002000076 ], [ 34.712707232000071, 1.481035862000056 ], [ 34.712752816000034, 1.481158170000072 ], [ 34.712753643000042, 1.481160387000045 ], [ 34.71275367100003, 1.481160462000048 ], [ 34.712786891000064, 1.481243821000021 ], [ 34.712778988000025, 1.481303834000073 ], [ 34.71277505900008, 1.481363843000054 ], [ 34.712755224000034, 1.481415865000031 ], [ 34.712753840000062, 1.481416871000022 ], [ 34.712691676000077, 1.481462108000073 ], [ 34.712616217000061, 1.481567988000052 ], [ 34.71254870000007, 1.481644049000067 ], [ 34.712477203000049, 1.481712112000025 ], [ 34.712369952000074, 1.481808206000039 ], [ 34.712179347000074, 1.482060380000064 ], [ 34.712119891000043, 1.482280450000076 ], [ 34.712048521000042, 1.482512530000065 ], [ 34.712039509000078, 1.482708908000063 ], [ 34.71208792300007, 1.482935249000036 ], [ 34.712144337000041, 1.483198987000037 ], [ 34.712157166000054, 1.483258964000072 ], [ 34.712188363000053, 1.483444519000045 ], [ 34.712184511000032, 1.483604538000066 ], [ 34.712180176000061, 1.483633044000044 ], [ 34.712168691000045, 1.483708561000071 ], [ 34.71214094700008, 1.483812594000028 ], [ 34.712079059000075, 1.483919180000044 ], [ 34.711946259000058, 1.483924758000057 ], [ 34.711854846000051, 1.483940831000041 ], [ 34.711759450000045, 1.483944906000033 ], [ 34.711616384000024, 1.48398902200006 ], [ 34.711497276000046, 1.484173135000049 ], [ 34.711506029000077, 1.484263562000024 ], [ 34.711512073000051, 1.484325999000021 ], [ 34.711557059000029, 1.484500729000047 ], [ 34.711675785000068, 1.484606773000053 ], [ 34.711929744000031, 1.484688108000057 ], [ 34.712201278000066, 1.484728643000039 ], [ 34.712344386000041, 1.484740533000036 ], [ 34.71245572600003, 1.484792452000022 ], [ 34.712484366000069, 1.484876075000045 ], [ 34.712650600000075, 1.485200211000063 ], [ 34.712809690000029, 1.485447752000027 ], [ 34.712830143000076, 1.485579293000058 ], [ 34.712825076000058, 1.485819331000073 ], [ 34.712813248000032, 1.485861751000073 ], [ 34.712809489000051, 1.485875235000037 ], [ 34.712793471000055, 1.485932690000027 ], [ 34.712762664000024, 1.485999589000073 ], [ 34.712670840000044, 1.486199 ], [ 34.712588009000058, 1.48622849800006 ], [ 34.712516472000061, 1.486244555000042 ], [ 34.712357465000025, 1.486236679000058 ], [ 34.712172640000063, 1.48612210400006 ], [ 34.711872140000025, 1.485749008000028 ], [ 34.711748857000032, 1.485673095000038 ], [ 34.711617657000033, 1.485641195000028 ], [ 34.711442770000076, 1.485657333000063 ], [ 34.71130368200005, 1.485705446000054 ], [ 34.711204329000054, 1.485733527000036 ], [ 34.711136701000044, 1.485801791000029 ], [ 34.711129904000074, 1.485808653000049 ], [ 34.711098132000075, 1.485823383000024 ], [ 34.711096479000048, 1.485824150000042 ], [ 34.711041444000045, 1.485849667000025 ], [ 34.710962070000051, 1.486013746000026 ], [ 34.710894628000062, 1.486185816000045 ], [ 34.710874840000031, 1.486297844000035 ], [ 34.71085508200008, 1.486449876000052 ], [ 34.710863149000033, 1.486601885000027 ], [ 34.710913933000029, 1.486670930000059 ], [ 34.710915151000052, 1.486672587000044 ], [ 34.710927729000048, 1.48668968800007 ], [ 34.710933628000078, 1.486697709000055 ], [ 34.710942007000028, 1.48670403400007 ], [ 34.711129662000076, 1.486845703000029 ], [ 34.711272861000054, 1.48697360400007 ], [ 34.711348463000036, 1.487073555000052 ], [ 34.711298614000043, 1.487152170000059 ], [ 34.711287918000039, 1.487228333000076 ], [ 34.711251401000027, 1.487301671000068 ], [ 34.711213548000046, 1.487377693000042 ], [ 34.711220954000055, 1.487578134000046 ], [ 34.711224670000036, 1.487678705000064 ], [ 34.711211530000071, 1.487772273000076 ], [ 34.711211598000034, 1.487773186000027 ], [ 34.711225927000044, 1.487965745000054 ], [ 34.711247839000066, 1.487998188000063 ], [ 34.711301538000043, 1.488077698000041 ], [ 34.711467671000037, 1.488280059000033 ], [ 34.711603922000052, 1.488445500000068 ], [ 34.711659669000028, 1.488569469000026 ], [ 34.711680219000073, 1.488645758000075 ], [ 34.711699532000068, 1.488717454000039 ], [ 34.711739462000025, 1.488949447000039 ], [ 34.71174355100004, 1.48909745900005 ], [ 34.711758975000066, 1.489245357000073 ], [ 34.711763575000077, 1.489289464000024 ], [ 34.711756665000053, 1.489348791000054 ], [ 34.711730691000071, 1.489571799000032 ], [ 34.711741669000048, 1.489749291000066 ], [ 34.711703139000065, 1.490142905000027 ], [ 34.711712642000066, 1.490249605000031 ], [ 34.711824094000065, 1.490445538000074 ], [ 34.71195877200006, 1.490577859000041 ], [ 34.712003105000065, 1.490621416000067 ], [ 34.712167051000051, 1.49066384300005 ], [ 34.712262265000049, 1.490661782000075 ], [ 34.712289336000026, 1.49066119500003 ], [ 34.71231394800003, 1.490667930000029 ], [ 34.71242053900005, 1.490697096000076 ], [ 34.712527923000039, 1.490773021000052 ], [ 34.712683066000068, 1.490924915000051 ], [ 34.712746805000052, 1.491104883000048 ], [ 34.712790660000053, 1.491272867000021 ], [ 34.712766940000051, 1.491440903000068 ], [ 34.712739143000078, 1.491496961000053 ], [ 34.712719314000026, 1.491536950000068 ], [ 34.712675642000079, 1.491604992000021 ], [ 34.712592722000068, 1.491647146000048 ], [ 34.712516711000035, 1.49169312500004 ], [ 34.712441235000028, 1.491757192000023 ], [ 34.712393641000062, 1.49189324300005 ], [ 34.712397687000077, 1.491985249000038 ], [ 34.712389814000062, 1.492085266000061 ], [ 34.712362076000034, 1.492197300000043 ], [ 34.712374047000026, 1.492257297000037 ], [ 34.712401904000046, 1.492297278000024 ], [ 34.712426716000039, 1.492327749000026 ], [ 34.712437713000043, 1.492341256000032 ], [ 34.712521150000043, 1.492397751000055 ], [ 34.712664353000036, 1.492425086000026 ], [ 34.712767734000067, 1.492465009000057 ], [ 34.712875084000075, 1.492496928000037 ], [ 34.712906927000063, 1.49255290800005 ], [ 34.712918914000056, 1.492632908000076 ], [ 34.712910244000057, 1.492654669000046 ], [ 34.712884200000076, 1.492720034000058 ], [ 34.712827619000052, 1.492800997000074 ], [ 34.712783941000055, 1.492861038000058 ], [ 34.712736294000024, 1.492929082000046 ], [ 34.71264491900007, 1.492993161000072 ], [ 34.712565471000062, 1.493061230000023 ], [ 34.712497940000048, 1.493117289000054 ], [ 34.712430460000064, 1.493241355000066 ], [ 34.712351081000065, 1.49339743400003 ], [ 34.712263694000058, 1.493477510000048 ], [ 34.712156421000032, 1.49354560200004 ], [ 34.712041180000028, 1.493589697000061 ], [ 34.711937833000036, 1.493593778000047 ], [ 34.711810633000027, 1.49359387800007 ], [ 34.711643710000033, 1.493630013000029 ], [ 34.711452988000076, 1.493730174000063 ], [ 34.711365600000079, 1.49381025100007 ], [ 34.711214661000042, 1.493954385000052 ], [ 34.711155138000038, 1.49408644500005 ], [ 34.711131400000056, 1.494230479000066 ], [ 34.711071927000035, 1.494426546000057 ], [ 34.711048121000033, 1.494482571000049 ], [ 34.711052145000053, 1.494546575000072 ], [ 34.711095888000045, 1.494570543000066 ], [ 34.711123727000029, 1.494574108000052 ], [ 34.711168851000025, 1.494579885000064 ], [ 34.71125986100003, 1.494591538000066 ], [ 34.711485384000071, 1.494498229000044 ], [ 34.71167218800008, 1.494470079000052 ], [ 34.71178348400008, 1.494465992000073 ], [ 34.711878891000026, 1.49447391700005 ], [ 34.712025984000036, 1.494497804000048 ], [ 34.712165144000039, 1.494541699000024 ], [ 34.712276503000055, 1.494617620000042 ], [ 34.712304430000074, 1.494749611000032 ], [ 34.712302746000034, 1.494785551000064 ], [ 34.712296174000073, 1.494925721000072 ], [ 34.712336529000027, 1.495141637000074 ], [ 34.712290593000034, 1.49570600900006 ], [ 34.712173015000076, 1.495733442000073 ], [ 34.71198718800008, 1.49572596400003 ], [ 34.711844097000039, 1.495738078000045 ], [ 34.711701024000035, 1.495774194000035 ], [ 34.711602182000036, 1.495851833000074 ], [ 34.711518943000044, 1.49584672900005 ], [ 34.711319470000035, 1.495834500000058 ], [ 34.71120022000008, 1.49583459400003 ], [ 34.710929957000076, 1.495882812000048 ], [ 34.710798843000077, 1.495962923000036 ], [ 34.710691564000058, 1.496023014000059 ], [ 34.710663802000056, 1.496103044000051 ], [ 34.710671817000048, 1.496187047000035 ], [ 34.710736513000029, 1.496340320000058 ], [ 34.710827116000075, 1.496554967000066 ], [ 34.710838241000033, 1.496590945000037 ], [ 34.711085774000026, 1.496902796000029 ], [ 34.711113637000039, 1.496950779000031 ], [ 34.710980780000057, 1.497157506000065 ], [ 34.710968082000079, 1.497177263000026 ], [ 34.710993353000049, 1.497295500000064 ], [ 34.711367301000053, 1.498234203000038 ], [ 34.711616477000064, 1.498705184000073 ], [ 34.711616504000062, 1.498705234000056 ], [ 34.711616477000064, 1.498705259000076 ], [ 34.711181364000026, 1.499095101000023 ], [ 34.709843942000077, 1.49928539800004 ], [ 34.708779209000056, 1.499403804000053 ], [ 34.708051323000063, 1.499953063000021 ], [ 34.707535705000055, 1.500342144000058 ], [ 34.706680402000075, 1.500311516000068 ], [ 34.706571160000067, 1.499685879000026 ], [ 34.706571068000073, 1.499685771000031 ], [ 34.706072990000052, 1.499106942000026 ], [ 34.705839278000042, 1.498528083000053 ], [ 34.70532649900008, 1.499029288000031 ], [ 34.703865432000043, 1.500101660000041 ], [ 34.703849905000027, 1.500113056000032 ], [ 34.703658150000024, 1.500228033000042 ], [ 34.702279454000063, 1.501054702000033 ], [ 34.702236409000079, 1.501080512000044 ], [ 34.701992373000053, 1.501226836000058 ], [ 34.701992965000045, 1.501230498000041 ], [ 34.702101390000053, 1.501902118000032 ], [ 34.702101854000034, 1.501904995000075 ], [ 34.701853497000059, 1.502465876000031 ], [ 34.701851498000053, 1.502468951000026 ], [ 34.70149635100006, 1.503015223000034 ], [ 34.70171457400005, 1.503672355000049 ], [ 34.700968644000056, 1.50424810100003 ], [ 34.700928729000054, 1.504292171000031 ], [ 34.700440307000065, 1.504831462000027 ], [ 34.70068500900004, 1.505202075000057 ], [ 34.700961867000046, 1.505621381000026 ], [ 34.700762801000053, 1.506271291000076 ], [ 34.700620779000076, 1.506734972000061 ], [ 34.700620686000036, 1.506735272000071 ], [ 34.700620824000055, 1.506735564000053 ], [ 34.701009972000065, 1.507557912000038 ], [ 34.701229734000037, 1.507561771000042 ], [ 34.701429002000054, 1.507565269000054 ], [ 34.702083044000062, 1.507576750000055 ], [ 34.701757137000072, 1.50842211500003 ], [ 34.701796572000035, 1.509491206000064 ], [ 34.701796621000028, 1.50949255200004 ], [ 34.701221889000067, 1.510026665000055 ], [ 34.700755573000038, 1.510293087000036 ], [ 34.700803090000079, 1.511404206000066 ], [ 34.700413252000033, 1.512022370000068 ], [ 34.700228525000057, 1.512315293000029 ], [ 34.700003662000029, 1.513243712000076 ], [ 34.699709061000078, 1.514355102000025 ], [ 34.699491847000047, 1.514996927000027 ], [ 34.69967882900005, 1.51535427500005 ], [ 34.700052626000058, 1.515627197000072 ], [ 34.700238890000037, 1.51576319000003 ], [ 34.700192478000076, 1.516076225000063 ], [ 34.699905548000061, 1.516225020000036 ], [ 34.699648423000042, 1.516358354000033 ], [ 34.699486300000046, 1.516927962000068 ], [ 34.699801057000059, 1.517253277000066 ], [ 34.699888999000052, 1.517307482000035 ], [ 34.700372505000075, 1.517605504000073 ], [ 34.700389089000055, 1.518785196000067 ], [ 34.700389158000064, 1.518790165000041 ], [ 34.700397720000069, 1.519429582000043 ], [ 34.70040526300005, 1.519992912000021 ], [ 34.700250162000032, 1.520231272000046 ], [ 34.699842750000073, 1.520595626000045 ], [ 34.699737479000078, 1.520689774000061 ], [ 34.699799771000073, 1.521263863000058 ], [ 34.69980027400004, 1.521268495000072 ], [ 34.700577277000036, 1.522080810000034 ], [ 34.700578200000052, 1.522081775000061 ], [ 34.700575990000061, 1.522085227000048 ], [ 34.700189883000064, 1.522688382000069 ], [ 34.699972812000055, 1.52328441100002 ], [ 34.699972592000051, 1.523285017000035 ], [ 34.699940735000041, 1.524198416000047 ], [ 34.699440908000042, 1.524226816000066 ], [ 34.698704, 1.524268681000024 ], [ 34.697796685000071, 1.524813875000063 ], [ 34.697014200000069, 1.524549114000024 ], [ 34.696064271000068, 1.524426798000036 ], [ 34.695534033000058, 1.524595304000059 ], [ 34.69413430700007, 1.525040115000024 ], [ 34.692584512000053, 1.525234119000061 ], [ 34.692575841000064, 1.525235205000058 ], [ 34.690342322000049, 1.525111011000035 ], [ 34.688443498000026, 1.524723382000047 ], [ 34.686376634000055, 1.52455281400006 ], [ 34.685422023000058, 1.525070896000045 ], [ 34.68497175400006, 1.525274833000026 ], [ 34.684324892000063, 1.525567806000026 ], [ 34.682374407000054, 1.527359416000024 ], [ 34.681703574000039, 1.527500479000025 ], [ 34.681683718000045, 1.52750465500003 ], [ 34.680493302000059, 1.52778365100005 ], [ 34.679210925000064, 1.527587993000054 ], [ 34.679206946000079, 1.527585668000029 ], [ 34.67848063100007, 1.527161161000038 ], [ 34.678098387000034, 1.526937751000048 ], [ 34.678088592000051, 1.52693432600006 ], [ 34.677007998000079, 1.52655655600006 ], [ 34.676770825000062, 1.526484268000047 ], [ 34.676493749000031, 1.525410678000071 ], [ 34.676491774000056, 1.525405530000057 ], [ 34.676265759000046, 1.524816305000058 ], [ 34.676237128000025, 1.524741664000032 ], [ 34.676233722000063, 1.524738102000072 ], [ 34.675529267000059, 1.524001360000057 ], [ 34.674696060000031, 1.524165442000026 ], [ 34.674171361000049, 1.52440204200002 ], [ 34.673086948000048, 1.52447220800002 ], [ 34.673077180000064, 1.524472840000044 ], [ 34.672424943000067, 1.52439626000006 ], [ 34.672388559000069, 1.524391988000048 ], [ 34.672377064000045, 1.524402285000065 ], [ 34.671694639000066, 1.525013544000046 ], [ 34.671265898000058, 1.525107293000076 ], [ 34.671265851000044, 1.525107304000073 ], [ 34.671265767000079, 1.525107160000061 ], [ 34.671054962000028, 1.524745726000049 ], [ 34.671044393000045, 1.524736601000029 ], [ 34.670228247000068, 1.524031945000047 ], [ 34.670228098000052, 1.524031487000059 ], [ 34.670111868000049, 1.52367356000002 ], [ 34.670470395000052, 1.523416796000049 ], [ 34.670482052000068, 1.523409682000022 ], [ 34.671016991000045, 1.52308324400002 ], [ 34.671019409000053, 1.523081768000054 ], [ 34.671019462000061, 1.52308079300002 ], [ 34.671076541000048, 1.522025389000021 ], [ 34.671023342000069, 1.522025212000074 ], [ 34.670841881000058, 1.52190670400006 ], [ 34.670839934000071, 1.521905433000029 ], [ 34.670577929000046, 1.521976063000068 ], [ 34.670468618000029, 1.522102484000072 ], [ 34.670434080000064, 1.522142429000041 ], [ 34.670385409000062, 1.522331847000032 ], [ 34.670385127000031, 1.522332945000073 ], [ 34.670387106000078, 1.522335288000022 ], [ 34.670526519000077, 1.522500255000068 ], [ 34.670571023000036, 1.522708083000055 ], [ 34.670571737000046, 1.52271141600005 ], [ 34.670572484000047, 1.522714905000043 ], [ 34.670310120000067, 1.522833216000038 ], [ 34.67007295500008, 1.52276093100005 ], [ 34.669812885000056, 1.522569396000051 ], [ 34.669552812000063, 1.522377851000044 ], [ 34.669545336000056, 1.522381147000033 ], [ 34.669338164000067, 1.522472476000075 ], [ 34.669147300000077, 1.522567184000025 ], [ 34.668841624000038, 1.522113316000059 ], [ 34.66860356400008, 1.522160193000047 ], [ 34.668235208000056, 1.522147053000026 ], [ 34.668110594000041, 1.522146642000052 ], [ 34.668045044000053, 1.522146425000074 ], [ 34.667710859000067, 1.522335996000038 ], [ 34.667447966000054, 1.522525800000039 ], [ 34.667264032000048, 1.52250211300003 ], [ 34.667067993000046, 1.522476868000069 ], [ 34.666686771000059, 1.522594773000037 ], [ 34.666576537000026, 1.522690503000035 ], [ 34.666495391000069, 1.522760973000061 ], [ 34.666399027000068, 1.522744534000026 ], [ 34.666210486000068, 1.522712373000047 ], [ 34.666204742000048, 1.522708009000041 ], [ 34.666021369000077, 1.522568733000071 ], [ 34.665930766000031, 1.52238400300007 ], [ 34.66592769500005, 1.52237774300005 ], [ 34.665644918000055, 1.522043122000071 ], [ 34.665488494000044, 1.52198643600002 ], [ 34.665313018000063, 1.521922846000052 ], [ 34.665285362000077, 1.522447114000045 ], [ 34.665140803000043, 1.522708817000023 ], [ 34.664974054000027, 1.522755934000031 ], [ 34.664689157000055, 1.522707317000027 ], [ 34.664195612000071, 1.521942978000027 ], [ 34.664100530000042, 1.521942653000053 ], [ 34.664015193000068, 1.522003161000043 ], [ 34.663933247000045, 1.522061263000069 ], [ 34.663718974000062, 1.522108232000051 ], [ 34.663527918000057, 1.522226776000025 ], [ 34.66352678800007, 1.522229372000027 ], [ 34.663455389000035, 1.522393373000057 ], [ 34.663240572000063, 1.522511834000056 ], [ 34.662931537000077, 1.522510806000071 ], [ 34.66274190300004, 1.522438672000021 ], [ 34.662671139000054, 1.52241256700006 ], [ 34.662481135000064, 1.522342476000063 ], [ 34.662360069000044, 1.52236227700007 ], [ 34.66233833900003, 1.522365831000059 ], [ 34.66231386000004, 1.522472612000058 ], [ 34.662289200000032, 1.522580185000038 ], [ 34.662289144000056, 1.522581542000069 ], [ 34.662260331000027, 1.523271292000061 ], [ 34.662164498000038, 1.523436996000044 ], [ 34.662164024000049, 1.523437816000069 ], [ 34.662003404000075, 1.523517509000044 ], [ 34.661973143000068, 1.523532523000029 ], [ 34.661977614000079, 1.52355101400002 ], [ 34.662019026000053, 1.523722268000029 ], [ 34.662019289000057, 1.523723356000062 ], [ 34.662041299000066, 1.523961769000039 ], [ 34.66199163400006, 1.524247624000054 ], [ 34.661874573000034, 1.524152781000055 ], [ 34.661873482000033, 1.524151897000024 ], [ 34.661660608000034, 1.524008182000046 ], [ 34.661475721000045, 1.524024410000038 ], [ 34.661398955000038, 1.524031148000063 ], [ 34.66118361100007, 1.524221110000042 ], [ 34.660993620000056, 1.524196643000039 ], [ 34.660899948000065, 1.524005653000074 ], [ 34.66063951600006, 1.523861781000051 ], [ 34.66033015000005, 1.52390841600004 ], [ 34.660067982000044, 1.524002892000055 ], [ 34.65987762900005, 1.524026099000025 ], [ 34.659712293000041, 1.523882541000035 ], [ 34.659571071000073, 1.523691393000036 ], [ 34.659391672000027, 1.523677941000074 ], [ 34.659238455000036, 1.523666453000033 ], [ 34.659118192000051, 1.523856730000034 ], [ 34.659119064000038, 1.523858735000033 ], [ 34.659225334000041, 1.524102897000034 ], [ 34.659305192000033, 1.524286375000031 ], [ 34.659304080000027, 1.524437135000028 ], [ 34.659299216000079, 1.525096740000038 ], [ 34.659299125000075, 1.525096869000038 ], [ 34.659196593000047, 1.525241849000054 ], [ 34.659131088000038, 1.525334472000054 ], [ 34.659131049000052, 1.525334527000041 ], [ 34.659143311000037, 1.525362698000038 ], [ 34.659224548000054, 1.525549343000023 ], [ 34.659294279000051, 1.525764085000048 ], [ 34.659127184000056, 1.525858868000057 ], [ 34.658818692000068, 1.525786348000054 ], [ 34.658604049000076, 1.525880972000039 ], [ 34.658577003000062, 1.525934329000052 ], [ 34.658459309000079, 1.526166512000032 ], [ 34.658372519000068, 1.526379836000046 ], [ 34.658363235000024, 1.526402656000073 ], [ 34.658362470000043, 1.526404537000076 ], [ 34.658438552000064, 1.526572767000062 ], [ 34.65850281400003, 1.526714859000037 ], [ 34.658642990000033, 1.526892658000065 ], [ 34.658785422000051, 1.527073319000067 ], [ 34.658901286000059, 1.527405891000058 ], [ 34.658901806000074, 1.52740738500006 ], [ 34.658804256000053, 1.527740745000074 ], [ 34.658422165000047, 1.527977827000029 ], [ 34.658338535000041, 1.528166709000061 ], [ 34.65821668600006, 1.528441911000073 ], [ 34.658000468000068, 1.528751058000068 ], [ 34.657545470000059, 1.529202400000031 ], [ 34.657066888000031, 1.529629850000049 ], [ 34.657066751000059, 1.529631044000041 ], [ 34.656990646000054, 1.530296964000058 ], [ 34.656893979000074, 1.530511162000039 ], [ 34.65672704800005, 1.530582108000033 ], [ 34.656512773000031, 1.530629067000064 ], [ 34.656486527000027, 1.530962672000044 ], [ 34.656414690000076, 1.531033932000071 ], [ 34.656247943000039, 1.531081050000068 ], [ 34.656033471000057, 1.531151846000057 ], [ 34.655983302000038, 1.531194522000021 ], [ 34.655866024000034, 1.531294284000069 ], [ 34.655816544000061, 1.531556312000021 ], [ 34.655719530000056, 1.531818174000023 ], [ 34.655702289000033, 1.531826730000034 ], [ 34.655528652000044, 1.531912882000029 ], [ 34.655338138000047, 1.531959916000062 ], [ 34.655310144000055, 1.532531861000052 ], [ 34.655475482000043, 1.532675418000053 ], [ 34.655583035000063, 1.532784416000027 ], [ 34.655616857000041, 1.532818693000024 ], [ 34.65561705500005, 1.532818893000069 ], [ 34.655639241000074, 1.533033479000039 ], [ 34.655567049000069, 1.533152413000039 ], [ 34.655524444000037, 1.533226077000052 ], [ 34.655470734000062, 1.533318937000047 ], [ 34.655470713000057, 1.533321822000062 ], [ 34.655470270000023, 1.533381792000057 ], [ 34.65546932400008, 1.533509613000035 ], [ 34.65546960000006, 1.533511974000021 ], [ 34.655514054000037, 1.533891122000057 ], [ 34.655370726000058, 1.533985969000071 ], [ 34.655013276000034, 1.534103959000049 ], [ 34.654892127000039, 1.534209170000054 ], [ 34.654821875000039, 1.534270178000043 ], [ 34.654512518000047, 1.53431682300004 ], [ 34.654107348000025, 1.534458492000056 ], [ 34.653797096000062, 1.534624304000033 ], [ 34.653619918000061, 1.53460890100007 ], [ 34.653512020000051, 1.534599522000065 ], [ 34.653379594000057, 1.534621184000059 ], [ 34.653083615000071, 1.534669600000029 ], [ 34.652427358000068, 1.535013037000056 ], [ 34.651951939000071, 1.535011453000038 ], [ 34.651764632000038, 1.53511286600002 ], [ 34.651689410000074, 1.535153593000075 ], [ 34.651570031000062, 1.535224697000046 ], [ 34.651535225000032, 1.535293358000047 ], [ 34.65149765700005, 1.535367467000071 ], [ 34.651306093000073, 1.535557514000061 ], [ 34.651305406000063, 1.53556188500005 ], [ 34.651231243000041, 1.536033963000023 ], [ 34.651159327000073, 1.536199123000074 ], [ 34.651158701000043, 1.536200562000033 ], [ 34.651096839000047, 1.536219399000061 ], [ 34.650848972000063, 1.536294872000042 ], [ 34.650468290000049, 1.536341286000038 ], [ 34.65040934700005, 1.536399751000033 ], [ 34.650348551000036, 1.536460054000031 ], [ 34.650349888000051, 1.536462778000043 ], [ 34.650465657000041, 1.536698793000028 ], [ 34.650535378000029, 1.536913537000032 ], [ 34.650534361000041, 1.536913679000065 ], [ 34.650522311000032, 1.536915364000038 ], [ 34.650368813000057, 1.536936828000023 ], [ 34.650116738000065, 1.536889969000072 ], [ 34.650107671000058, 1.536888283000053 ], [ 34.650066198000047, 1.536854680000033 ], [ 34.649989529000038, 1.536792556000023 ], [ 34.649835352000025, 1.536806090000027 ], [ 34.649727881000047, 1.53681552300003 ], [ 34.649487339000075, 1.537196079000068 ], [ 34.649178320000033, 1.537195060000045 ], [ 34.648940088000074, 1.537265774000048 ], [ 34.64880790400008, 1.53736120800005 ], [ 34.648677190000058, 1.537455580000028 ], [ 34.64818867300005, 1.537656022000021 ], [ 34.647985714000072, 1.53773929700003 ], [ 34.647532314000046, 1.537976147000052 ], [ 34.647149513000045, 1.538308566000069 ], [ 34.646919866000076, 1.538436789000059 ], [ 34.646767591000071, 1.538521811000066 ], [ 34.646668562000059, 1.538574735000054 ], [ 34.646457337000072, 1.538687622000054 ], [ 34.646361196000043, 1.538830301000075 ], [ 34.646291380000036, 1.538968036000028 ], [ 34.646288823000077, 1.538973081000051 ], [ 34.646262771000067, 1.539282849000074 ], [ 34.646072418000074, 1.539306059000069 ], [ 34.645930494000027, 1.539210246000039 ], [ 34.645806827000058, 1.539171593000049 ], [ 34.645622182000068, 1.53911387900007 ], [ 34.645570064000026, 1.539316733000021 ], [ 34.645548760000054, 1.539399654000022 ], [ 34.645498921000069, 1.539709348000031 ], [ 34.645283585000072, 1.539899311000056 ], [ 34.645162798000058, 1.540161091000073 ], [ 34.644876126000042, 1.54035082300004 ], [ 34.644687185000066, 1.540302740000072 ], [ 34.644686317000037, 1.540302519000022 ], [ 34.644659103000038, 1.540281083000025 ], [ 34.644473595000079, 1.540134966000039 ], [ 34.644190288000061, 1.539871843000071 ], [ 34.643783003000067, 1.540299508000032 ], [ 34.643692481000073, 1.540344443000038 ], [ 34.643687578000026, 1.540346877000047 ], [ 34.643354947000034, 1.540321937000044 ], [ 34.643327652000039, 1.540323214000068 ], [ 34.642879357000027, 1.540344180000034 ], [ 34.642695684000046, 1.540311780000025 ], [ 34.642535120000048, 1.540283458000033 ], [ 34.642133466000075, 1.539948443000071 ], [ 34.641729535000024, 1.539923263000048 ], [ 34.641382870000029, 1.53993722000007 ], [ 34.641182632000039, 1.539945282000076 ], [ 34.640870494000069, 1.539944245000072 ], [ 34.64068343200006, 1.539943623000056 ], [ 34.640299532000029, 1.539749164000057 ], [ 34.640257143000042, 1.539727698000036 ], [ 34.639780823000024, 1.539845288000038 ], [ 34.639403109000057, 1.539921884000023 ], [ 34.638971378000065, 1.540009433000023 ], [ 34.638422357000024, 1.540317479000066 ], [ 34.638361596000038, 1.540347625000038 ], [ 34.637992887000053, 1.54053056500004 ], [ 34.637419746000035, 1.540886173000047 ], [ 34.637176181000029, 1.540958469000032 ], [ 34.636705014000029, 1.541098323000028 ], [ 34.636475695000058, 1.541222475000041 ], [ 34.63617994100008, 1.541382596000062 ], [ 34.636059321000062, 1.541620548000026 ], [ 34.636014567000075, 1.541651910000041 ], [ 34.63565309300003, 1.541905220000046 ], [ 34.635226492000072, 1.542046038000024 ], [ 34.635224168000036, 1.542046805000041 ], [ 34.634364002000041, 1.542639818000055 ], [ 34.63272519700007, 1.544052558000033 ], [ 34.63211326000004, 1.544585490000031 ], [ 34.631552819000035, 1.545073573000025 ], [ 34.631113346000063, 1.545596232000037 ], [ 34.630713423000032, 1.546071855000037 ], [ 34.630530921000059, 1.546349616000043 ], [ 34.630400889000043, 1.546547521000036 ], [ 34.630326397000033, 1.546976292000068 ], [ 34.630162067000072, 1.547046153000053 ], [ 34.630159470000024, 1.547047256000042 ], [ 34.629980731000046, 1.54714864400006 ], [ 34.629825313000026, 1.547236803000033 ], [ 34.629825266000068, 1.547236831000021 ], [ 34.629824297000027, 1.547367705000056 ], [ 34.629821913000058, 1.547689680000076 ], [ 34.62982179200003, 1.547690078000073 ], [ 34.629739872000073, 1.547962228000074 ], [ 34.629700065000065, 1.548094474000038 ], [ 34.629437003000078, 1.548308118000023 ], [ 34.62922289100004, 1.548331241000028 ], [ 34.628983579000078, 1.548544959000026 ], [ 34.628893852000033, 1.548707394000076 ], [ 34.628694452000047, 1.549068374000058 ], [ 34.628343691000055, 1.549889521000068 ], [ 34.628343765000068, 1.549892249000038 ], [ 34.628354300000069, 1.550282379000066 ], [ 34.62836235900005, 1.55058079600002 ], [ 34.628500935000034, 1.551104958000053 ], [ 34.628501112000038, 1.551105629000062 ], [ 34.62841147000006, 1.551272773000051 ], [ 34.628284182000073, 1.551510110000038 ], [ 34.627734617000044, 1.55188964000007 ], [ 34.627668755000059, 1.552166683000053 ], [ 34.627587514000027, 1.552508420000038 ], [ 34.627587407000078, 1.552508867000029 ], [ 34.62760428100006, 1.55260133500002 ], [ 34.627678800000069, 1.553009706000068 ], [ 34.627678241000069, 1.553011194000021 ], [ 34.627509067000062, 1.553461999000035 ], [ 34.627288710000073, 1.553700370000058 ], [ 34.62724546100003, 1.553747155000053 ], [ 34.626982739000027, 1.553913134000027 ], [ 34.626719840000078, 1.554102942000043 ], [ 34.626503968000065, 1.554364409000073 ], [ 34.626423367000029, 1.554453205000073 ], [ 34.626288259000034, 1.554602048000049 ], [ 34.626053248000062, 1.554806118000045 ], [ 34.625905446000047, 1.554934460000027 ], [ 34.625815461000059, 1.555003938000027 ], [ 34.625690274000078, 1.555100595000056 ], [ 34.62532843300005, 1.55581445200005 ], [ 34.62532983400007, 1.555816349000054 ], [ 34.625469648000035, 1.556005602000027 ], [ 34.625801916000057, 1.556078208000031 ], [ 34.625930985000025, 1.556305068000029 ], [ 34.625930852000067, 1.556306539000047 ], [ 34.625879265000037, 1.556876464000027 ], [ 34.625879222000037, 1.556876937000027 ], [ 34.625886245000061, 1.556921182000053 ], [ 34.625901932000033, 1.557020015000035 ], [ 34.625968592000049, 1.557087574000036 ], [ 34.62613790000006, 1.557259164000072 ], [ 34.626372229000026, 1.55766447700006 ], [ 34.626372611000079, 1.557665137000072 ], [ 34.626322255000048, 1.558046336000075 ], [ 34.62615296000007, 1.558450728000025 ], [ 34.626152860000047, 1.55845096500002 ], [ 34.626174869000067, 1.558689392000076 ], [ 34.626176612000052, 1.55869141200003 ], [ 34.626339874000053, 1.558880617000057 ], [ 34.626267322000047, 1.559047217000057 ], [ 34.626265548000049, 1.559062216000029 ], [ 34.626241962000051, 1.559261650000053 ], [ 34.626242374000071, 1.559262597000043 ], [ 34.626335462000043, 1.559476480000058 ], [ 34.626335435000044, 1.559480180000037 ], [ 34.626335428000061, 1.55948115700005 ], [ 34.626332479000041, 1.559881674000053 ], [ 34.626142695000055, 1.559904803000052 ], [ 34.626142126000047, 1.559904872000061 ], [ 34.625806510000075, 1.560285118000024 ], [ 34.625590627000065, 1.560546595000062 ], [ 34.625590614000032, 1.560548380000057 ], [ 34.625586763000058, 1.561070947000076 ], [ 34.625492566000048, 1.562560332000032 ], [ 34.625345533000029, 1.563155721000044 ], [ 34.625234608000028, 1.563338470000076 ], [ 34.625128956000026, 1.563512531000072 ], [ 34.625010348000046, 1.56386116300007 ], [ 34.624983159000067, 1.563941080000063 ], [ 34.62497753100007, 1.563952965000055 ], [ 34.624814121000043, 1.564298054000062 ], [ 34.62471726800004, 1.564536084000054 ], [ 34.624619374000076, 1.56491711700005 ], [ 34.624420464000025, 1.565331017000062 ], [ 34.624402083000064, 1.565369264000026 ], [ 34.624495061000061, 1.565655596000056 ], [ 34.624494085000038, 1.565656671000056 ], [ 34.62427935200003, 1.565893227000061 ], [ 34.624198768000042, 1.565964779000069 ], [ 34.623824699000068, 1.566296923000039 ], [ 34.623670888000049, 1.566637738000054 ], [ 34.623631363000072, 1.566725318000067 ], [ 34.623586575000047, 1.566801189000046 ], [ 34.623462851000056, 1.567010778000054 ], [ 34.623365830000068, 1.567272635000052 ], [ 34.623315476000073, 1.567653835000044 ], [ 34.623193407000031, 1.567828343000031 ], [ 34.623099235000041, 1.567962969000064 ], [ 34.623028461000047, 1.568102594000038 ], [ 34.62293068300005, 1.568295493000051 ], [ 34.622930372000042, 1.568296107000037 ], [ 34.622974055000043, 1.568820626000047 ], [ 34.622984818000077, 1.56883324100005 ], [ 34.623194196000043, 1.569078660000059 ], [ 34.623291359000063, 1.569310306000034 ], [ 34.623290728000029, 1.569312760000059 ], [ 34.623254952000025, 1.569452003000038 ], [ 34.623217934000024, 1.569596083000022 ], [ 34.622861357000033, 1.569594890000076 ], [ 34.622810469000058, 1.570047601000056 ], [ 34.622619422000071, 1.570166140000026 ], [ 34.62250270100003, 1.570290157000045 ], [ 34.622283974000027, 1.57052255900004 ], [ 34.622284903000036, 1.570525098000076 ], [ 34.622353883000073, 1.570713469000054 ], [ 34.622781602000032, 1.570738722000044 ], [ 34.622995021000065, 1.570810936000044 ], [ 34.622993730000076, 1.570814730000052 ], [ 34.622921905000055, 1.571025849000023 ], [ 34.622897827000031, 1.571096622000027 ], [ 34.622540367000056, 1.571214614000041 ], [ 34.622396612000045, 1.571451444000047 ], [ 34.622395974000028, 1.571452495000074 ], [ 34.622398005000036, 1.571456986000044 ], [ 34.622536318000073, 1.571762823000029 ], [ 34.622534560000076, 1.572001157000045 ], [ 34.622415346000025, 1.572048443000028 ], [ 34.622272721000058, 1.572047971000075 ], [ 34.622202121000043, 1.571952392000071 ], [ 34.622157169000047, 1.571883883000055 ], [ 34.622108083000057, 1.571809073000054 ], [ 34.622076875000062, 1.571815215000072 ], [ 34.621989043000042, 1.571832502000063 ], [ 34.621915278000074, 1.572165964000021 ], [ 34.621866152000052, 1.572426065000059 ], [ 34.621865789000026, 1.572427987000026 ], [ 34.622006832000068, 1.572642967000036 ], [ 34.621986808000031, 1.572930252000049 ], [ 34.621980256000029, 1.573024241000041 ], [ 34.621670868000024, 1.573070880000046 ], [ 34.621533266000029, 1.57297799600002 ], [ 34.621528942000054, 1.572975077000024 ], [ 34.621530524000036, 1.572760561000052 ], [ 34.621460615000046, 1.572569651000038 ], [ 34.621428657000024, 1.572574118000034 ], [ 34.621294036000052, 1.572592934000056 ], [ 34.621126573000026, 1.572735392000027 ], [ 34.620191982000051, 1.572716926000055 ], [ 34.619676686000048, 1.572706745000062 ], [ 34.619461860000058, 1.572825218000048 ], [ 34.619461828000055, 1.57282535500002 ], [ 34.619451439000045, 1.572870683000076 ], [ 34.619412729000032, 1.57303956800007 ], [ 34.619412975000046, 1.573040199000047 ], [ 34.619501005000075, 1.573265329000037 ], [ 34.619505868000033, 1.573277765000057 ], [ 34.619506049000051, 1.57327822700006 ], [ 34.619670521000046, 1.573540964000074 ], [ 34.619503058000078, 1.573683413000026 ], [ 34.619502820000037, 1.573683220000021 ], [ 34.619461227000045, 1.573649519000071 ], [ 34.619384911000054, 1.573587685000064 ], [ 34.619148219000067, 1.573467796000045 ], [ 34.61914807200003, 1.573467722000032 ], [ 34.61914021900003, 1.573481299000036 ], [ 34.619051753000065, 1.573634250000055 ], [ 34.619032898000057, 1.573793667000075 ], [ 34.619026476000045, 1.573847964000038 ], [ 34.619026391000034, 1.573848682000062 ], [ 34.618858054000043, 1.574110318000066 ], [ 34.618855957000051, 1.574396328000034 ], [ 34.61885579300008, 1.574396470000067 ], [ 34.618849856000054, 1.574401625000064 ], [ 34.618664540000054, 1.574562540000045 ], [ 34.618405811000059, 1.574561689000063 ], [ 34.61840305700008, 1.574561680000045 ], [ 34.618117797000025, 1.574560718000043 ], [ 34.617973885000026, 1.574614202000021 ], [ 34.617736873000069, 1.574702285000058 ], [ 34.617736391000051, 1.57470246500003 ], [ 34.617758044000027, 1.574988576000067 ], [ 34.617759359000047, 1.574989760000051 ], [ 34.617970598000056, 1.575179958000035 ], [ 34.618064093000044, 1.575394790000075 ], [ 34.618298991000074, 1.575776925000071 ], [ 34.618226808000031, 1.575895851000041 ], [ 34.618100256000048, 1.576044095000043 ], [ 34.617963025000051, 1.576204848000032 ], [ 34.617963002000067, 1.576208926000049 ], [ 34.617961278000053, 1.576443192000056 ], [ 34.617817796000054, 1.576632657000061 ], [ 34.617817234000029, 1.576633399000059 ], [ 34.617742459000056, 1.576637313000049 ], [ 34.617389163000041, 1.576655803000051 ], [ 34.617246003000048, 1.576726843000074 ], [ 34.617197931000078, 1.576798188000055 ], [ 34.61700722300003, 1.576869071000033 ], [ 34.617008281000039, 1.57672605700003 ], [ 34.617008288000079, 1.57672511200002 ], [ 34.617009546000077, 1.576554331000068 ], [ 34.61701038800004, 1.576440047000062 ], [ 34.616629851000027, 1.575929604000066 ], [ 34.616351292000047, 1.575555952000059 ], [ 34.616090510000049, 1.575459751000039 ], [ 34.616090413000052, 1.57545976800003 ], [ 34.615614374000074, 1.575553499000023 ], [ 34.615499230000069, 1.575460229000043 ], [ 34.615496208000025, 1.575457780000022 ], [ 34.615201257000024, 1.575158861000034 ], [ 34.614048159000049, 1.574497842000028 ], [ 34.613946637000026, 1.574439644000051 ], [ 34.613822354000035, 1.574143370000058 ], [ 34.613806459000045, 1.574105478000035 ], [ 34.613806384000043, 1.57410539600005 ], [ 34.613787671000068, 1.574084842000048 ], [ 34.613523489000045, 1.573794686000042 ], [ 34.613294878000033, 1.57376524600005 ], [ 34.613143500000035, 1.573745752000036 ], [ 34.612995022000064, 1.573856302000024 ], [ 34.612952266000036, 1.57388813700004 ], [ 34.612951577000047, 1.573889629000064 ], [ 34.612831477000043, 1.574149921000071 ], [ 34.612760862000073, 1.574149682000041 ], [ 34.612760150000042, 1.574149680000062 ], [ 34.612190675000079, 1.574004786000046 ], [ 34.612090913000031, 1.574103750000063 ], [ 34.612023046000047, 1.574171073000059 ], [ 34.611808568000072, 1.574241872000073 ], [ 34.611629796000045, 1.574196380000046 ], [ 34.611618743000065, 1.574193568000055 ], [ 34.611412375000043, 1.574161014000026 ], [ 34.61131006100004, 1.574144874000069 ], [ 34.611229941000033, 1.574176648000048 ], [ 34.611071640000034, 1.574239427000066 ], [ 34.610595329000034, 1.574357021000026 ], [ 34.61056497800007, 1.574369056000023 ], [ 34.61023768900003, 1.574498849000065 ], [ 34.610011289000056, 1.57452076800007 ], [ 34.609999791000064, 1.574521881000067 ], [ 34.609667515000069, 1.574449285000071 ], [ 34.609421329000043, 1.574518843000021 ], [ 34.609334014000069, 1.574543513000037 ], [ 34.609072512000068, 1.574542653000037 ], [ 34.608956197000055, 1.574353392000035 ], [ 34.608955073000061, 1.57435156400004 ], [ 34.608763922000037, 1.574393451000049 ], [ 34.608740755000042, 1.57439852400006 ], [ 34.608667878000063, 1.574612812000055 ], [ 34.608668334000072, 1.574614336000025 ], [ 34.608760663000055, 1.57492297500005 ], [ 34.608711550000066, 1.575137335000022 ], [ 34.608711401000051, 1.575137398000038 ], [ 34.608699210000054, 1.575142579000044 ], [ 34.608544601000062, 1.575208282000062 ], [ 34.608282943000063, 1.575231258000031 ], [ 34.607997671000078, 1.57523029400005 ], [ 34.607833347000053, 1.575158927000075 ], [ 34.60783202600004, 1.575158353000063 ], [ 34.607831799000053, 1.575158255000076 ], [ 34.607738470000072, 1.574919585000032 ], [ 34.607787428000051, 1.574729071000036 ], [ 34.607787796000025, 1.574728914000048 ], [ 34.608031212000071, 1.574625449000052 ], [ 34.608121297000025, 1.574587159000032 ], [ 34.608137042000067, 1.574440211000024 ], [ 34.608146826000052, 1.57434889700005 ], [ 34.608146634000036, 1.57434887200003 ], [ 34.607766817000027, 1.574299962000055 ], [ 34.607683273000077, 1.57429968200006 ], [ 34.607362697000042, 1.574298609000039 ], [ 34.607302073000028, 1.574368719000063 ], [ 34.607218970000076, 1.574464825000064 ], [ 34.607218836000072, 1.574464980000073 ], [ 34.607263350000039, 1.574870038000029 ], [ 34.607263383000031, 1.574870344000033 ], [ 34.607141959000046, 1.575250512000025 ], [ 34.607141708000029, 1.575251297000023 ], [ 34.607162621000043, 1.575406156000042 ], [ 34.607209334000061, 1.575752066000064 ], [ 34.607208851000053, 1.575754397000026 ], [ 34.607208168000057, 1.575757697000029 ], [ 34.607135373000062, 1.576109340000073 ], [ 34.606969215000049, 1.576179977000038 ], [ 34.606968443000028, 1.576180305000037 ], [ 34.606776411000055, 1.57621462700007 ], [ 34.606444757000077, 1.576273904000061 ], [ 34.606064057000026, 1.576320318000057 ], [ 34.605872481000063, 1.576510359000054 ], [ 34.605656585000077, 1.57677183800007 ], [ 34.605144345000042, 1.576925067000047 ], [ 34.604620124000064, 1.577090168000041 ], [ 34.604287856000042, 1.577017563000027 ], [ 34.604025838000041, 1.577088194000055 ], [ 34.603691791000074, 1.577253935000044 ], [ 34.60350657500004, 1.57716012100002 ], [ 34.603502316000061, 1.577157964000037 ], [ 34.603218064000032, 1.57702355300006 ], [ 34.603146968000033, 1.576989935000029 ], [ 34.603084951000028, 1.576980152000033 ], [ 34.602838285000075, 1.576941241000043 ], [ 34.602409161000026, 1.57710666600002 ], [ 34.602099602000067, 1.57717714000006 ], [ 34.601959075000025, 1.576890655000057 ], [ 34.601699865000057, 1.576579934000051 ], [ 34.60146320900003, 1.576436132000026 ], [ 34.601274967000052, 1.576173317000041 ], [ 34.600941805000048, 1.576219870000045 ], [ 34.600834629000076, 1.576273051000044 ], [ 34.600655492000044, 1.576361940000027 ], [ 34.600526763000062, 1.576473716000066 ], [ 34.600464073000069, 1.576528152000037 ], [ 34.600418008000076, 1.576607807000073 ], [ 34.600367879000032, 1.576694490000023 ], [ 34.600367769000059, 1.57669468000006 ], [ 34.600380904000076, 1.576766669000051 ], [ 34.600459154000077, 1.577195535000044 ], [ 34.600458332000073, 1.577195739000047 ], [ 34.600446878000071, 1.57719856600005 ], [ 34.600173356000028, 1.577266093000048 ], [ 34.600012066000033, 1.577172752000024 ], [ 34.600007650000066, 1.577170196000054 ], [ 34.599862053000038, 1.577123985000071 ], [ 34.59962818200006, 1.577049757000054 ], [ 34.599588132000065, 1.577128765000054 ], [ 34.599579934000076, 1.577144940000039 ], [ 34.599577880000027, 1.577146976000051 ], [ 34.599436247000028, 1.577287473000069 ], [ 34.599245546000077, 1.57735834600004 ], [ 34.599100800000031, 1.577643894000062 ], [ 34.599051317000033, 1.577905921000024 ], [ 34.598884560000045, 1.577953039000022 ], [ 34.598811124000065, 1.578238819000035 ], [ 34.598624568000048, 1.578377724000063 ], [ 34.598619906000067, 1.57838119500002 ], [ 34.597408932000064, 1.578186480000056 ], [ 34.597170147000043, 1.578328707000026 ], [ 34.596858828000052, 1.57863753700002 ], [ 34.596849201000055, 1.578639570000064 ], [ 34.596525490000033, 1.578707937000047 ], [ 34.596315848000074, 1.578613505000021 ], [ 34.596312244000046, 1.578611882000075 ], [ 34.596221462000074, 1.578547532000073 ], [ 34.596075753000036, 1.578444249000029 ], [ 34.595839622000028, 1.578228943000056 ], [ 34.595608784000035, 1.578251303000059 ], [ 34.595363822000024, 1.578275031000032 ], [ 34.595200676000047, 1.578450879000059 ], [ 34.595088253000029, 1.578572054000063 ], [ 34.595015341000078, 1.578786341000068 ], [ 34.594728355000029, 1.579023709000069 ], [ 34.594728317000033, 1.579023741000071 ], [ 34.594702428000062, 1.579309671000033 ], [ 34.594702319000078, 1.579311051000047 ], [ 34.59467618900004, 1.579643284000042 ], [ 34.594487883000056, 1.579713279000032 ], [ 34.594485496000061, 1.579714166000031 ], [ 34.594343393000031, 1.579642181000054 ], [ 34.594105834000061, 1.579617555000027 ], [ 34.593797859000063, 1.579473518000043 ], [ 34.593514003000053, 1.579281881000043 ], [ 34.593422652000072, 1.579342348000068 ], [ 34.593299006000052, 1.579424191000044 ], [ 34.593277778000072, 1.579658657000039 ], [ 34.593273117000024, 1.579710130000024 ], [ 34.593290388000071, 1.579749815000071 ], [ 34.593366612000068, 1.579924965000032 ], [ 34.593626882000024, 1.580092672000035 ], [ 34.593742571000064, 1.580304685000044 ], [ 34.59374404700003, 1.580307391000076 ], [ 34.593744156000071, 1.580307589000029 ], [ 34.593647, 1.580574458000058 ], [ 34.593622819000075, 1.580640879000043 ], [ 34.593622852000067, 1.58064091500006 ], [ 34.593642749000026, 1.580663331000039 ], [ 34.593835015000025, 1.580879940000045 ], [ 34.59391587500005, 1.581100775000039 ], [ 34.593974825000032, 1.581261776000076 ], [ 34.593974335000041, 1.581263591000038 ], [ 34.593852623000032, 1.581714244000068 ], [ 34.59370752600006, 1.582047458000034 ], [ 34.593695172000025, 1.582281718000047 ], [ 34.593680085000074, 1.582567790000041 ], [ 34.593679877000056, 1.582571745000052 ], [ 34.593868471000064, 1.582786894000037 ], [ 34.593889211000032, 1.583191472000067 ], [ 34.59388924600006, 1.583192159000021 ], [ 34.593873753000025, 1.583252468000069 ], [ 34.593815828000061, 1.583477940000023 ], [ 34.593787543000076, 1.584096006000038 ], [ 34.593787471000041, 1.584097576000033 ], [ 34.593595535000077, 1.584335294000027 ], [ 34.593561077000061, 1.584369472000049 ], [ 34.593451838000078, 1.584477827000057 ], [ 34.59331046300008, 1.584637995000037 ], [ 34.593284022000034, 1.584667952000075 ], [ 34.593154795000032, 1.584678316000065 ], [ 34.592998590000036, 1.584690844000022 ], [ 34.592934145000072, 1.584690629000022 ], [ 34.592784633000065, 1.58469013000007 ], [ 34.592565799000056, 1.584669446000021 ], [ 34.592523312000026, 1.58466543000003 ], [ 34.592448400000023, 1.584617156000036 ], [ 34.592263051000032, 1.584497714000065 ], [ 34.592216920000055, 1.584306875000038 ], [ 34.592265583000028, 1.584117498000069 ], [ 34.592265878000035, 1.584116351000034 ], [ 34.592457115000059, 1.58397396600003 ], [ 34.592469710000046, 1.583867411000028 ], [ 34.592482460000042, 1.583759530000066 ], [ 34.592538777000073, 1.583487495000043 ], [ 34.59255642200003, 1.583402255000067 ], [ 34.59255625000003, 1.583401902000048 ], [ 34.592392493000034, 1.583068010000034 ], [ 34.592245501000036, 1.583038008000074 ], [ 34.592155108000043, 1.583019557000057 ], [ 34.591845722000073, 1.583066193000036 ], [ 34.591840961000059, 1.583082458000035 ], [ 34.591797024000073, 1.583232589000033 ], [ 34.591796939000062, 1.583232879000036 ], [ 34.591796121000073, 1.583343883000055 ], [ 34.591794654000068, 1.583542739000052 ], [ 34.591794486000026, 1.583545146000063 ], [ 34.591794441000047, 1.583545801000071 ], [ 34.591768074000072, 1.583924019000051 ], [ 34.591624974000069, 1.584042357000044 ], [ 34.591624553000031, 1.584042705000059 ], [ 34.591621777000057, 1.584043391000023 ], [ 34.591434025000069, 1.584089759000051 ], [ 34.591315333000068, 1.584065524000039 ], [ 34.591221654000037, 1.583874526000045 ], [ 34.591223408000076, 1.583636885000033 ], [ 34.59122341300008, 1.583636179000052 ], [ 34.590914377000047, 1.58363515800005 ], [ 34.59085058900007, 1.583729833000064 ], [ 34.590722099000061, 1.583920541000055 ], [ 34.590507434000074, 1.584015167000075 ], [ 34.590341210000076, 1.583990783000047 ], [ 34.590140095000038, 1.583990103000076 ], [ 34.590127253000048, 1.58399005900003 ], [ 34.590125422000028, 1.58399096900007 ], [ 34.589936376000026, 1.584084779000023 ], [ 34.589932857000065, 1.584561474000054 ], [ 34.58971714900008, 1.584799117000045 ], [ 34.589310547000025, 1.58513146100006 ], [ 34.588905011000065, 1.585320797000065 ], [ 34.588442415000031, 1.585188169000048 ], [ 34.588181301000077, 1.585201076000033 ], [ 34.58799056600003, 1.585210504000031 ], [ 34.587965867000037, 1.585215916000038 ], [ 34.587561970000024, 1.585304416000042 ], [ 34.587300945000038, 1.585303555000053 ], [ 34.587300464000066, 1.585303553000074 ], [ 34.587251954000067, 1.585266707000073 ], [ 34.587016782000035, 1.585088078000069 ], [ 34.586900401000037, 1.584753999000043 ], [ 34.586697891000028, 1.58468547800004 ], [ 34.586544691000029, 1.584633642000028 ], [ 34.58628266900007, 1.584704273000057 ], [ 34.586142036000069, 1.58486689800003 ], [ 34.586138897000069, 1.584870528000067 ], [ 34.586138796000057, 1.584870644000034 ], [ 34.586088261000043, 1.585275689000071 ], [ 34.586088257000029, 1.585276239000052 ], [ 34.586085617000037, 1.585633206000068 ], [ 34.585894739000025, 1.585727916000053 ], [ 34.585659283000041, 1.585774277000041 ], [ 34.58565666100003, 1.585774794000031 ], [ 34.585420879000026, 1.585511819000033 ], [ 34.585413852000045, 1.585467567000023 ], [ 34.58535272000006, 1.585082556000032 ], [ 34.585046688000034, 1.584676333000061 ], [ 34.58471422100007, 1.584627554000065 ], [ 34.584667858000046, 1.584627399000055 ], [ 34.584333865000076, 1.584626282000045 ], [ 34.58433287400004, 1.584625613000071 ], [ 34.584120968000036, 1.584482569000045 ], [ 34.584122554000032, 1.584268049000059 ], [ 34.583912135000048, 1.583790638000039 ], [ 34.583795553000073, 1.583480377000058 ], [ 34.583737883000026, 1.583451168000067 ], [ 34.583463981000079, 1.583312437000075 ], [ 34.582797657000071, 1.583405567000057 ], [ 34.58260283900006, 1.583381916000064 ], [ 34.582393873000058, 1.583356546000061 ], [ 34.582114692000061, 1.583327608000047 ], [ 34.581918777000055, 1.583307301000048 ], [ 34.581682636000039, 1.583091990000071 ], [ 34.581542477000028, 1.582757828000069 ], [ 34.581525002000035, 1.582711840000059 ], [ 34.581379240000047, 1.582328229000041 ], [ 34.581119688000058, 1.58206517900004 ], [ 34.580340138000054, 1.581395188000045 ], [ 34.580221299000073, 1.581406696000045 ], [ 34.580102227000054, 1.581418227000029 ], [ 34.579967081000063, 1.581398400000069 ], [ 34.579769770000041, 1.581369454000026 ], [ 34.579531102000033, 1.581218402000047 ], [ 34.579391174000079, 1.581129842000053 ], [ 34.579012413000044, 1.58091405700003 ], [ 34.578709252000067, 1.580744867000021 ], [ 34.578432368000051, 1.58059034200005 ], [ 34.578374154000073, 1.580593794000038 ], [ 34.578051836000043, 1.580612907000045 ], [ 34.577694890000032, 1.58065939100004 ], [ 34.57733795300004, 1.580705877000071 ], [ 34.577218042000027, 1.580848494000065 ], [ 34.577206905000025, 1.580857336000065 ], [ 34.576978904000043, 1.581038377000027 ], [ 34.576816233000045, 1.58101451400006 ], [ 34.576812671000027, 1.58101399100002 ], [ 34.576812535000045, 1.581013666000047 ], [ 34.576742587000069, 1.580846904000055 ], [ 34.576768095000034, 1.58060886200002 ], [ 34.576768119000064, 1.580608638000058 ], [ 34.57674769700003, 1.580155685000022 ], [ 34.576533984000037, 1.58010979300002 ], [ 34.57629673100007, 1.580058846000043 ], [ 34.576035233000027, 1.58005797200002 ], [ 34.576018942000076, 1.580083289000072 ], [ 34.575866889000054, 1.580319592000023 ], [ 34.575864749000061, 1.580321136000066 ], [ 34.57560397900005, 1.580509401000029 ], [ 34.575461525000037, 1.580485098000054 ], [ 34.57527275800004, 1.580293791000031 ], [ 34.575272813000026, 1.580293697000059 ], [ 34.575465408000071, 1.579960733000064 ], [ 34.575465521000069, 1.579959030000055 ], [ 34.575478446000034, 1.579763413000023 ], [ 34.575492176000068, 1.579555613000025 ], [ 34.575492069000063, 1.579555366000022 ], [ 34.575434809000058, 1.579423801000075 ], [ 34.575398674000041, 1.579340775000048 ], [ 34.575019368000028, 1.579196502000059 ], [ 34.574734285000034, 1.579171707000057 ], [ 34.574733225000045, 1.579314724000028 ], [ 34.574576473000036, 1.579422450000038 ], [ 34.57442259100003, 1.579528202000063 ], [ 34.574256717000026, 1.579456149000066 ], [ 34.574042778000035, 1.57945544200004 ], [ 34.573931602000073, 1.579492133000031 ], [ 34.573756790000061, 1.579549825000072 ], [ 34.572924416000035, 1.579594728000075 ], [ 34.572520104000034, 1.579617216000031 ], [ 34.572520021000059, 1.579617380000059 ], [ 34.572423603000061, 1.579807575000075 ], [ 34.572279728000069, 1.579973945000063 ], [ 34.572041659000035, 1.580020820000072 ], [ 34.57185346600005, 1.579925497000033 ], [ 34.571852181000054, 1.57992484600004 ], [ 34.571730053000067, 1.57994482600003 ], [ 34.571566562000044, 1.579971573000023 ], [ 34.571304722000036, 1.580018364000068 ], [ 34.571224151000024, 1.580058338000072 ], [ 34.571113824000065, 1.580113073000064 ], [ 34.571114160000036, 1.580115741000043 ], [ 34.57115873500004, 1.580470760000026 ], [ 34.571039331000065, 1.580541874000062 ], [ 34.570849327000076, 1.580517403000044 ], [ 34.570768614000031, 1.58062926100007 ], [ 34.570729232000076, 1.580683839000073 ], [ 34.570729218000054, 1.580685670000037 ], [ 34.570726768000043, 1.581017540000062 ], [ 34.570583428000077, 1.581112407000035 ], [ 34.569850533000078, 1.580561746000058 ], [ 34.569636584000079, 1.580561020000061 ], [ 34.569595096000057, 1.580577473000062 ], [ 34.569398154000055, 1.580655580000041 ], [ 34.569383314000049, 1.580653238000025 ], [ 34.569089466000037, 1.580606871000043 ], [ 34.568908745000044, 1.580446680000023 ], [ 34.568900523000025, 1.580439392000073 ], [ 34.568790408000041, 1.580439026000022 ], [ 34.568662804000041, 1.580438601000026 ], [ 34.568649586000049, 1.580617319000055 ], [ 34.56862387700005, 1.580879432000074 ], [ 34.568527902000028, 1.580998296000075 ], [ 34.568445513000029, 1.580983424000067 ], [ 34.568124300000079, 1.580925442000023 ], [ 34.567907878000028, 1.581258407000064 ], [ 34.56785909000007, 1.581448301000023 ], [ 34.567858925000053, 1.581448942000065 ], [ 34.567915283000048, 1.581587194000065 ], [ 34.567975681000064, 1.581735359000049 ], [ 34.567975482000065, 1.581735992000063 ], [ 34.567974543000048, 1.581738977000043 ], [ 34.567878284000074, 1.582044906000021 ], [ 34.56771152500005, 1.582092014000068 ], [ 34.567497751000076, 1.582067468000048 ], [ 34.567358137000042, 1.582094957000038 ], [ 34.567259671000045, 1.582114343000057 ], [ 34.56718588800004, 1.582447803000036 ], [ 34.567179433000035, 1.582457383000076 ], [ 34.566993595000042, 1.582733186000041 ], [ 34.566851190000079, 1.582732712000052 ], [ 34.566850956000053, 1.582732712000052 ], [ 34.566841552000028, 1.582733234000045 ], [ 34.566446643000063, 1.582755200000065 ], [ 34.566184618000079, 1.582825828000068 ], [ 34.566135674000066, 1.583016355000041 ], [ 34.566124039000044, 1.583124895000026 ], [ 34.566110133000052, 1.583254630000056 ], [ 34.566110404000028, 1.583254708000027 ], [ 34.566276191000043, 1.583302846000038 ], [ 34.566846195000039, 1.583376268000052 ], [ 34.566796708000027, 1.583638288000031 ], [ 34.566436778000025, 1.584089969000047 ], [ 34.566245704000039, 1.584208507000028 ], [ 34.56593648900008, 1.584231320000072 ], [ 34.565699119000044, 1.584182853000073 ], [ 34.565559739000037, 1.584321111000065 ], [ 34.565555419000077, 1.584325397000043 ], [ 34.565555379000045, 1.584325508000063 ], [ 34.565482531000043, 1.58453967600002 ], [ 34.565483259000075, 1.58454041400006 ], [ 34.565694884000038, 1.584754905000068 ], [ 34.565812508000079, 1.584922143000028 ], [ 34.565812466000068, 1.584922169000038 ], [ 34.565794328000038, 1.584933424000042 ], [ 34.565621460000045, 1.585040690000028 ], [ 34.565477410000028, 1.585230890000048 ], [ 34.565379496000048, 1.585611941000025 ], [ 34.565088930000059, 1.586326044000032 ], [ 34.56490274600003, 1.586510736000037 ], [ 34.564681810000025, 1.586729900000023 ], [ 34.564396531000057, 1.586728950000065 ], [ 34.564087202000053, 1.586746155000071 ], [ 34.563992216000031, 1.586751439000068 ], [ 34.563801159000036, 1.586869967000041 ], [ 34.563679826000055, 1.587203269000042 ], [ 34.563262302000055, 1.587404486000025 ], [ 34.562953262000065, 1.587403452000046 ], [ 34.562931257000059, 1.587441493000028 ], [ 34.56285693500007, 1.587569983000037 ], [ 34.562712006000027, 1.587879372000032 ], [ 34.562634004000074, 1.587978717000055 ], [ 34.562544010000067, 1.588093335000053 ], [ 34.562257678000037, 1.588235386000065 ], [ 34.562090917000035, 1.588282512000035 ], [ 34.561829776000025, 1.588233961000071 ], [ 34.561664603000054, 1.58806656500002 ], [ 34.561402752000049, 1.588113366000073 ], [ 34.561377957000047, 1.58820984700003 ], [ 34.561353790000055, 1.588303883000037 ], [ 34.561185618000025, 1.588541684000063 ], [ 34.561182414000029, 1.588543096000024 ], [ 34.56097096600007, 1.588636309000037 ], [ 34.560734500000024, 1.588516526000035 ], [ 34.560734131000061, 1.588516339000023 ], [ 34.560717618000069, 1.588503796000055 ], [ 34.560261309000055, 1.588157215000024 ], [ 34.560193904000073, 1.588149479000037 ], [ 34.560047533000045, 1.588132678000022 ], [ 34.559977872000047, 1.588174164000066 ], [ 34.559928282000044, 1.58820369700004 ], [ 34.559928138000032, 1.58820378300004 ], [ 34.559949866000068, 1.588464802000033 ], [ 34.559949970000048, 1.588466055000026 ], [ 34.559994871000072, 1.58882374500007 ], [ 34.559874749000073, 1.589037287000053 ], [ 34.559874423000053, 1.589037867000059 ], [ 34.559807785000032, 1.58905431900007 ], [ 34.559588635000068, 1.589108422000038 ], [ 34.559411794000027, 1.589129960000037 ], [ 34.55939826000008, 1.589131608000059 ], [ 34.559209492000036, 1.588940300000047 ], [ 34.559068250000053, 1.588918016000036 ], [ 34.558900811000058, 1.588891599000021 ], [ 34.558424776000038, 1.589269599000033 ], [ 34.558063830000037, 1.589556212000048 ], [ 34.558054928000047, 1.589558922000037 ], [ 34.557754078000073, 1.589650520000021 ], [ 34.557564432000049, 1.58957838200007 ], [ 34.557348808000029, 1.589334023000049 ], [ 34.557163631000037, 1.589124167000023 ], [ 34.556950206000067, 1.589051945000051 ], [ 34.556734316000075, 1.589313417000028 ], [ 34.556471403000046, 1.589503227000023 ], [ 34.556404151000038, 1.58972234700002 ], [ 34.556398320000028, 1.589741346000039 ], [ 34.556389497000055, 1.589771499000051 ], [ 34.55630076500006, 1.590074723000043 ], [ 34.556297595000046, 1.590075979000062 ], [ 34.556181544000026, 1.590121998000029 ], [ 34.556015142000035, 1.590121439000029 ], [ 34.555825137000056, 1.590096968000069 ], [ 34.555659778000063, 1.58995340000007 ], [ 34.555424530000039, 1.589618914000027 ], [ 34.55532024200005, 1.589603614000055 ], [ 34.555258295000044, 1.589594526000042 ], [ 34.555182706000039, 1.58964454900007 ], [ 34.555043281000053, 1.589736818000063 ], [ 34.554851864000057, 1.589903022000044 ], [ 34.554637728000046, 1.589926152000032 ], [ 34.554517990000079, 1.590044932000069 ], [ 34.554459269000063, 1.590137827000035 ], [ 34.554397707000078, 1.590235217000043 ], [ 34.554253313000061, 1.590473103000022 ], [ 34.554246059000036, 1.590473078000059 ], [ 34.554134443000066, 1.590472702000056 ], [ 34.553980504000037, 1.590405820000058 ], [ 34.553968576000045, 1.590400638000062 ], [ 34.553611448000026, 1.590470950000054 ], [ 34.553037729000039, 1.590898086000038 ], [ 34.553035823000073, 1.59091079600006 ], [ 34.553012730000034, 1.591064859000028 ], [ 34.552963408000039, 1.591303053000047 ], [ 34.552771989000064, 1.591469266000047 ], [ 34.552581632000056, 1.591492471000038 ], [ 34.552178911000055, 1.591300434000061 ], [ 34.551270956000053, 1.591917128000034 ], [ 34.551098571000068, 1.592002663000073 ], [ 34.551080063000029, 1.592011847000038 ], [ 34.550794966000069, 1.591987058000029 ], [ 34.55041566400007, 1.591842772000064 ], [ 34.550398777000055, 1.591835723000031 ], [ 34.550012757000047, 1.591674582000053 ], [ 34.54987484600008, 1.591594764000035 ], [ 34.549847057000079, 1.591578680000055 ], [ 34.549729139000078, 1.59171503500005 ], [ 34.54970318900007, 1.59174504300006 ], [ 34.54967801500004, 1.591979970000068 ], [ 34.54967765400005, 1.591983331000051 ], [ 34.549758431000043, 1.592203946000041 ], [ 34.549817461000032, 1.592365168000072 ], [ 34.550121575000048, 1.59303359200004 ], [ 34.550120592000042, 1.593035910000026 ], [ 34.55002550200004, 1.593260407000059 ], [ 34.550000590000025, 1.593319219000023 ], [ 34.549971710000079, 1.593387405000044 ], [ 34.549879614000076, 1.593604846000062 ], [ 34.549875114000031, 1.593610117000026 ], [ 34.549615814000049, 1.593913837000059 ], [ 34.549353775000043, 1.59398447500007 ], [ 34.549259921000044, 1.593817301000058 ], [ 34.549356609000029, 1.593603095000049 ], [ 34.549311007000028, 1.593340755000042 ], [ 34.549212627000031, 1.593212390000076 ], [ 34.549146174000043, 1.59312568200005 ], [ 34.549014044000046, 1.59297680700007 ], [ 34.548933994000038, 1.592886612000029 ], [ 34.548915757000032, 1.592870447000053 ], [ 34.548745049000047, 1.592719131000024 ], [ 34.548609972000065, 1.592627945000061 ], [ 34.548603110000045, 1.592623313000047 ], [ 34.548537253000063, 1.592725660000042 ], [ 34.548434759000031, 1.592884943000058 ], [ 34.548432295000055, 1.593218638000053 ], [ 34.548439595000048, 1.593333049000023 ], [ 34.548453591000055, 1.59355240800005 ], [ 34.548453457000051, 1.593553598000028 ], [ 34.548402689000056, 1.59400512600007 ], [ 34.548307083000054, 1.594039571000053 ], [ 34.548140484000044, 1.59409959200002 ], [ 34.547857685000054, 1.59376495600003 ], [ 34.547619954000027, 1.593764154000041 ], [ 34.547334338000041, 1.593810880000035 ], [ 34.547124754000038, 1.593848333000039 ], [ 34.546810621000077, 1.593904470000041 ], [ 34.546417963000067, 1.593817435000062 ], [ 34.546264731000065, 1.593783471000052 ], [ 34.546237424000026, 1.594260102000021 ], [ 34.546141998000053, 1.59440171500006 ], [ 34.546141271000067, 1.594402795000065 ], [ 34.545934230000057, 1.594608159000074 ], [ 34.545853874000045, 1.594687863000047 ], [ 34.545805378000068, 1.594922151000048 ], [ 34.54580457000003, 1.594926057000066 ], [ 34.545829980000065, 1.594928460000062 ], [ 34.546588544000031, 1.595000191000054 ], [ 34.546750746000043, 1.595164576000059 ], [ 34.546753718000048, 1.595167588000038 ], [ 34.546822876000078, 1.595380588000069 ], [ 34.546893175000037, 1.595597102000056 ], [ 34.546892989000071, 1.595599397000058 ], [ 34.54686693900004, 1.595930714000076 ], [ 34.546699816000057, 1.596025497000028 ], [ 34.546654771000078, 1.595990015000041 ], [ 34.546487110000044, 1.595857951000028 ], [ 34.546452489000046, 1.595875118000038 ], [ 34.546439374000045, 1.595881621000046 ], [ 34.546364702000062, 1.596334255000045 ], [ 34.546382657000038, 1.597120910000058 ], [ 34.546191764000071, 1.597215611000024 ], [ 34.546084321000023, 1.597215248000055 ], [ 34.546072902000049, 1.597215210000059 ], [ 34.545860001000051, 1.597071482000047 ], [ 34.545670345000076, 1.596999344000039 ], [ 34.545547606000071, 1.597523325000054 ], [ 34.545548060000044, 1.597524409000073 ], [ 34.545600033000028, 1.597648321000065 ], [ 34.545617689000039, 1.597690415000045 ], [ 34.545617911000079, 1.597690914000054 ], [ 34.545734612000047, 1.597953007000058 ], [ 34.545638459000031, 1.598095690000036 ], [ 34.545638327000063, 1.598095724000075 ], [ 34.545557654000049, 1.598116984000058 ], [ 34.545281163000027, 1.59818984900005 ], [ 34.544473206000077, 1.598131888000069 ], [ 34.544235683000068, 1.598114850000059 ], [ 34.54362840400006, 1.598023940000076 ], [ 34.543564180000033, 1.598014321000051 ], [ 34.543095813000036, 1.59794419800005 ], [ 34.542310959000076, 1.597989247000044 ], [ 34.541955952000023, 1.597773537000023 ], [ 34.54192093000006, 1.597765143000061 ], [ 34.541552525000043, 1.597676843000045 ], [ 34.541309833000071, 1.597797246000027 ], [ 34.541266180000036, 1.597818902000029 ], [ 34.541025990000037, 1.598151805000043 ], [ 34.540307469000027, 1.598110444000042 ], [ 34.540146736000054, 1.598101192000058 ], [ 34.539921511000045, 1.598017021000032 ], [ 34.53985055000004, 1.597969112000044 ], [ 34.539688279000075, 1.597991787000069 ], [ 34.53951737400007, 1.598015669000063 ], [ 34.539255167000078, 1.59811013500007 ], [ 34.539254761000052, 1.598110269000074 ], [ 34.538969181000027, 1.598204528000053 ], [ 34.538970215000063, 1.598065395000049 ], [ 34.538970244000041, 1.598061508000058 ], [ 34.538971617000072, 1.597875586000043 ], [ 34.538972884000032, 1.597703982000041 ], [ 34.538925616000029, 1.597715651000044 ], [ 34.53868708400006, 1.597774536000031 ], [ 34.538600679000069, 1.597916869000073 ], [ 34.538542677000066, 1.598012414000038 ], [ 34.538161073000026, 1.598177994000025 ], [ 34.537803432000032, 1.59831980000007 ], [ 34.537613942000064, 1.598223832000031 ], [ 34.537472906000062, 1.598008831000072 ], [ 34.537616952000064, 1.597818630000063 ], [ 34.537761710000041, 1.597533076000047 ], [ 34.53747766400005, 1.597365276000062 ], [ 34.537168082000051, 1.597435755000049 ], [ 34.536905164000075, 1.597625565000044 ], [ 34.536641895000059, 1.597863041000039 ], [ 34.536408062000078, 1.597955757000022 ], [ 34.536403459000041, 1.597957582000049 ], [ 34.536315270000046, 1.597842505000074 ], [ 34.536238644000036, 1.597742516000039 ], [ 34.536204934000068, 1.597715961000063 ], [ 34.536025927000026, 1.597574949000034 ], [ 34.535844820000079, 1.597672986000021 ], [ 34.535763360000033, 1.597717082000031 ], [ 34.535690456000054, 1.59793137500003 ], [ 34.535451838000029, 1.598049752000065 ], [ 34.534905058000049, 1.598047923000024 ], [ 34.534761896000077, 1.598104693000039 ], [ 34.534666622000032, 1.598142474000042 ], [ 34.53452388900007, 1.598227485000052 ], [ 34.53442784300006, 1.59828469100006 ], [ 34.53413215300003, 1.59832926200005 ], [ 34.534118427000067, 1.598331331000054 ], [ 34.534118384000067, 1.598331284000039 ], [ 34.533882642000037, 1.598068345000058 ], [ 34.533645268000043, 1.598019876000023 ], [ 34.533390693000058, 1.598194836000062 ], [ 34.533334632000049, 1.598233364000066 ], [ 34.533024689000058, 1.598351510000043 ], [ 34.532883654000045, 1.598136508000039 ], [ 34.532626030000074, 1.59761125600005 ], [ 34.532245302000035, 1.597657653000056 ], [ 34.532027106000044, 1.598228986000038 ], [ 34.531862238000031, 1.598275566000041 ], [ 34.531860341000026, 1.598276102000057 ], [ 34.531551295000043, 1.59827507500006 ], [ 34.531317776000037, 1.59823913200006 ], [ 34.531076361000032, 1.598201973000073 ], [ 34.530433961000028, 1.598271331000035 ], [ 34.530343292000055, 1.598285886000042 ], [ 34.529779401000042, 1.598376408000036 ], [ 34.529502551000064, 1.598462935000043 ], [ 34.529326668000067, 1.598517906000041 ], [ 34.529040494000071, 1.598636135000049 ], [ 34.528574113000047, 1.598690630000021 ], [ 34.528445634000036, 1.598705641000038 ], [ 34.528135173000067, 1.598895301000027 ], [ 34.527849379000031, 1.598965854000028 ], [ 34.527726502000064, 1.598875356000065 ], [ 34.527589287000069, 1.598774298000023 ], [ 34.527304879000042, 1.598654163000049 ], [ 34.526874292000059, 1.598796274000051 ], [ 34.526732911000067, 1.59884293500005 ], [ 34.526732368000069, 1.598843059000046 ], [ 34.52642333700004, 1.598913413000048 ], [ 34.526353617000041, 1.598698651000063 ], [ 34.526352889000066, 1.598697589000039 ], [ 34.526141951000056, 1.59838807400007 ], [ 34.525808245000064, 1.598506134000047 ], [ 34.525807306000047, 1.598510229000055 ], [ 34.525759105000077, 1.598720492000041 ], [ 34.525527074000024, 1.59876618200002 ], [ 34.525521018000063, 1.598767374000033 ], [ 34.525188024000045, 1.59879008200005 ], [ 34.525187613000071, 1.598790207000036 ], [ 34.524878255000033, 1.598884397000063 ], [ 34.524739235000027, 1.598790543000064 ], [ 34.52473632400006, 1.59878857700005 ], [ 34.52462201700007, 1.598770542000068 ], [ 34.52442762700008, 1.598739872000067 ], [ 34.524023145000058, 1.59878619400007 ], [ 34.523727300000076, 1.598806375000038 ], [ 34.52369013200007, 1.598808910000059 ], [ 34.523668194000038, 1.598790394000048 ], [ 34.52340662000006, 1.598569602000055 ], [ 34.523334772000055, 1.598640873000022 ], [ 34.523238265000032, 1.598831235000034 ], [ 34.522905085000048, 1.598877789000028 ], [ 34.522572627000045, 1.598829009000042 ], [ 34.522543951000046, 1.598833015000025 ], [ 34.522406028000034, 1.598852287000057 ], [ 34.522409100000061, 1.598855053000023 ], [ 34.522618569000031, 1.599043685000026 ], [ 34.52264075800008, 1.599258286000065 ], [ 34.522638878000066, 1.599258985000063 ], [ 34.52263251100004, 1.599261351000052 ], [ 34.522450037000056, 1.599329156000067 ], [ 34.522307580000074, 1.599304850000067 ], [ 34.522213190000059, 1.599209188000032 ], [ 34.522005536000052, 1.598998714000061 ], [ 34.521953642000028, 1.598946116000036 ], [ 34.521858541000029, 1.598945798000045 ], [ 34.521691064000038, 1.599088257000062 ], [ 34.521660300000065, 1.599178669000025 ], [ 34.52161815200003, 1.599302541000043 ], [ 34.521686829000032, 1.599660313000072 ], [ 34.521495396000034, 1.599826527000062 ], [ 34.521138639000071, 1.599849168000048 ], [ 34.521021900000051, 1.599707069000033 ], [ 34.521020820000047, 1.599705755000059 ], [ 34.521019739000053, 1.599702047000051 ], [ 34.520951265000065, 1.59946715600006 ], [ 34.520929808000062, 1.59925955600005 ], [ 34.520929224000042, 1.599253905000069 ], [ 34.520929085000034, 1.599252555000021 ], [ 34.521097977000068, 1.598919416000058 ], [ 34.521233777000077, 1.598717882000074 ], [ 34.521242210000025, 1.598705367000036 ], [ 34.521241627000052, 1.598704059000056 ], [ 34.521125288000064, 1.598442771000066 ], [ 34.521060834000025, 1.598344528000041 ], [ 34.520937221000054, 1.598156112000026 ], [ 34.520770095000046, 1.598250895000035 ], [ 34.520758576000048, 1.598260422000067 ], [ 34.52034059500005, 1.598606120000056 ], [ 34.520339529000069, 1.598607002000051 ], [ 34.520409612000037, 1.598774086000049 ], [ 34.520479031000036, 1.598939596000037 ], [ 34.520479695000063, 1.598941179000064 ], [ 34.520407143000057, 1.599107785000058 ], [ 34.520263260000036, 1.599274158000071 ], [ 34.520073075000028, 1.599273522000033 ], [ 34.520005369000046, 1.599112083000023 ], [ 34.520003002000067, 1.599106439000025 ], [ 34.519947719000072, 1.598858083000039 ], [ 34.519933973000036, 1.598796334000042 ], [ 34.519882641000038, 1.598697565000066 ], [ 34.519828489000076, 1.59859337100005 ], [ 34.519163904000038, 1.598448125000061 ], [ 34.518902046000051, 1.598494922000043 ], [ 34.518638606000025, 1.598756237000032 ], [ 34.518635538000069, 1.598761541000044 ], [ 34.518445933000066, 1.59908930000006 ], [ 34.518279519000032, 1.599088739000024 ], [ 34.518019436000031, 1.598897181000041 ], [ 34.51799943900005, 1.598668816000043 ], [ 34.517975593000074, 1.598396472000047 ], [ 34.517906750000066, 1.59806252900006 ], [ 34.517646307000064, 1.597918638000067 ], [ 34.517457277000062, 1.59784673200005 ], [ 34.517456657000025, 1.597846496000045 ], [ 34.517146730000036, 1.597964639000054 ], [ 34.516907393000054, 1.598178362000056 ], [ 34.516716690000067, 1.598249231000068 ], [ 34.516551339000046, 1.598105658000065 ], [ 34.516481248000048, 1.597938565000049 ], [ 34.51643477500005, 1.597814874000051 ], [ 34.516364678000059, 1.597628310000061 ], [ 34.516257627000073, 1.597670749000031 ], [ 34.516245453000067, 1.597675575000039 ], [ 34.516054389000033, 1.597794121000049 ], [ 34.515936053000075, 1.597722212000065 ], [ 34.515936062000037, 1.597720844000037 ], [ 34.515936071000056, 1.597719808000022 ], [ 34.515937292000046, 1.597555363000026 ], [ 34.515985604000036, 1.597390277000045 ], [ 34.515986073000079, 1.597388672000022 ], [ 34.51609747100008, 1.597333406000075 ], [ 34.516272416000049, 1.597246615000074 ], [ 34.516463359000056, 1.59712815000006 ], [ 34.516654553000023, 1.597009531000026 ], [ 34.516751940000063, 1.596699989000058 ], [ 34.516751439000075, 1.596699608000051 ], [ 34.516562818000068, 1.596556331000045 ], [ 34.516517219000036, 1.596293977000073 ], [ 34.516517664000048, 1.596292034000044 ], [ 34.516603441000029, 1.595917854000049 ], [ 34.516615251000076, 1.595866335000039 ], [ 34.516615502000036, 1.595865242000059 ], [ 34.516526393000049, 1.595892374000073 ], [ 34.516305741000053, 1.595959557000072 ], [ 34.515843457000074, 1.596238868000057 ], [ 34.515756478000071, 1.596291421000046 ], [ 34.515753271000051, 1.596291600000029 ], [ 34.515352151000059, 1.596313912000028 ], [ 34.51525980200006, 1.596220309000046 ], [ 34.515257770000062, 1.596218250000049 ], [ 34.515115654000056, 1.596146257000044 ], [ 34.515019027000051, 1.596132078000039 ], [ 34.514949425000054, 1.596121866000033 ], [ 34.514734229000055, 1.59628800400003 ], [ 34.514590003000023, 1.596502044000033 ], [ 34.514426360000073, 1.596454515000062 ], [ 34.514423950000037, 1.596453815000075 ], [ 34.514068931000054, 1.596238099000061 ], [ 34.513831741000047, 1.596165788000064 ], [ 34.513802377000047, 1.596170591000032 ], [ 34.513688913000067, 1.596189148000065 ], [ 34.513652711000077, 1.596248783000021 ], [ 34.513616711000054, 1.596308088000058 ], [ 34.513611667000077, 1.596313092000059 ], [ 34.513425110000071, 1.596498140000051 ], [ 34.513283262000073, 1.596402375000025 ], [ 34.513283209000065, 1.596402339000065 ], [ 34.513283179000041, 1.596402318000059 ], [ 34.513286334000043, 1.596394869000051 ], [ 34.513404161000039, 1.596116687000062 ], [ 34.513403874000062, 1.596113904000049 ], [ 34.513383515000044, 1.595916913000053 ], [ 34.513381982000055, 1.595902085000034 ], [ 34.513251112000034, 1.595877752000035 ], [ 34.513120826000034, 1.595853528000021 ], [ 34.512859337000066, 1.595852648000061 ], [ 34.51262052800007, 1.595994873000052 ], [ 34.512407948000032, 1.595851351000022 ], [ 34.512407635000045, 1.595851140000036 ], [ 34.511887452000053, 1.595468011000037 ], [ 34.511879754000063, 1.595474885000044 ], [ 34.511648124000033, 1.595681733000049 ], [ 34.511434352000038, 1.595657181000036 ], [ 34.511077742000055, 1.595655982000039 ], [ 34.510957463000068, 1.595846268000059 ], [ 34.510883670000055, 1.596179735000021 ], [ 34.51069310500003, 1.596250552000072 ], [ 34.51069295700006, 1.596250604000033 ], [ 34.510669913000072, 1.596229853000068 ], [ 34.510480407000045, 1.596059203000038 ], [ 34.510267866000049, 1.595867784000063 ], [ 34.510257985000067, 1.59586194600007 ], [ 34.50998383600006, 1.595699978000027 ], [ 34.509961243000078, 1.595582329000024 ], [ 34.509960936000027, 1.595580729000062 ], [ 34.509938581000029, 1.59538995600002 ], [ 34.509820244000025, 1.595318056000053 ], [ 34.509439512000029, 1.595364449000044 ], [ 34.509387652000044, 1.595357335000074 ], [ 34.509083273000044, 1.595315582000069 ], [ 34.50854299100007, 1.595329697000068 ], [ 34.508274802000074, 1.595336702000054 ], [ 34.507894431000068, 1.595335427000066 ], [ 34.507726775000037, 1.595501715000069 ], [ 34.50743990400008, 1.595715278000057 ], [ 34.507177693000074, 1.595809750000058 ], [ 34.507134806000067, 1.59580653300003 ], [ 34.50684504700007, 1.595784796000032 ], [ 34.506603356000028, 1.59563416900005 ], [ 34.506537405000074, 1.595593067000038 ], [ 34.506459991000042, 1.595520663000059 ], [ 34.506230474000063, 1.59530600100004 ], [ 34.506070472000033, 1.595284053000057 ], [ 34.505874235000078, 1.595257134000065 ], [ 34.505351227000062, 1.595255371000064 ], [ 34.504828025000052, 1.59527745500003 ], [ 34.504488815000059, 1.595316289000039 ], [ 34.504423530000054, 1.595323764000057 ], [ 34.504065160000039, 1.595560930000033 ], [ 34.503683556000055, 1.595726496000054 ], [ 34.503397907000078, 1.595773207000036 ], [ 34.503185081000026, 1.59567733800003 ], [ 34.503184662000024, 1.595677149000039 ], [ 34.503159789000051, 1.595639235000021 ], [ 34.50299659600006, 1.595390477000024 ], [ 34.502842016000045, 1.595259990000045 ], [ 34.502713094000057, 1.595151162000036 ], [ 34.502540256000032, 1.595161406000045 ], [ 34.502332546000048, 1.595173716000033 ], [ 34.501975759000061, 1.595196353000063 ], [ 34.501809695000077, 1.595148123000058 ], [ 34.501447928000061, 1.595108697000057 ], [ 34.50135836100003, 1.595098935000067 ], [ 34.501303902000075, 1.595103300000062 ], [ 34.501072906000047, 1.595121816000074 ], [ 34.500803614000063, 1.595201726000028 ], [ 34.50077198200006, 1.595211112000072 ], [ 34.500596375000043, 1.595263216000035 ], [ 34.500597950000042, 1.595366283000033 ], [ 34.500598758000024, 1.595418897000059 ], [ 34.500599108000074, 1.595441705000042 ], [ 34.500249340000039, 1.595384385000045 ], [ 34.500158644000066, 1.595369514000026 ], [ 34.500063682000075, 1.595536998000057 ], [ 34.500061025000036, 1.595591420000062 ], [ 34.50005924900006, 1.595627715000035 ], [ 34.500045386000068, 1.595910998000022 ], [ 34.500040277000039, 1.596015387000023 ], [ 34.499945314000058, 1.596182872000043 ], [ 34.499755234000077, 1.59627868900003 ], [ 34.499588692000032, 1.596039640000072 ], [ 34.499597399000038, 1.595980931000042 ], [ 34.499694392000038, 1.595326945000068 ], [ 34.499730595000074, 1.59508283100007 ], [ 34.499611724000033, 1.595035085000063 ], [ 34.499547917000029, 1.595003041000041 ], [ 34.499373947000038, 1.594915678000064 ], [ 34.499112555000067, 1.594987608000054 ], [ 34.498946256000067, 1.595083417000069 ], [ 34.498851380000076, 1.595370492000029 ], [ 34.498946351000029, 1.595465918000059 ], [ 34.499065447000078, 1.595585585000038 ], [ 34.49915199600008, 1.59586790700007 ], [ 34.499160747000076, 1.595896452000034 ], [ 34.499041997000063, 1.596016120000058 ], [ 34.498756835000052, 1.596088086000066 ], [ 34.498590517000025, 1.596183868000026 ], [ 34.498679302000028, 1.596406754000043 ], [ 34.498685765000062, 1.596422979000067 ], [ 34.498836467000046, 1.596409078000022 ], [ 34.498885689000076, 1.596404539000048 ], [ 34.499208645000067, 1.596374751000042 ], [ 34.499327531000063, 1.596506164000061 ], [ 34.499446509000052, 1.596637678000036 ], [ 34.49928024500008, 1.596781303000057 ], [ 34.49909021700006, 1.596948868000027 ], [ 34.499019069000042, 1.59716417900006 ], [ 34.498757685000044, 1.597260040000037 ], [ 34.498519959000078, 1.59721238100002 ], [ 34.498258497000052, 1.597188660000029 ], [ 34.497997182000063, 1.597380189000035 ], [ 34.497962609000069, 1.597484805000022 ], [ 34.497926026000073, 1.597595501000058 ], [ 34.498163795000039, 1.597714908000057 ], [ 34.498995653000065, 1.597666461000074 ], [ 34.499280939000073, 1.597737998000071 ], [ 34.499521103000063, 1.59796075600002 ], [ 34.499590134000073, 1.598024785000064 ], [ 34.499576664000074, 1.598216489000038 ], [ 34.49957402800004, 1.598254017000045 ], [ 34.49956660600003, 1.598359634000076 ], [ 34.499447916000065, 1.598574990000031 ], [ 34.49932915800008, 1.598670745000049 ], [ 34.499162823000063, 1.598742623000021 ], [ 34.499119209000071, 1.598793903000058 ], [ 34.499020337000047, 1.59891015300002 ], [ 34.498853949000079, 1.598910276000026 ], [ 34.498830058000067, 1.598718947000066 ], [ 34.498812748000034, 1.598528990000034 ], [ 34.498812034000025, 1.598521155000071 ], [ 34.498806086000059, 1.598455881000064 ], [ 34.498734592000062, 1.598192840000024 ], [ 34.498733536000032, 1.598192083000072 ], [ 34.498568135000028, 1.598073372000044 ], [ 34.498378003000028, 1.598097424000059 ], [ 34.498306812000067, 1.59826490100005 ], [ 34.498354501000051, 1.598480125000037 ], [ 34.498425996000037, 1.59874316600002 ], [ 34.498445016000062, 1.598989500000073 ], [ 34.498450002000027, 1.599054076000073 ], [ 34.498449901000072, 1.599055304000046 ], [ 34.49842643900007, 1.599341099000071 ], [ 34.498333542000069, 1.599551833000021 ], [ 34.498331521000068, 1.599556419000066 ], [ 34.49807596100004, 1.599767156000041 ], [ 34.498070233000078, 1.599771879000059 ], [ 34.497975201000031, 1.599843706000058 ], [ 34.497832507000055, 1.599724220000041 ], [ 34.497761046000051, 1.599509013000045 ], [ 34.497547177000058, 1.599580927000034 ], [ 34.497476047000077, 1.599820141000066 ], [ 34.497690117000047, 1.600011331000076 ], [ 34.497752816000059, 1.600105825000071 ], [ 34.498071870000047, 1.600586668000062 ], [ 34.498118400000067, 1.600656793000041 ], [ 34.49799881000007, 1.600691271000073 ], [ 34.497952056000031, 1.600704750000034 ], [ 34.497919423000042, 1.600741749000065 ], [ 34.497762072000057, 1.600920149000046 ], [ 34.49790497500004, 1.601326640000025 ], [ 34.497691177000036, 1.601470291000055 ], [ 34.49735845400005, 1.601518380000073 ], [ 34.497049441000058, 1.601494694000053 ], [ 34.496930751000036, 1.601710032000028 ], [ 34.496930344000077, 1.601710559000026 ], [ 34.496900612000047, 1.601749084000062 ], [ 34.496764528000028, 1.60192541400005 ], [ 34.496598142000039, 1.60190162400005 ], [ 34.49659807200004, 1.601805955000032 ], [ 34.496336521000046, 1.60168655700005 ], [ 34.496170281000047, 1.601878017000047 ], [ 34.495956334000027, 1.601830340000049 ], [ 34.495884883000031, 1.601639055000021 ], [ 34.495913420000079, 1.601562317000059 ], [ 34.495956056000068, 1.601447665000023 ], [ 34.496146110000041, 1.601327935000029 ], [ 34.496193462000065, 1.601064807000057 ], [ 34.496193061000042, 1.601064404000056 ], [ 34.496145885000033, 1.601017007000053 ], [ 34.496098257000028, 1.600873530000058 ], [ 34.495955595000055, 1.60082581000006 ], [ 34.495741701000043, 1.600849889000074 ], [ 34.495551638000052, 1.60096961000005 ], [ 34.49543273200004, 1.600874019000059 ], [ 34.495242616000041, 1.600922003000051 ], [ 34.495218932000057, 1.601041610000038 ], [ 34.49525514700008, 1.60115066000003 ], [ 34.49529040200008, 1.601256817000035 ], [ 34.495391336000068, 1.60144510300006 ], [ 34.495457016000046, 1.601567623000051 ], [ 34.495409690000031, 1.601878585000065 ], [ 34.495290923000027, 1.601974342000062 ], [ 34.495076958000027, 1.601902743000039 ], [ 34.494862845000057, 1.601639807000026 ], [ 34.494506326000078, 1.601640069000041 ], [ 34.494339989000025, 1.601711948000059 ], [ 34.494283438000025, 1.60159834600006 ], [ 34.494244775000027, 1.601520680000021 ], [ 34.494315950000043, 1.601329290000024 ], [ 34.494291970000063, 1.601042292000045 ], [ 34.49429133700005, 1.601042186000029 ], [ 34.494149335000031, 1.601018484000065 ], [ 34.493935623000027, 1.601281735000043 ], [ 34.49379304100006, 1.601329674000056 ], [ 34.493531569000027, 1.601305944000046 ], [ 34.493341575000045, 1.601521343000059 ], [ 34.493103796000071, 1.601378014000034 ], [ 34.493115541000066, 1.60133455600004 ], [ 34.49317491000005, 1.601114869000071 ], [ 34.49336485200007, 1.600827723000066 ], [ 34.493401913000071, 1.60073053800005 ], [ 34.493416480000064, 1.600692340000023 ], [ 34.493416896000042, 1.600691248000032 ], [ 34.493483455000046, 1.600516707000054 ], [ 34.493483388000072, 1.600425141000073 ], [ 34.493483316000038, 1.600325370000064 ], [ 34.493434691000061, 1.600300946000061 ], [ 34.493245555000044, 1.600205953000057 ], [ 34.492960459000074, 1.600397500000042 ], [ 34.492746547000024, 1.60039765700003 ], [ 34.492670348000047, 1.600321092000058 ], [ 34.492627614000071, 1.600278154000023 ], [ 34.492627196000058, 1.600278107000065 ], [ 34.492413694000049, 1.60025439900005 ], [ 34.492342649000079, 1.60061321400002 ], [ 34.492200067000056, 1.600661152000043 ], [ 34.491918478000059, 1.600684977000071 ], [ 34.491914859000076, 1.600685283000075 ], [ 34.491906985000071, 1.600689516000045 ], [ 34.491558468000051, 1.600876873000061 ], [ 34.491510813000048, 1.60070950100004 ], [ 34.491509162000057, 1.600704115000042 ], [ 34.491415513000049, 1.600398642000073 ], [ 34.491581694000047, 1.600111505000029 ], [ 34.491529161000074, 1.600076318000049 ], [ 34.491439007000054, 1.60001593100003 ], [ 34.491177621000077, 1.600111801000025 ], [ 34.49079733800005, 1.600136002000056 ], [ 34.490654643000028, 1.600016506000031 ], [ 34.490481076000037, 1.599856641000031 ], [ 34.490404494000074, 1.599786104000032 ], [ 34.490369246000057, 1.599753639000028 ], [ 34.49037493600008, 1.59973806000005 ], [ 34.490452258000062, 1.599526363000052 ], [ 34.490471581000065, 1.599291070000049 ], [ 34.490475830000037, 1.599239329000056 ], [ 34.490309373000059, 1.599143782000056 ], [ 34.490048021000064, 1.599287477000075 ], [ 34.48983445500005, 1.599765987000069 ], [ 34.489596814000038, 1.599837917000059 ], [ 34.489477925000074, 1.599766248000037 ], [ 34.489445738000029, 1.599680070000034 ], [ 34.489406482000049, 1.59957496200002 ], [ 34.489572585000076, 1.599192155000026 ], [ 34.489590468000074, 1.598919131000059 ], [ 34.489590473000078, 1.598919092000074 ], [ 34.489596088000042, 1.598833375000027 ], [ 34.489524725000024, 1.598737758000027 ], [ 34.489287135000041, 1.598881445000075 ], [ 34.489073371000075, 1.599072939000052 ], [ 34.488859422000075, 1.599049164000064 ], [ 34.488740515000075, 1.598953591000054 ], [ 34.488784335000048, 1.598798822000049 ], [ 34.488787928000079, 1.598786131000054 ], [ 34.488930398000036, 1.598594689000038 ], [ 34.489096639000024, 1.598403230000031 ], [ 34.489096548000077, 1.598276325000029 ], [ 34.489096501000063, 1.598211891000062 ], [ 34.489087847000064, 1.598040171000036 ], [ 34.489072394000061, 1.597733554000058 ], [ 34.489167305000024, 1.597518225000044 ], [ 34.48923841900006, 1.597255079000035 ], [ 34.489236943000037, 1.597253224000042 ], [ 34.489143267000031, 1.597135558000048 ], [ 34.488976861000026, 1.597111766000069 ], [ 34.488762975000043, 1.597135835000074 ], [ 34.488667840000062, 1.597064148000072 ], [ 34.48867795600006, 1.596971971000073 ], [ 34.488691464000055, 1.596848889000057 ], [ 34.488857611000071, 1.596537829000056 ], [ 34.48877232500007, 1.596516442000052 ], [ 34.488572342000055, 1.59646629100007 ], [ 34.488263483000026, 1.596657855000046 ], [ 34.487954582000043, 1.596777671000041 ], [ 34.487835650000079, 1.596658176000062 ], [ 34.487865305000071, 1.596586409000054 ], [ 34.487954289000072, 1.596371073000057 ], [ 34.488239402000033, 1.596227361000047 ], [ 34.488429415000041, 1.596035885000049 ], [ 34.488420064000024, 1.595933217000038 ], [ 34.488405454000031, 1.59577280700006 ], [ 34.487882493000029, 1.595701432000055 ], [ 34.487644724000063, 1.595582024000066 ], [ 34.487555690000079, 1.595146867000039 ], [ 34.487453928000036, 1.59464950000006 ], [ 34.487453903000073, 1.594649375000074 ], [ 34.487311243000079, 1.594577732000062 ], [ 34.487073577000046, 1.594601818000058 ], [ 34.486788515000057, 1.594817277000061 ], [ 34.486740871000052, 1.594673817000057 ], [ 34.486785515000065, 1.594628828000054 ], [ 34.487049643000034, 1.594362662000037 ], [ 34.487382152000066, 1.594027560000029 ], [ 34.487619689000041, 1.593812136000054 ], [ 34.487881168000058, 1.593859780000059 ], [ 34.488237783000045, 1.593979111000067 ], [ 34.488594235000051, 1.59388318200007 ], [ 34.488641605000055, 1.593643966000059 ], [ 34.488595629000031, 1.593551598000033 ], [ 34.488498800000059, 1.593357063000042 ], [ 34.488260909000076, 1.593094142000041 ], [ 34.488268342000026, 1.592973067000059 ], [ 34.488284405000059, 1.592711449000035 ], [ 34.488521898000045, 1.592448181000066 ], [ 34.488830689000054, 1.592160940000042 ], [ 34.488876413000071, 1.591999478000048 ], [ 34.488877426000045, 1.591995901000075 ], [ 34.48887811000003, 1.591993488000071 ], [ 34.488851674000045, 1.591931548000048 ], [ 34.488806677000071, 1.59182611600005 ], [ 34.488473867000039, 1.591754610000066 ], [ 34.487903804000041, 1.592281205000063 ], [ 34.487713724000059, 1.592377021000061 ], [ 34.487547388000053, 1.592424977000064 ], [ 34.487333475000071, 1.59244904600007 ], [ 34.487215021000054, 1.592496826000058 ], [ 34.48721467300004, 1.592496966000056 ], [ 34.487238607000052, 1.592712210000059 ], [ 34.487271691000046, 1.592785313000036 ], [ 34.487357633000045, 1.59297521700006 ], [ 34.487262669000074, 1.593142712000031 ], [ 34.487024969000061, 1.593118963000052 ], [ 34.486834742000042, 1.592999519000045 ], [ 34.486668423000026, 1.593071388000055 ], [ 34.486478377000026, 1.593215030000067 ], [ 34.486359624000045, 1.59335862000006 ], [ 34.486276850000024, 1.593325377000042 ], [ 34.486240753000061, 1.593310881000036 ], [ 34.486193073000038, 1.59311956800002 ], [ 34.486252291000028, 1.592820562000043 ], [ 34.486418335000053, 1.592366008000056 ], [ 34.486703474000024, 1.592246210000042 ], [ 34.486673563000068, 1.59208134000005 ], [ 34.486560300000065, 1.591457029000026 ], [ 34.486441480000053, 1.591481037000051 ], [ 34.486275247000037, 1.591696418000026 ], [ 34.486085285000058, 1.591959651000025 ], [ 34.485823830000072, 1.591959841000062 ], [ 34.485843277000072, 1.591722968000056 ], [ 34.485847396000054, 1.591672798000047 ], [ 34.486108549000051, 1.591266018000056 ], [ 34.486488472000076, 1.590739563000056 ], [ 34.486583256000074, 1.590332886000056 ], [ 34.486567067000067, 1.590161539000064 ], [ 34.486516166000058, 1.589622782000049 ], [ 34.48646350100006, 1.589065343000073 ], [ 34.486296899000024, 1.588754534000032 ], [ 34.486558259000049, 1.588610841000047 ], [ 34.486938420000058, 1.588443139000049 ], [ 34.486945184000035, 1.588363067000046 ], [ 34.486951945000044, 1.588282991000028 ], [ 34.487009134000061, 1.587605979000045 ], [ 34.486987443000032, 1.587578738000047 ], [ 34.486913964000053, 1.587486457000068 ], [ 34.486700062000068, 1.587486612000021 ], [ 34.486533794000024, 1.587654157000031 ], [ 34.486367493000046, 1.587749948000067 ], [ 34.486201003000076, 1.587606564000055 ], [ 34.486201910000034, 1.587605078000024 ], [ 34.486390075000031, 1.587296879000064 ], [ 34.486390920000076, 1.587295497000071 ], [ 34.486461874000042, 1.58679317900004 ], [ 34.486485279000078, 1.586459977000061 ], [ 34.486485397000024, 1.586458310000069 ], [ 34.486485291000065, 1.58645819100002 ], [ 34.486271314000078, 1.586219292000067 ], [ 34.486033666000026, 1.586267299000042 ], [ 34.48579611200006, 1.586434896000071 ], [ 34.485677403000068, 1.58662632100004 ], [ 34.485558763000029, 1.586913414000037 ], [ 34.485474909000061, 1.586987358000044 ], [ 34.485420501000078, 1.587035335000053 ], [ 34.48536873300003, 1.587080986000046 ], [ 34.485311292000063, 1.587032890000046 ], [ 34.485226031000025, 1.58696149900004 ], [ 34.485158316000025, 1.58675755500002 ], [ 34.485130760000061, 1.586674560000063 ], [ 34.484964262000062, 1.586507255000072 ], [ 34.484914700000047, 1.586407687000076 ], [ 34.484869049000054, 1.586315976000037 ], [ 34.484536096000056, 1.58602920800007 ], [ 34.484528498000032, 1.586028450000072 ], [ 34.484298378000062, 1.586005468000053 ], [ 34.484037415000046, 1.586292361000062 ], [ 34.484037139000066, 1.586292664000041 ], [ 34.484037372000046, 1.586293180000041 ], [ 34.484156173000031, 1.586555674000067 ], [ 34.484085193000055, 1.587010159000044 ], [ 34.483895792000055, 1.586962658000061 ], [ 34.483895009000037, 1.586962462000031 ], [ 34.48356205500005, 1.586699616000033 ], [ 34.483561833000067, 1.586388687000067 ], [ 34.483553389000065, 1.586270891000026 ], [ 34.483537831000035, 1.586053843000059 ], [ 34.483276276000026, 1.585910538000064 ], [ 34.483181116000026, 1.585791006000022 ], [ 34.482966990000079, 1.585504162000063 ], [ 34.482824306000055, 1.585384674000068 ], [ 34.482515208000052, 1.585241393000047 ], [ 34.482398158000024, 1.58515318700006 ], [ 34.48232495600007, 1.585098026000026 ], [ 34.482144474000052, 1.585176021000052 ], [ 34.481992310000066, 1.585241779000057 ], [ 34.482046002000061, 1.585421410000038 ], [ 34.482063785000037, 1.585480901000039 ], [ 34.482192751000071, 1.585610491000068 ], [ 34.482301628000073, 1.585719894000022 ], [ 34.482182886000032, 1.585839580000027 ], [ 34.482087955000054, 1.58605490900004 ], [ 34.482049372000063, 1.586223709000024 ], [ 34.482027011000071, 1.586321536000071 ], [ 34.482016873000077, 1.586365890000025 ], [ 34.481850528000052, 1.586413845000038 ], [ 34.481779774000074, 1.586351634000039 ], [ 34.48166025900008, 1.58624654700003 ], [ 34.481655072000024, 1.586242328000026 ], [ 34.481410550000078, 1.586043442000062 ], [ 34.481077699000025, 1.58590016900007 ], [ 34.480958963000035, 1.586067681000031 ], [ 34.480721366000068, 1.586187443000028 ], [ 34.480483750000076, 1.586283275000028 ], [ 34.480341296000063, 1.586498647000042 ], [ 34.480080063000059, 1.586809757000026 ], [ 34.479937353000025, 1.586666365000042 ], [ 34.479947563000053, 1.586531508000064 ], [ 34.479960894000044, 1.58635541700005 ], [ 34.479876276000027, 1.586343313000043 ], [ 34.479794507000065, 1.586331615000063 ], [ 34.479699354000047, 1.586236015000054 ], [ 34.47943788300006, 1.58621228100003 ], [ 34.479247691000069, 1.586140671000067 ], [ 34.479176506000044, 1.586308149000047 ], [ 34.479176708000068, 1.586591717000033 ], [ 34.479176813000038, 1.586738661000027 ], [ 34.479226651000033, 1.586810197000034 ], [ 34.479343362000066, 1.586977723000075 ], [ 34.479177102000051, 1.587145270000065 ], [ 34.479010825000046, 1.587288894000039 ], [ 34.478963487000044, 1.587575936000064 ], [ 34.478963640000075, 1.587791197000058 ], [ 34.478844949000063, 1.587982622000027 ], [ 34.478654798000036, 1.587982759000056 ], [ 34.478604079000036, 1.587921600000072 ], [ 34.478535859000033, 1.587839340000073 ], [ 34.478369352000072, 1.587672044000044 ], [ 34.478202777000035, 1.587385146000031 ], [ 34.47817884400007, 1.587169902000028 ], [ 34.478107444000045, 1.586978723000072 ], [ 34.47810740400007, 1.586978614000031 ], [ 34.477940956000054, 1.586883065000052 ], [ 34.477703290000079, 1.586907158000031 ], [ 34.477465665000068, 1.587002989000041 ], [ 34.477228101000037, 1.587170596000021 ], [ 34.476895393000063, 1.587242583000034 ], [ 34.476728997000066, 1.587218791000055 ], [ 34.476728944000058, 1.587144991000059 ], [ 34.476728844000036, 1.587003520000053 ], [ 34.47682357900004, 1.58652511300005 ], [ 34.476793878000024, 1.586508061000075 ], [ 34.476657131000024, 1.586429554000063 ], [ 34.476419533000069, 1.586549317000049 ], [ 34.476419449000048, 1.586550601000056 ], [ 34.476418973000079, 1.586557867000067 ], [ 34.47639601700007, 1.586908099000027 ], [ 34.476301155000044, 1.587195186000031 ], [ 34.47596838700008, 1.587195425000061 ], [ 34.475706942000045, 1.587195613000063 ], [ 34.475516876000029, 1.58731533200006 ], [ 34.47530305600003, 1.587459 ], [ 34.475171814000078, 1.587415079000039 ], [ 34.475160423000034, 1.58741126700005 ], [ 34.475136473000077, 1.587172101000021 ], [ 34.475207640000065, 1.586980711000024 ], [ 34.47549271400004, 1.586765244000048 ], [ 34.475754050000035, 1.586597631000075 ], [ 34.475792274000071, 1.586430407000023 ], [ 34.475825133000058, 1.586286657000073 ], [ 34.475729931000046, 1.586095378000039 ], [ 34.475373494000053, 1.586239148000061 ], [ 34.474936232000061, 1.586296855000057 ], [ 34.47482687400003, 1.586311288000047 ], [ 34.474807762000069, 1.586364291000052 ], [ 34.474764854000057, 1.586483294000061 ], [ 34.474731985000062, 1.586574452000036 ], [ 34.474722624000037, 1.586605143000043 ], [ 34.474637130000076, 1.586885452000047 ], [ 34.47444710700006, 1.587053014000048 ], [ 34.474233254000069, 1.587148838000076 ], [ 34.474090587000035, 1.587053271000059 ], [ 34.474080816000026, 1.586999429000059 ], [ 34.474042849000057, 1.586790208000025 ], [ 34.474042752000059, 1.586790111000028 ], [ 34.473781216000077, 1.586527300000057 ], [ 34.473258706000024, 1.587077790000023 ], [ 34.473258875000056, 1.587316964000024 ], [ 34.473321181000074, 1.587421309000035 ], [ 34.473330255000064, 1.587436505000028 ], [ 34.473544092000054, 1.587316760000022 ], [ 34.47377558900007, 1.587388254000075 ], [ 34.473853148000046, 1.587412207000057 ], [ 34.473782228000061, 1.587583823000045 ], [ 34.47378001900006, 1.587589168000022 ], [ 34.473734505000039, 1.587699302000033 ], [ 34.473544584000024, 1.588010369000074 ], [ 34.473283197000057, 1.588106236000044 ], [ 34.473247314000048, 1.588075588000038 ], [ 34.472807541000066, 1.587699977000057 ], [ 34.472736058000066, 1.587460845000066 ], [ 34.472717512000031, 1.587257118000025 ], [ 34.472715255000026, 1.587232318000076 ], [ 34.472712109000042, 1.587197765000042 ], [ 34.47267405000008, 1.587159524000072 ], [ 34.472616975000051, 1.587102173000062 ], [ 34.472355493000066, 1.587078439000038 ], [ 34.472213122000028, 1.587413395000056 ], [ 34.472118259000069, 1.587700472000051 ], [ 34.471951955000065, 1.587820183000076 ], [ 34.471809372000052, 1.587868120000053 ], [ 34.471674043000064, 1.587800151000067 ], [ 34.47157160200004, 1.587748699000031 ], [ 34.471417020000047, 1.587617262000037 ], [ 34.471511486000054, 1.586756157000025 ], [ 34.471630129000062, 1.586469062000049 ], [ 34.47169118000005, 1.586376764000022 ], [ 34.471709626000063, 1.58634888000006 ], [ 34.471772585000053, 1.586253698000064 ], [ 34.471698046000029, 1.586238753000032 ], [ 34.471534857000051, 1.586206033000053 ], [ 34.471368479000034, 1.586206153000035 ], [ 34.471178395000038, 1.586301959000025 ], [ 34.470917050000025, 1.586445642000058 ], [ 34.470703078000042, 1.586374048000039 ], [ 34.470669478000048, 1.586281276000022 ], [ 34.47060781600004, 1.586111019000043 ], [ 34.470678977000034, 1.585895716000039 ], [ 34.470821366000052, 1.585584673000028 ], [ 34.471106684000063, 1.585727982000037 ], [ 34.471463164000056, 1.585655979000023 ], [ 34.471473834000051, 1.585621 ], [ 34.47154179000006, 1.585398190000035 ], [ 34.471558019000042, 1.58534497900007 ], [ 34.471552989000031, 1.585299750000047 ], [ 34.471534096000028, 1.585129735000066 ], [ 34.471440146000077, 1.585108795000053 ], [ 34.470892247000052, 1.584986681000032 ], [ 34.470702148000044, 1.585058583000034 ], [ 34.470559734000062, 1.585321782000051 ], [ 34.470393345000048, 1.585321901000043 ], [ 34.470372467000061, 1.585227685000064 ], [ 34.470345651000059, 1.585106673000041 ], [ 34.470345465000037, 1.584843576000026 ], [ 34.470036088000029, 1.584293692000074 ], [ 34.470028232000061, 1.584294488000069 ], [ 34.469798430000026, 1.584317774000056 ], [ 34.469347111000047, 1.584724708000067 ], [ 34.469180739000024, 1.584748740000066 ], [ 34.469151550000049, 1.584682781000026 ], [ 34.469085512000049, 1.584533546000046 ], [ 34.469156572000031, 1.58417472900004 ], [ 34.469146503000047, 1.584064173000058 ], [ 34.469132615000035, 1.583911658000034 ], [ 34.46898991300003, 1.583792159000041 ], [ 34.468752432000031, 1.584079348000046 ], [ 34.468562644000031, 1.584581755000045 ], [ 34.468515270000069, 1.584820972000045 ], [ 34.468317900000045, 1.58483766300003 ], [ 34.468230070000061, 1.584845089000055 ], [ 34.468063505000032, 1.584582111000032 ], [ 34.467960840000046, 1.584590796000043 ], [ 34.467778295000073, 1.58460623700006 ], [ 34.467588245000059, 1.584749887000044 ], [ 34.467398238000044, 1.584941363000041 ], [ 34.46716047700005, 1.584845853000047 ], [ 34.467095019000055, 1.584780081000076 ], [ 34.466955148000068, 1.584639538000033 ], [ 34.466922624000063, 1.584606858000029 ], [ 34.466661186000067, 1.584630957000059 ], [ 34.466566238000041, 1.58479845200003 ], [ 34.466304808000075, 1.584822561000067 ], [ 34.466190117000053, 1.584707323000032 ], [ 34.466185868000025, 1.584703054000045 ], [ 34.466328224000051, 1.58434418500002 ], [ 34.466541995000057, 1.584128770000063 ], [ 34.466511826000044, 1.584085466000033 ], [ 34.466375446000029, 1.583889714000065 ], [ 34.46621349000003, 1.583773475000044 ], [ 34.466208982000069, 1.583770240000035 ], [ 34.466205664000029, 1.583775813000045 ], [ 34.465995312000075, 1.584129160000032 ], [ 34.465951528000062, 1.584192898000026 ], [ 34.465825619000043, 1.584376190000057 ], [ 34.465781618000051, 1.584440245000053 ], [ 34.465771631000052, 1.584444273000031 ], [ 34.465547928000035, 1.584534503000043 ], [ 34.465544010000031, 1.584536084000035 ], [ 34.465538250000066, 1.584534930000075 ], [ 34.465217730000063, 1.584470668000051 ], [ 34.465187419000074, 1.584464591000028 ], [ 34.465046485000073, 1.584346574000051 ], [ 34.465044726000031, 1.584345101000054 ], [ 34.464973465000071, 1.584082868000053 ], [ 34.464973246000056, 1.584082063000039 ], [ 34.465009409000061, 1.584029995000037 ], [ 34.465139448000059, 1.583842760000039 ], [ 34.465225532000034, 1.583669215000043 ], [ 34.465255614000057, 1.583608569000035 ], [ 34.465281865000065, 1.583555648000072 ], [ 34.465234111000029, 1.583268663000069 ], [ 34.465233825000041, 1.582862051000063 ], [ 34.465304826000079, 1.582431495000037 ], [ 34.465206977000037, 1.58239218600005 ], [ 34.465067075000036, 1.582335985000043 ], [ 34.464781901000038, 1.58238403200005 ], [ 34.464520781000033, 1.582862568000053 ], [ 34.464354409000066, 1.58288661000006 ], [ 34.464354249000053, 1.582886556000062 ], [ 34.464211766000062, 1.582838876000039 ], [ 34.464116533000038, 1.582719369000074 ], [ 34.46404513400006, 1.582480227000076 ], [ 34.464045, 1.582288886000072 ], [ 34.464163686000063, 1.582073530000059 ], [ 34.46444886300003, 1.582001579000064 ], [ 34.464948002000028, 1.582001224000066 ], [ 34.46518566900005, 1.581977123000058 ], [ 34.465266020000058, 1.581932134000056 ], [ 34.465399498000068, 1.581857398000068 ], [ 34.465467953000029, 1.581598347000067 ], [ 34.46549432200004, 1.581498563000025 ], [ 34.465422836000073, 1.58147703700007 ], [ 34.465256587000056, 1.581426975000056 ], [ 34.464971386000059, 1.581451100000038 ], [ 34.464686227000072, 1.581546973000059 ], [ 34.464424856000051, 1.581666751000057 ], [ 34.464218441000071, 1.58171483600006 ], [ 34.464167963000079, 1.581726595000021 ], [ 34.464115918000061, 1.581738719000043 ], [ 34.463925750000044, 1.58171494100003 ], [ 34.46389599400004, 1.581637255000032 ], [ 34.463894340000024, 1.581632938000041 ], [ 34.463806684000076, 1.58140409300006 ], [ 34.463804954000068, 1.58137653600005 ], [ 34.463782654000056, 1.581021430000021 ], [ 34.464103407000039, 1.580841809000049 ], [ 34.464626073000034, 1.580506591000074 ], [ 34.46456192800008, 1.580451805000052 ], [ 34.464110142000038, 1.580065929000057 ], [ 34.463674783000044, 1.579694085000028 ], [ 34.463674757000035, 1.579694062000044 ], [ 34.463508361000038, 1.57967026700004 ], [ 34.463294448000056, 1.579670419000024 ], [ 34.463056914000049, 1.579885851000029 ], [ 34.462843035000049, 1.579933837000056 ], [ 34.462724004000052, 1.579670824000061 ], [ 34.462818870000035, 1.579383746000076 ], [ 34.46312776700006, 1.57924001300006 ], [ 34.463722106000034, 1.579430940000066 ], [ 34.463863294000078, 1.579392084000062 ], [ 34.463983520000056, 1.579358997000043 ], [ 34.464006777000066, 1.578956173000051 ], [ 34.464006925000035, 1.578953623000075 ], [ 34.46400699700007, 1.578952378000054 ], [ 34.464006762000054, 1.578617524000038 ], [ 34.46389885800005, 1.578653803000066 ], [ 34.463507740000068, 1.578785305000054 ], [ 34.463186218000033, 1.578976797000053 ], [ 34.463173563000055, 1.578984333000051 ], [ 34.462985048000064, 1.579096609000032 ], [ 34.462852137000027, 1.579048081000053 ], [ 34.462723526000048, 1.579001124000058 ], [ 34.462580502000037, 1.578809509000052 ], [ 34.462438041000041, 1.578618646000052 ], [ 34.462224235000065, 1.578786225000044 ], [ 34.461962840000069, 1.578858149000041 ], [ 34.461820198000055, 1.578810424000039 ], [ 34.461771036000073, 1.578744563000043 ], [ 34.461613803000034, 1.578533920000041 ], [ 34.461606074000031, 1.578523565000069 ], [ 34.461606068000037, 1.578523474000065 ], [ 34.461584909000067, 1.578228327000033 ], [ 34.461582069000031, 1.578188736000072 ], [ 34.46139185100003, 1.57809319100005 ], [ 34.461244281000063, 1.578031443000043 ], [ 34.461106550000068, 1.57797381000006 ], [ 34.460750046000044, 1.577997976000063 ], [ 34.460735753000051, 1.578012379000029 ], [ 34.460583774000042, 1.578165521000074 ], [ 34.460583908000046, 1.57835687100004 ], [ 34.460817224000039, 1.578407005000031 ], [ 34.460916718000078, 1.578428384000063 ], [ 34.461241751000045, 1.578544937000061 ], [ 34.461249570000064, 1.578547740000033 ], [ 34.461273465000033, 1.578739063000057 ], [ 34.461130924000031, 1.57883483400002 ], [ 34.460917002000031, 1.578834986000061 ], [ 34.460560463000036, 1.57881132600005 ], [ 34.460132661000046, 1.578859455000043 ], [ 34.459918664000043, 1.578740023000023 ], [ 34.459989692000079, 1.578357291000032 ], [ 34.459997040000076, 1.57823008500003 ], [ 34.460013179000043, 1.577950672000043 ], [ 34.460145758000067, 1.577705666000043 ], [ 34.460155604000079, 1.577687473000026 ], [ 34.46020423300007, 1.577688967000029 ], [ 34.460916216000044, 1.577710847000048 ], [ 34.460963682000056, 1.57761514300006 ], [ 34.46098767400008, 1.577506149000044 ], [ 34.46098829400006, 1.577503332000049 ], [ 34.461011074000055, 1.577399847000038 ], [ 34.46101092300006, 1.577184585000055 ], [ 34.461153465000052, 1.577088813000046 ], [ 34.461272177000069, 1.576897389000067 ], [ 34.461258546000067, 1.576829060000023 ], [ 34.461225145000071, 1.576661639000065 ], [ 34.461224469000058, 1.576658247000069 ], [ 34.461220166000032, 1.576656627000034 ], [ 34.461034268000049, 1.576586624000072 ], [ 34.460701491000066, 1.57656294700007 ], [ 34.460297386000036, 1.576491475000068 ], [ 34.460223972000051, 1.576382767000041 ], [ 34.459845322000035, 1.575822084000038 ], [ 34.459916510000028, 1.575654624000038 ], [ 34.460058976000028, 1.575463174000049 ], [ 34.460082597000053, 1.575247903000047 ], [ 34.460034971000027, 1.575128345000053 ], [ 34.460031515000026, 1.575128927000037 ], [ 34.459749787000078, 1.575176382000052 ], [ 34.459464670000045, 1.575320089000058 ], [ 34.45942210000004, 1.575248818000034 ], [ 34.459393273000046, 1.575200556000027 ], [ 34.459557726000071, 1.574924314000043 ], [ 34.459559265000053, 1.574921729000039 ], [ 34.459606945000075, 1.574841636000031 ], [ 34.459612041000071, 1.574789977000023 ], [ 34.459630540000035, 1.574602434000042 ], [ 34.459369069000047, 1.574578706000068 ], [ 34.458965198000044, 1.574842089000072 ], [ 34.458727604000046, 1.57498576200004 ], [ 34.458418599000026, 1.574962068000048 ], [ 34.458418532000053, 1.57486644100004 ], [ 34.458418024000025, 1.574148860000037 ], [ 34.458418003000077, 1.574148839000031 ], [ 34.458404682000037, 1.574135452000064 ], [ 34.458370457000058, 1.574101059000043 ], [ 34.458321405000049, 1.57405176900005 ], [ 34.458275315000037, 1.574005456000066 ], [ 34.458180206000065, 1.573957678000056 ], [ 34.458013919000052, 1.574077388000035 ], [ 34.457906149000053, 1.574065418000032 ], [ 34.457799981000051, 1.574053625000033 ], [ 34.457728576000079, 1.573910170000033 ], [ 34.457799714000032, 1.573670935000052 ], [ 34.45794223200005, 1.573527329000058 ], [ 34.457993656000042, 1.573431061000065 ], [ 34.458108303000074, 1.573216434000074 ], [ 34.458108386000049, 1.573216279000064 ], [ 34.458102532000055, 1.573202560000027 ], [ 34.458036965000076, 1.57304890100005 ], [ 34.457799282000053, 1.573049068000046 ], [ 34.457609147000028, 1.573073124000075 ], [ 34.457490427000039, 1.573240636000037 ], [ 34.457443126000044, 1.573575516000062 ], [ 34.457467088000044, 1.573862520000034 ], [ 34.457253367000078, 1.574125759000026 ], [ 34.457176796000056, 1.574096929000063 ], [ 34.457063166000069, 1.574054145000048 ], [ 34.457015415000058, 1.573767167000028 ], [ 34.45692252300006, 1.573440858000026 ], [ 34.45692010700003, 1.573432369000045 ], [ 34.456932580000057, 1.573394630000053 ], [ 34.45703870400007, 1.57307352600003 ], [ 34.457025242000043, 1.57301949400005 ], [ 34.456991038000069, 1.572882219000064 ], [ 34.456872167000029, 1.572834458000045 ], [ 34.456635222000045, 1.572882326000069 ], [ 34.456634507000047, 1.572882470000025 ], [ 34.456420595000054, 1.572882621000076 ], [ 34.456359933000044, 1.572852150000074 ], [ 34.456325477000064, 1.572834843000066 ], [ 34.456331760000069, 1.572823761000052 ], [ 34.456420445000049, 1.572667357000057 ], [ 34.456225306000078, 1.572555334000072 ], [ 34.456087543000024, 1.572476250000022 ], [ 34.455897435000054, 1.572524219000059 ], [ 34.455745980000074, 1.572657763000052 ], [ 34.455707400000051, 1.57269178100006 ], [ 34.455730287000051, 1.572897754000053 ], [ 34.455771666000032, 1.57327013400004 ], [ 34.455779152000048, 1.573337511000034 ], [ 34.455868352000039, 1.573377324000035 ], [ 34.455993141000079, 1.573433022000074 ], [ 34.45634979600004, 1.573624130000042 ], [ 34.456354235000049, 1.573681657000066 ], [ 34.45637378400005, 1.573935038000059 ], [ 34.456193644000052, 1.574095217000036 ], [ 34.456171876000042, 1.574114574000021 ], [ 34.456134493000036, 1.574102063000055 ], [ 34.455961878000039, 1.574044293000043 ], [ 34.455957913000077, 1.574042966000036 ], [ 34.45576055500004, 1.573844643000029 ], [ 34.455624930000056, 1.573708354000075 ], [ 34.455489310000075, 1.573795327000028 ], [ 34.455363581000029, 1.573875956000052 ], [ 34.455173414000058, 1.573852178000038 ], [ 34.455030606000037, 1.57356526600006 ], [ 34.455291836000072, 1.573254149000036 ], [ 34.455270581000036, 1.572936514000048 ], [ 34.455267825000078, 1.572895397000025 ], [ 34.455125084000031, 1.572704147000024 ], [ 34.455220017000045, 1.572512739000047 ], [ 34.455207578000056, 1.572425557000031 ], [ 34.455196130000047, 1.572345319000021 ], [ 34.454886926000029, 1.572034621000057 ], [ 34.454768128000069, 1.572106452000071 ], [ 34.454696874000035, 1.572178259000054 ], [ 34.454625885000041, 1.572632750000025 ], [ 34.45441198900005, 1.572656822000056 ], [ 34.454174272000046, 1.57260915400002 ], [ 34.454055491000076, 1.572704907000059 ], [ 34.454055690000075, 1.57299191900006 ], [ 34.453841952000062, 1.573231255000053 ], [ 34.453761415000031, 1.573177308000027 ], [ 34.453627921000077, 1.573087890000068 ], [ 34.453569892000075, 1.573058746000072 ], [ 34.453390153000043, 1.57296847300006 ], [ 34.453390052000032, 1.572823115000062 ], [ 34.453390020000029, 1.572777133000045 ], [ 34.453461159000028, 1.572537887000067 ], [ 34.453539932000069, 1.572453220000057 ], [ 34.453817425000068, 1.572154965000038 ], [ 34.453933161000066, 1.572100516000035 ], [ 34.454006425000046, 1.572066048000067 ], [ 34.454173840000067, 1.571987286000024 ], [ 34.454244962000075, 1.571724137000047 ], [ 34.454149803000064, 1.571604611000055 ], [ 34.453983300000061, 1.571413377000056 ], [ 34.453816845000063, 1.571317833000023 ], [ 34.453914621000024, 1.571131668000021 ], [ 34.454030476000071, 1.570911079000041 ], [ 34.453887751000025, 1.570743751000066 ], [ 34.453763037000044, 1.570815583000069 ], [ 34.453555124000047, 1.570935335000058 ], [ 34.45338894300005, 1.571222463000026 ], [ 34.453436684000053, 1.571509441000046 ], [ 34.453445047000059, 1.571546353000031 ], [ 34.453507929000068, 1.571823889000029 ], [ 34.453555886000061, 1.57203555500007 ], [ 34.453318368000055, 1.572274889000028 ], [ 34.452914502000056, 1.572562202000029 ], [ 34.452885902000048, 1.572476058000063 ], [ 34.45284304900008, 1.572346989000039 ], [ 34.453056597000057, 1.571820642000034 ], [ 34.452723805000062, 1.571773040000039 ], [ 34.452105827000025, 1.571773483000072 ], [ 34.451851192000049, 1.571753949000026 ], [ 34.451796813000044, 1.571749777000036 ], [ 34.451677876000076, 1.571606354000039 ], [ 34.451660007000044, 1.571427817000028 ], [ 34.451653939000039, 1.571367194000061 ], [ 34.451633131000051, 1.571318430000076 ], [ 34.451582519000056, 1.571199816000046 ], [ 34.451392203000069, 1.570960772000035 ], [ 34.451106975000073, 1.570960972000023 ], [ 34.451178513000059, 1.571271857000056 ], [ 34.45120690400006, 1.571499178000067 ], [ 34.451206969000054, 1.571499700000061 ], [ 34.451226302000066, 1.571654506000073 ], [ 34.450846223000042, 1.571965706000071 ], [ 34.450808701000028, 1.57195315000007 ], [ 34.450703573000055, 1.571917971000062 ], [ 34.450703225000041, 1.571917727000027 ], [ 34.45046577200003, 1.571750718000033 ], [ 34.45020523200003, 1.571774732000051 ], [ 34.450204333000045, 1.571774815000026 ], [ 34.450203729000066, 1.571775652000042 ], [ 34.450014372000055, 1.572038047000035 ], [ 34.449986791000072, 1.572049966000066 ], [ 34.44984805200005, 1.572109921000049 ], [ 34.449847886000043, 1.571870735000061 ], [ 34.449811612000076, 1.571852516000035 ], [ 34.449657669000032, 1.571775197000022 ], [ 34.44941999100007, 1.571799286000044 ], [ 34.449301277000075, 1.571990710000023 ], [ 34.449313933000042, 1.572217102000025 ], [ 34.449325345000034, 1.57242122200006 ], [ 34.449343947000045, 1.57275394200002 ], [ 34.449349414000039, 1.572851723000042 ], [ 34.449267835000057, 1.572910447000027 ], [ 34.449210485000037, 1.572951732000035 ], [ 34.449183117000075, 1.572971432000031 ], [ 34.449177555000063, 1.572969837000073 ], [ 34.449016712000059, 1.572923714000069 ], [ 34.448916251000071, 1.572805942000059 ], [ 34.448873978000051, 1.572756385000048 ], [ 34.448540953000077, 1.57237393500003 ], [ 34.448279299000035, 1.572087106000026 ], [ 34.448065369000062, 1.572063333000074 ], [ 34.447804068000039, 1.572302702000059 ], [ 34.447757148000051, 1.572492173000057 ], [ 34.447756677000029, 1.572494076000055 ], [ 34.447760526000025, 1.572501167000041 ], [ 34.447899459000041, 1.572757076000073 ], [ 34.447947175000024, 1.572996211000032 ], [ 34.447938707000048, 1.57305184300003 ], [ 34.447914796000077, 1.573208926000063 ], [ 34.447899838000069, 1.573307188000058 ], [ 34.447733541000048, 1.573426897000047 ], [ 34.447567202000073, 1.573474849000036 ], [ 34.447529650000035, 1.573430826000049 ], [ 34.447424468000065, 1.573307520000071 ], [ 34.447396689000072, 1.573242417000074 ], [ 34.447353048000025, 1.573140142000057 ], [ 34.447353046000046, 1.573138024000059 ], [ 34.447352899000066, 1.572924887000056 ], [ 34.447313505000068, 1.572835860000055 ], [ 34.44725767500006, 1.572709690000067 ], [ 34.447162516000049, 1.572590163000029 ], [ 34.446948537000026, 1.572494641000048 ], [ 34.446687113000053, 1.572542660000067 ], [ 34.446637722000048, 1.572725404000039 ], [ 34.446615990000055, 1.572805809000045 ], [ 34.446601170000065, 1.573123610000039 ], [ 34.446592566000049, 1.573308102000055 ], [ 34.446500651000065, 1.573273821000043 ], [ 34.446176512000079, 1.573152930000049 ], [ 34.445867347000046, 1.572913968000023 ], [ 34.445849252000073, 1.572742080000069 ], [ 34.445819510000035, 1.572459561000073 ], [ 34.445676701000025, 1.572196561000055 ], [ 34.445272454000076, 1.571933743000045 ], [ 34.444987261000051, 1.571957864000069 ], [ 34.44488214200004, 1.571950885000035 ], [ 34.444784019000053, 1.57194437000004 ], [ 34.44463070300003, 1.571934191000025 ], [ 34.444681099000036, 1.571802061000028 ], [ 34.444749336000029, 1.571623173000035 ], [ 34.444851887000027, 1.571509503000073 ], [ 34.44492985200003, 1.571423085000049 ], [ 34.444986849000031, 1.571359908000034 ], [ 34.44529072000006, 1.571030138000026 ], [ 34.445295599000076, 1.571024843000032 ], [ 34.445347886000036, 1.570893044000059 ], [ 34.445390510000038, 1.570785600000022 ], [ 34.445389773000045, 1.570785070000056 ], [ 34.445224047000067, 1.570666123000024 ], [ 34.444891254000026, 1.570618520000039 ], [ 34.444558690000065, 1.570905764000031 ], [ 34.444249856000056, 1.571145166000065 ], [ 34.444216187000052, 1.571797567000033 ], [ 34.444202949000044, 1.572054082000022 ], [ 34.444084368000063, 1.572197480000057 ], [ 34.444084210000028, 1.572197672000073 ], [ 34.443918465000024, 1.57219778700005 ], [ 34.443917829000043, 1.57219778800004 ], [ 34.443917548000059, 1.572197393000067 ], [ 34.443798866000066, 1.572030442000028 ], [ 34.443763483000055, 1.57197457500007 ], [ 34.443632304000062, 1.571767458000068 ], [ 34.443489530000079, 1.571528389000036 ], [ 34.443299280000076, 1.571385005000025 ], [ 34.443195106000076, 1.571245435000037 ], [ 34.443085169000028, 1.571098142000039 ], [ 34.443037445000073, 1.570835075000048 ], [ 34.442982210000025, 1.570724101000053 ], [ 34.442942238000057, 1.57064379000002 ], [ 34.442752037000048, 1.570572183000024 ], [ 34.442609526000069, 1.570715780000057 ], [ 34.442597631000069, 1.571032797000044 ], [ 34.442586191000032, 1.571337676000041 ], [ 34.442545954000025, 1.571500116000038 ], [ 34.442515084000036, 1.571624739000072 ], [ 34.442436756000063, 1.571611657000062 ], [ 34.442372449000061, 1.571600916000023 ], [ 34.44213460800006, 1.571361904000071 ], [ 34.442063172000076, 1.57117061200006 ], [ 34.441920429000049, 1.571003282000049 ], [ 34.441917975000024, 1.571003864000033 ], [ 34.441517986000065, 1.571098873000039 ], [ 34.441516428000057, 1.571099243000049 ], [ 34.441421502000026, 1.571290652000073 ], [ 34.441279105000035, 1.571625599000072 ], [ 34.441117588000054, 1.571808702000055 ], [ 34.441089109000075, 1.57184098700003 ], [ 34.441017812000041, 1.571864968000057 ], [ 34.440851382000062, 1.571793325000044 ], [ 34.440851546000033, 1.571790829000065 ], [ 34.440874907000079, 1.571434538000062 ], [ 34.440922344000057, 1.571267076000026 ], [ 34.440993475000028, 1.571027849000075 ], [ 34.44094308800004, 1.570967093000036 ], [ 34.440874530000031, 1.570884425000031 ], [ 34.440708082000071, 1.570788870000058 ], [ 34.440517997000029, 1.570884673000023 ], [ 34.440351707000048, 1.571004382000069 ], [ 34.440185334000034, 1.571028411000043 ], [ 34.440042839000057, 1.571195938000074 ], [ 34.440209318000029, 1.571339330000058 ], [ 34.440289408000069, 1.571477273000028 ], [ 34.440375896000035, 1.571626237000032 ], [ 34.440390117000049, 1.571690409000041 ], [ 34.440423587000055, 1.571841450000022 ], [ 34.440233549000027, 1.572009020000053 ], [ 34.440114669000025, 1.571961267000063 ], [ 34.439971986000046, 1.571841782000035 ], [ 34.439805465000063, 1.571650547000047 ], [ 34.439567648000036, 1.571459369000024 ], [ 34.439329840000028, 1.571268192000048 ], [ 34.439328941000042, 1.571266386000048 ], [ 34.439187015000073, 1.570981277000044 ], [ 34.439472194000075, 1.570909313000072 ], [ 34.439591084000028, 1.570957074000034 ], [ 34.439733570000044, 1.570789547000061 ], [ 34.439743741000029, 1.570717520000073 ], [ 34.439757095000061, 1.570622965000041 ], [ 34.439757216000032, 1.570622101000026 ], [ 34.439750033000053, 1.570586080000055 ], [ 34.439733373000024, 1.570502533000024 ], [ 34.439590681000027, 1.570383030000073 ], [ 34.439559385000052, 1.570385677000047 ], [ 34.439305469000033, 1.570407159000069 ], [ 34.439139131000047, 1.570455110000069 ], [ 34.439072317000068, 1.570562840000036 ], [ 34.439020414000026, 1.570646526000075 ], [ 34.438854073000073, 1.570718408000062 ], [ 34.438835655000048, 1.570687565000071 ], [ 34.438782687000071, 1.570598864000033 ], [ 34.438808936000044, 1.570319557000062 ], [ 34.438829895000026, 1.570096553000042 ], [ 34.438687233000053, 1.570048808000024 ], [ 34.438473369000064, 1.570120723000059 ], [ 34.438354586000059, 1.570216476000041 ], [ 34.438309506000053, 1.570206428000063 ], [ 34.438140640000029, 1.570168789000036 ], [ 34.438092982000057, 1.570001393000041 ], [ 34.438069049000035, 1.569738309000059 ], [ 34.437902561000044, 1.569594917000074 ], [ 34.437783713000044, 1.569595 ], [ 34.437783678000073, 1.56959506100003 ], [ 34.437593790000051, 1.569929990000048 ], [ 34.437379925000073, 1.570001887000046 ], [ 34.437284783000052, 1.569906282000034 ], [ 34.437142125000037, 1.569834632000038 ], [ 34.437047173000053, 1.570002118000048 ], [ 34.436928439000042, 1.570169630000066 ], [ 34.436881093000068, 1.570456686000057 ], [ 34.436755658000038, 1.570502683000029 ], [ 34.436619701000041, 1.570552538000072 ], [ 34.436500683000077, 1.570289520000074 ], [ 34.436500568000042, 1.570122090000041 ], [ 34.436499278000042, 1.570120793000058 ], [ 34.436407434000046, 1.570028506000028 ], [ 34.436381639000047, 1.570002588000023 ], [ 34.436380782000072, 1.570001834000038 ], [ 34.436191372000053, 1.569835291000061 ], [ 34.436190102000069, 1.569832314000053 ], [ 34.436119953000059, 1.569667911000067 ], [ 34.436238735000074, 1.569572157000039 ], [ 34.436476495000079, 1.569667664000065 ], [ 34.436539297000024, 1.569604379000054 ], [ 34.43666650800003, 1.569476189000056 ], [ 34.436571318000063, 1.569308826000054 ], [ 34.436309795000057, 1.569213335000029 ], [ 34.436119560000066, 1.56909388300005 ], [ 34.436024314000065, 1.568830848000061 ], [ 34.435929130000034, 1.568687407000027 ], [ 34.435715193000078, 1.568639719000032 ], [ 34.435644018000062, 1.568831111000065 ], [ 34.435608368000032, 1.568993022000029 ], [ 34.43559661300003, 1.569046409000066 ], [ 34.435596718000056, 1.569199387000026 ], [ 34.435596826000051, 1.569357346000061 ], [ 34.435568205000038, 1.569374172000039 ], [ 34.435340599000028, 1.56950798500003 ], [ 34.435311721000062, 1.569524963000049 ], [ 34.435074028000031, 1.56950121400007 ], [ 34.434960497000077, 1.569364318000055 ], [ 34.434955083000034, 1.569357790000026 ], [ 34.434740930000032, 1.569023078000043 ], [ 34.434590788000037, 1.568985419000057 ], [ 34.434583094000061, 1.568983489000061 ], [ 34.434550745000024, 1.568975375000036 ], [ 34.43448926800005, 1.568975417000047 ], [ 34.434336821000045, 1.568975522000073 ], [ 34.434122900000034, 1.568951757000036 ], [ 34.434027749000052, 1.568856142000072 ], [ 34.434007037000072, 1.568731608000064 ], [ 34.433980020000035, 1.568569161000028 ], [ 34.43500214900007, 1.56868804800007 ], [ 34.435120915000027, 1.568568372000072 ], [ 34.43512273500005, 1.568563782000069 ], [ 34.435168367000074, 1.568448746000058 ], [ 34.435144483000045, 1.568257410000058 ], [ 34.435171474000072, 1.568162076000021 ], [ 34.43519189400007, 1.568089957000041 ], [ 34.435286937000058, 1.568042055000035 ], [ 34.435562640000057, 1.568063201000029 ], [ 34.435595944000056, 1.568065755000021 ], [ 34.435762373000045, 1.568137398000033 ], [ 34.435999978000041, 1.568017649000069 ], [ 34.435940294000034, 1.567623039000068 ], [ 34.435845104000066, 1.567455676000066 ], [ 34.435702485000036, 1.567455774000052 ], [ 34.43551235800004, 1.567479828000046 ], [ 34.43527471200008, 1.567551741000045 ], [ 34.435155955000027, 1.567671417000042 ], [ 34.435013411000057, 1.567767178000054 ], [ 34.434870793000073, 1.567767276000041 ], [ 34.434858983000026, 1.567719854000075 ], [ 34.434846974000038, 1.567671631000053 ], [ 34.434799284000064, 1.567456408000055 ], [ 34.434846745000073, 1.567336781000051 ], [ 34.434917920000032, 1.567145389000075 ], [ 34.435060406000048, 1.566977861000055 ], [ 34.435080760000062, 1.566771629000073 ], [ 34.435080818000074, 1.566771052000036 ], [ 34.435084015000029, 1.56673865700003 ], [ 34.435071054000048, 1.566725633000033 ], [ 34.434941298000069, 1.566595249000045 ], [ 34.434846173000039, 1.566523565000068 ], [ 34.434679792000054, 1.566523680000046 ], [ 34.434573612000065, 1.566630682000039 ], [ 34.434537289000048, 1.566667285000051 ], [ 34.434442367000031, 1.566906520000032 ], [ 34.434394964000035, 1.567097906000072 ], [ 34.434386094000047, 1.567142708000063 ], [ 34.434347603000049, 1.567337126000041 ], [ 34.434228795000024, 1.567408966000073 ], [ 34.434062447000031, 1.567456916000026 ], [ 34.433872262000079, 1.56740921200003 ], [ 34.43383287000006, 1.567349836000062 ], [ 34.433777097000075, 1.567265770000063 ], [ 34.433658151000031, 1.567122337000058 ], [ 34.433705401000054, 1.566691782000021 ], [ 34.433800338000026, 1.566500374000043 ], [ 34.434109230000047, 1.566356645000042 ], [ 34.434299317000068, 1.56626084200002 ], [ 34.434315496000067, 1.566129886000056 ], [ 34.434322958000052, 1.566069483000035 ], [ 34.434370345000048, 1.565854185000035 ], [ 34.43429887700006, 1.56561505600007 ], [ 34.43408480800008, 1.565399938000041 ], [ 34.434053900000038, 1.565376643000036 ], [ 34.43391759800005, 1.565273913000055 ], [ 34.433799442000065, 1.565184860000045 ], [ 34.433798892000027, 1.565182927000023 ], [ 34.433682395000062, 1.564773674000037 ], [ 34.43366302700008, 1.564705647000039 ], [ 34.433656490000033, 1.564682688000062 ], [ 34.433490101000075, 1.56468280200005 ], [ 34.43322876700006, 1.564850403000037 ], [ 34.433062419000066, 1.564898362000065 ], [ 34.432991056000049, 1.564826663000076 ], [ 34.433047672000043, 1.564755347000073 ], [ 34.433086051000032, 1.564707003000024 ], [ 34.433228523000025, 1.564491640000028 ], [ 34.433418569000025, 1.564348002000031 ], [ 34.433560999000065, 1.564084803000071 ], [ 34.433442096000078, 1.563989204000052 ], [ 34.433346942000071, 1.564002320000043 ], [ 34.433148079000034, 1.564029731000062 ], [ 34.433013784000025, 1.564048270000058 ], [ 34.432919231000028, 1.564061322000043 ], [ 34.432901032000075, 1.56406438800002 ], [ 34.432776638000064, 1.564085343000045 ], [ 34.432610257000078, 1.564085457000033 ], [ 34.432443788000057, 1.563942064000059 ], [ 34.432326655000054, 1.563824363000037 ], [ 34.43230107200003, 1.563798656000074 ], [ 34.432298676000073, 1.563798390000045 ], [ 34.432087132000049, 1.56377488000004 ], [ 34.431944571000031, 1.563846736000073 ], [ 34.431659538000076, 1.564133956000035 ], [ 34.431445753000048, 1.564325437000036 ], [ 34.431350612000074, 1.564229840000053 ], [ 34.431338589000063, 1.564189608000049 ], [ 34.431279145000076, 1.563990692000061 ], [ 34.431302746000028, 1.563727584000048 ], [ 34.431492792000029, 1.563583946000051 ], [ 34.431730322000078, 1.563368526000033 ], [ 34.43201550200007, 1.56329657200007 ], [ 34.432109261000051, 1.562989197000036 ], [ 34.432110367000064, 1.562985570000023 ], [ 34.432015193000041, 1.562842128000057 ], [ 34.431848700000046, 1.562674813000058 ], [ 34.431844670000032, 1.562669145000029 ], [ 34.431729738000058, 1.562507465000067 ], [ 34.431658353000046, 1.562387929000067 ], [ 34.431729560000065, 1.562244372000066 ], [ 34.431935441000064, 1.562202788000036 ], [ 34.432086044000073, 1.562172370000042 ], [ 34.43222866900004, 1.562196184000072 ], [ 34.432406874000037, 1.562088423000034 ], [ 34.432466258000034, 1.562052514000072 ], [ 34.432414717000029, 1.561931720000075 ], [ 34.43239483900004, 1.561885134000022 ], [ 34.432275904000051, 1.561741699000038 ], [ 34.43216297500004, 1.561696343000051 ], [ 34.432157024000048, 1.561693953000031 ], [ 34.43194314200008, 1.561741927000071 ], [ 34.43170899200004, 1.561825525000074 ], [ 34.431610407000051, 1.56176608800007 ], [ 34.431443935000061, 1.561646608000046 ], [ 34.431390570000076, 1.561721896000051 ], [ 34.431325202000039, 1.561814119000076 ], [ 34.431276750000052, 1.56189224700006 ], [ 34.431206494000037, 1.562005535000026 ], [ 34.431147906000035, 1.562108886000033 ], [ 34.431133641000031, 1.562134053000023 ], [ 34.431111540000074, 1.562173039000072 ], [ 34.43108927000003, 1.562262911000062 ], [ 34.431064118000052, 1.562364414000058 ], [ 34.431135569000048, 1.562579631000062 ], [ 34.431185188000029, 1.562636612000063 ], [ 34.431302088000052, 1.562770860000057 ], [ 34.431442443000037, 1.562958918000049 ], [ 34.431444828000053, 1.562962113000026 ], [ 34.431443727000044, 1.562966 ], [ 34.431397398000058, 1.563129558000071 ], [ 34.431257623000079, 1.563207835000071 ], [ 34.431183566000072, 1.563249308000024 ], [ 34.43112771400007, 1.563183822000042 ], [ 34.431040852000024, 1.563081976000035 ], [ 34.430755484000031, 1.562890829000025 ], [ 34.430612826000072, 1.562819178000041 ], [ 34.430470151000065, 1.562723604000041 ], [ 34.430446283000038, 1.562580104000062 ], [ 34.430469924000079, 1.562388745000021 ], [ 34.430493606000027, 1.562269135000065 ], [ 34.430547070000046, 1.562215263000041 ], [ 34.43056486100005, 1.562197336000054 ], [ 34.430721194000057, 1.562039814000059 ], [ 34.430731139000045, 1.562029793000022 ], [ 34.430778552000049, 1.561838416000057 ], [ 34.430778474000078, 1.561723504000042 ], [ 34.430778471000053, 1.561719175000064 ], [ 34.430778471000053, 1.561718823000035 ], [ 34.430778325000063, 1.561503557000037 ], [ 34.430754446000037, 1.56136006600002 ], [ 34.430710601000044, 1.561271967000039 ], [ 34.430683045000023, 1.561216599000034 ], [ 34.430516599000043, 1.561121050000054 ], [ 34.43039772000003, 1.561073297000064 ], [ 34.430313661000071, 1.561064894000026 ], [ 34.430160027000056, 1.561049537000031 ], [ 34.429971627000043, 1.561007544000063 ], [ 34.429946072000064, 1.561001848000046 ], [ 34.429943779000041, 1.560958577000065 ], [ 34.429934037000066, 1.56077463400004 ], [ 34.429910126000038, 1.560583297000051 ], [ 34.429910059000065, 1.560583238000049 ], [ 34.429719870000042, 1.560416016000033 ], [ 34.429553482000074, 1.560392208000053 ], [ 34.429456542000025, 1.560359766000033 ], [ 34.429410823000069, 1.560344470000075 ], [ 34.429356606000056, 1.56031723600006 ], [ 34.429173066000033, 1.560225038000056 ], [ 34.42905416900004, 1.560153371000069 ], [ 34.428883103000032, 1.559938498000065 ], [ 34.428863855000031, 1.559914322000054 ], [ 34.42878967200005, 1.55976527200005 ], [ 34.428697248000049, 1.559579576000033 ], [ 34.428488562000041, 1.559533061000025 ], [ 34.428483293000056, 1.559531887000048 ], [ 34.42847546400003, 1.559533643000066 ], [ 34.428269411000031, 1.559579869000061 ], [ 34.428174271000046, 1.559484263000058 ], [ 34.428182627000069, 1.559442075000049 ], [ 34.428197960000034, 1.559364662000064 ], [ 34.428197799000031, 1.559125464000033 ], [ 34.42817393200005, 1.558981981000045 ], [ 34.428150196000047, 1.55896210100002 ], [ 34.42803125000006, 1.558862476000058 ], [ 34.427936116000069, 1.558790801000043 ], [ 34.427819488000068, 1.558751768000036 ], [ 34.427722144000029, 1.558719188000055 ], [ 34.427644660000055, 1.558628343000066 ], [ 34.427579431000026, 1.558551865000027 ], [ 34.427341689000059, 1.558480270000075 ], [ 34.427199088000066, 1.558480367000072 ], [ 34.426985172000059, 1.558504436000021 ], [ 34.426938617000076, 1.558476369000061 ], [ 34.426866285000074, 1.558432758000038 ], [ 34.426794899000072, 1.558313222000038 ], [ 34.426723424000045, 1.558074073000057 ], [ 34.426712945000077, 1.557990156000074 ], [ 34.426699534000079, 1.557882755000037 ], [ 34.426390099000059, 1.557237178000037 ], [ 34.42617619400005, 1.557237324000027 ], [ 34.42597349600004, 1.557054002000029 ], [ 34.425938354000039, 1.557022219000032 ], [ 34.425805370000035, 1.556955427000048 ], [ 34.42579569600008, 1.556950568000047 ], [ 34.425795394000033, 1.556948453000075 ], [ 34.42577181300004, 1.556783154000072 ], [ 34.425795503000074, 1.55666354300007 ], [ 34.425914228000067, 1.556496032000041 ], [ 34.426080513000045, 1.556352401000026 ], [ 34.426094929000044, 1.556235677000075 ], [ 34.426095210000028, 1.556233407000036 ], [ 34.426104146000057, 1.556161051000061 ], [ 34.42609524900007, 1.556098664000046 ], [ 34.426080272000036, 1.555993638000075 ], [ 34.425937597000029, 1.555898063000029 ], [ 34.425667606000047, 1.555898246000027 ], [ 34.425652369000034, 1.555898257000024 ], [ 34.42563173700006, 1.55589481100003 ], [ 34.425509744000067, 1.555874441000071 ], [ 34.42544618200003, 1.555826531000037 ], [ 34.425414629000045, 1.55580274700003 ], [ 34.425414533000037, 1.555659240000068 ], [ 34.425509487000056, 1.555491735000032 ], [ 34.42560448200004, 1.555372095000052 ], [ 34.425613589000079, 1.555321492000076 ], [ 34.425651839000068, 1.55510896100003 ], [ 34.42562797100004, 1.554965469000024 ], [ 34.42558039000005, 1.554893734000075 ], [ 34.425366466000071, 1.554893879000076 ], [ 34.425010094000072, 1.55513331100002 ], [ 34.425007956000059, 1.555134487000032 ], [ 34.424800479000055, 1.555248561000042 ], [ 34.424748743000066, 1.55527700600004 ], [ 34.424582347000069, 1.55525319700007 ], [ 34.424344606000034, 1.555157677000068 ], [ 34.424228870000036, 1.555041392000021 ], [ 34.424201882000034, 1.555014276000065 ], [ 34.424077151000063, 1.555003904000046 ], [ 34.423953208000057, 1.554993597000021 ], [ 34.423916647000055, 1.554990556000064 ], [ 34.423702620000029, 1.55482326200007 ], [ 34.423678727000038, 1.554655858000046 ], [ 34.423811238000042, 1.554629097000031 ], [ 34.424029887000074, 1.55458494100003 ], [ 34.424035212000035, 1.55458386600003 ], [ 34.424177773000054, 1.554512011000043 ], [ 34.424175657000035, 1.554497170000047 ], [ 34.424153908000051, 1.554344596000021 ], [ 34.424136260000068, 1.554238535000025 ], [ 34.424130031000061, 1.554201105000061 ], [ 34.424094482000044, 1.554187717000048 ], [ 34.42402131700004, 1.554160163000063 ], [ 34.423939831000041, 1.554129476000071 ], [ 34.423749583000074, 1.553986097000063 ], [ 34.423488087000067, 1.55391451600002 ], [ 34.423107735000031, 1.553843025000049 ], [ 34.422846358000072, 1.553962788000035 ], [ 34.422656344000075, 1.554154270000026 ], [ 34.422513805000051, 1.554273962000025 ], [ 34.422418642000025, 1.554130518000022 ], [ 34.422180861000072, 1.553987172000063 ], [ 34.421883384000068, 1.554050404000066 ], [ 34.421729325000058, 1.554083151000043 ], [ 34.421654550000028, 1.554039657000033 ], [ 34.421507743000063, 1.553954264000026 ], [ 34.421503423000047, 1.553951752000046 ], [ 34.421337042000062, 1.553951865000045 ], [ 34.421099340000069, 1.553928104000022 ], [ 34.420837867000046, 1.553904368000076 ], [ 34.42067148700005, 1.553904481000075 ], [ 34.420632874000034, 1.553918641000053 ], [ 34.420613225000068, 1.553925846000027 ], [ 34.420539227000063, 1.553952983000045 ], [ 34.420410094000033, 1.554000339000027 ], [ 34.420291208000037, 1.553928652000025 ], [ 34.420172274000038, 1.553785234000031 ], [ 34.419981849000067, 1.553378752000071 ], [ 34.419861641000068, 1.553352915000062 ], [ 34.419649029000027, 1.553307219000033 ], [ 34.419458958000064, 1.553426942000044 ], [ 34.419410417000051, 1.553515010000069 ], [ 34.419393385000035, 1.553545909000036 ], [ 34.419340263000038, 1.553642289000038 ], [ 34.419173882000052, 1.553642402000037 ], [ 34.419102426000052, 1.553403261000028 ], [ 34.419112445000053, 1.553378007000049 ], [ 34.419197333000056, 1.553164017000029 ], [ 34.41914956800008, 1.552829197000051 ], [ 34.418983187000038, 1.55282931000005 ], [ 34.418840682000052, 1.552972914000065 ], [ 34.41879093700004, 1.553092025000069 ], [ 34.418650833000072, 1.553427489000057 ], [ 34.418611098000042, 1.553437514000052 ], [ 34.418460722000077, 1.553475454000022 ], [ 34.418411825000078, 1.55348127700006 ], [ 34.418303095000056, 1.553494225000065 ], [ 34.41825841900004, 1.553499546000069 ], [ 34.418056668000077, 1.553523572000074 ], [ 34.417771555000058, 1.553667265000058 ], [ 34.417629073000057, 1.553858715000047 ], [ 34.417391345000055, 1.553811039000038 ], [ 34.417248599000061, 1.553619791000074 ], [ 34.417207731000076, 1.553585565000049 ], [ 34.417105909000043, 1.55350029300007 ], [ 34.416820721000079, 1.553548331000059 ], [ 34.416698896000071, 1.553562033000048 ], [ 34.416606814000033, 1.553572389000067 ], [ 34.416552676000038, 1.553507103000072 ], [ 34.416487879000044, 1.553428961000066 ], [ 34.416368881000039, 1.553189861000021 ], [ 34.416255818000025, 1.553155812000057 ], [ 34.416135738000037, 1.553119649000053 ], [ 34.416131138000026, 1.553118264000034 ], [ 34.416127698000025, 1.553121731000033 ], [ 34.415941113000031, 1.553309736000074 ], [ 34.415891759000033, 1.553302677000033 ], [ 34.415774716000044, 1.553285935000076 ], [ 34.415590125000051, 1.553302944000052 ], [ 34.41525183300007, 1.553334115000041 ], [ 34.414610063000055, 1.553310644000021 ], [ 34.414501862000066, 1.553201908000062 ], [ 34.414491311000063, 1.553191305000041 ], [ 34.414491136000038, 1.553191129000027 ], [ 34.414491118000058, 1.55316425500007 ], [ 34.41449096100007, 1.552928026000075 ], [ 34.414468562000025, 1.552875530000051 ], [ 34.414348128000029, 1.552593270000045 ], [ 34.414134315000069, 1.552760835000072 ], [ 34.413896750000049, 1.55292842700004 ], [ 34.413801848000048, 1.553191594000054 ], [ 34.413611791000051, 1.553335240000024 ], [ 34.41356257700005, 1.553550510000036 ], [ 34.413540694000062, 1.553646228000048 ], [ 34.41351947000004, 1.553926297000032 ], [ 34.41351712900007, 1.553957183000023 ], [ 34.41332703300003, 1.554029062000041 ], [ 34.413136785000063, 1.553885681000054 ], [ 34.412970324000071, 1.553766199000052 ], [ 34.412637497000048, 1.553670750000038 ], [ 34.412423678000039, 1.553814412000065 ], [ 34.412405438000064, 1.553962028000058 ], [ 34.412376390000077, 1.554197133000059 ], [ 34.412139055000068, 1.554190471000027 ], [ 34.411960433000047, 1.554185457000074 ], [ 34.411675203000073, 1.554185649000033 ], [ 34.411389989000043, 1.554209764000063 ], [ 34.411128588000054, 1.554281690000039 ], [ 34.410914791000039, 1.554473188000031 ], [ 34.410867378000034, 1.554640642000038 ], [ 34.410986383000079, 1.55490366600003 ], [ 34.411057903000028, 1.555214548000038 ], [ 34.41097906400006, 1.555234441000039 ], [ 34.410772722000047, 1.555286509000041 ], [ 34.41047420600006, 1.555251371000054 ], [ 34.41036863100004, 1.555238944000052 ], [ 34.410107235000055, 1.555334793000043 ], [ 34.409936859000027, 1.555403502000047 ], [ 34.40986960400005, 1.555430625000042 ], [ 34.409740160000069, 1.555452420000051 ], [ 34.409584406000079, 1.555478645000051 ], [ 34.409275136000076, 1.555048336000027 ], [ 34.40906110700007, 1.554904972000031 ], [ 34.408728328000052, 1.554881264000073 ], [ 34.408637224000074, 1.554714842000067 ], [ 34.408466560000079, 1.554403086000036 ], [ 34.408086222000065, 1.554355496000028 ], [ 34.407682105000049, 1.554284009000071 ], [ 34.407581038000046, 1.554252792000057 ], [ 34.407373059000065, 1.554188554000064 ], [ 34.406945178000058, 1.55414100400003 ], [ 34.406731379000064, 1.554332503000069 ], [ 34.406660360000046, 1.554763077000075 ], [ 34.406575102000033, 1.554750880000029 ], [ 34.406493971000032, 1.554739275000031 ], [ 34.406185081000046, 1.554906914000071 ], [ 34.405781275000038, 1.555289876000074 ], [ 34.405781109000031, 1.555290444000036 ], [ 34.405711256000075, 1.555530019000059 ], [ 34.405662695000046, 1.55569656900002 ], [ 34.405627568000057, 1.555749670000068 ], [ 34.405567714000028, 1.555840151000041 ], [ 34.405044891000045, 1.555984011000021 ], [ 34.404783480000049, 1.556055945000026 ], [ 34.404617947000077, 1.556175089000021 ], [ 34.404617177000034, 1.556175643000074 ], [ 34.404617320000057, 1.556390911000051 ], [ 34.404617467000037, 1.556391648000044 ], [ 34.404665012000066, 1.556630060000032 ], [ 34.40449871800007, 1.556749767000042 ], [ 34.404480668000076, 1.556736163000039 ], [ 34.40440359400003, 1.556678073000057 ], [ 34.40423714800005, 1.556582512000034 ], [ 34.404094259000033, 1.556175994000057 ], [ 34.404092888000037, 1.556175719000066 ], [ 34.40385653900006, 1.556128317000059 ], [ 34.403837448000047, 1.556458692000035 ], [ 34.403811906000044, 1.556900704000043 ], [ 34.403809544000069, 1.556941576000042 ], [ 34.403770534000046, 1.55695141800004 ], [ 34.403532075000044, 1.557011580000051 ], [ 34.403524361000052, 1.557013526000048 ], [ 34.403143999000065, 1.556918109000037 ], [ 34.402906200000075, 1.556750846000057 ], [ 34.40266856900007, 1.556822755000042 ], [ 34.402654239000071, 1.556909593000057 ], [ 34.40264488300005, 1.55696628000004 ], [ 34.402664728000047, 1.55699192000003 ], [ 34.402811417000066, 1.557181437000054 ], [ 34.402815744000065, 1.557195556000067 ], [ 34.402842086000078, 1.557281509000063 ], [ 34.402906691000055, 1.557492314000058 ], [ 34.402807248000045, 1.557536863000053 ], [ 34.402692830000035, 1.557588120000048 ], [ 34.402559712000027, 1.557504527000049 ], [ 34.40231237200004, 1.557349204000047 ], [ 34.401932016000046, 1.557277699000053 ], [ 34.401879984000061, 1.557540413000027 ], [ 34.401860949000024, 1.557636524000031 ], [ 34.40186101200004, 1.557732207000072 ], [ 34.401792699000055, 1.557869924000045 ], [ 34.401767620000044, 1.557920481000053 ], [ 34.401766070000065, 1.557923606000031 ], [ 34.401623434000044, 1.557899788000043 ], [ 34.401541285000064, 1.55787622400004 ], [ 34.401468992000048, 1.55785548800003 ], [ 34.401466068000047, 1.557854649000035 ], [ 34.401457020000066, 1.557852054000023 ], [ 34.401290606000032, 1.557804339000029 ], [ 34.401155961000029, 1.557849598000075 ], [ 34.401148036000052, 1.55785226100005 ], [ 34.401147549000029, 1.557853244000057 ], [ 34.400934395000036, 1.558282951000024 ], [ 34.400696666000044, 1.558235274000026 ], [ 34.400577836000025, 1.558235354000033 ], [ 34.400549200000057, 1.55825184400004 ], [ 34.400411507000058, 1.558331138000028 ], [ 34.400197695000031, 1.558474800000056 ], [ 34.399936361000073, 1.558666320000043 ], [ 34.399865078000062, 1.558714196000039 ], [ 34.399767588000032, 1.558736908000071 ], [ 34.399556122000035, 1.558786171000065 ], [ 34.399389676000055, 1.558690609000053 ], [ 34.398938087000033, 1.558714817000066 ], [ 34.398878060000072, 1.558957151000072 ], [ 34.398866981000026, 1.559001902000034 ], [ 34.398795896000024, 1.559336804000054 ], [ 34.398677749000058, 1.559527302000049 ], [ 34.398677174000056, 1.559528229000023 ], [ 34.398463374000073, 1.559719728000061 ], [ 34.398202009000045, 1.559863412000027 ], [ 34.397964776000038, 1.560126364000041 ], [ 34.397964494000064, 1.560126677000028 ], [ 34.397964716000047, 1.560461532000033 ], [ 34.397981087000062, 1.560706259000028 ], [ 34.397988716000043, 1.560820293000063 ], [ 34.397919173000048, 1.560877631000039 ], [ 34.397727416000066, 1.561035737000054 ], [ 34.397664354000028, 1.561090200000024 ], [ 34.397563275000039, 1.561177496000028 ], [ 34.397561119000045, 1.561179358000061 ], [ 34.397547365000037, 1.561205350000023 ], [ 34.397520234000069, 1.56125662200003 ], [ 34.397371201000055, 1.561538263000045 ], [ 34.397228148000067, 1.561574353000026 ], [ 34.397181078000074, 1.561586228000067 ], [ 34.396967161000077, 1.561586380000051 ], [ 34.396756497000069, 1.561616809000043 ], [ 34.396634436000056, 1.561634440000034 ], [ 34.396491942000068, 1.561825881000061 ], [ 34.396349684000029, 1.562376101000041 ], [ 34.396095087000049, 1.56253937300005 ], [ 34.396088343000031, 1.562543699000059 ], [ 34.396060844000033, 1.562527912000064 ], [ 34.395921897000051, 1.562448146000065 ], [ 34.395660294000038, 1.562233053000057 ], [ 34.395657878000065, 1.562233054000046 ], [ 34.395497145000036, 1.562233162000041 ], [ 34.395493919000046, 1.56223316400002 ], [ 34.395399895000025, 1.562370012000031 ], [ 34.395280189000061, 1.562544240000022 ], [ 34.39527770400008, 1.562546359000066 ], [ 34.395044871000039, 1.562744888000054 ], [ 34.394971368000029, 1.562807561000056 ], [ 34.394871307000074, 1.56273574100004 ], [ 34.394804914000076, 1.562688086000037 ], [ 34.394708309000066, 1.562643975000071 ], [ 34.394684273000053, 1.562633 ], [ 34.394543375000069, 1.562568665000072 ], [ 34.394391670000061, 1.562632393000058 ], [ 34.39425822100003, 1.562688452000032 ], [ 34.394257275000029, 1.562688625000021 ], [ 34.393996791000063, 1.562736464000068 ], [ 34.39389621600003, 1.562723883000046 ], [ 34.393896045000076, 1.562723861000052 ], [ 34.394258609000076, 1.563011508000045 ], [ 34.394353756000044, 1.56313104100002 ], [ 34.394734067000059, 1.563130777000026 ], [ 34.394852932000049, 1.563154620000034 ], [ 34.395066976000066, 1.56334582300002 ], [ 34.395162174000063, 1.563513192000073 ], [ 34.395328628000073, 1.563632657000028 ], [ 34.395637639000029, 1.563656382000033 ], [ 34.395899179000025, 1.563775793000048 ], [ 34.395970612000042, 1.56396710100006 ], [ 34.395780646000048, 1.564254248000054 ], [ 34.395352883000044, 1.564350207000075 ], [ 34.394901251000078, 1.564326596000058 ], [ 34.39456830000006, 1.564063714000042 ], [ 34.394140338000057, 1.563872654000022 ], [ 34.393878963000077, 1.564016339000034 ], [ 34.39406929200004, 1.564279318000047 ], [ 34.394093206000036, 1.564494570000022 ], [ 34.393903161000026, 1.564662130000045 ], [ 34.393546623000077, 1.564662369000075 ], [ 34.393308759000035, 1.564399423000054 ], [ 34.393047061000061, 1.56404081900007 ], [ 34.392619336000052, 1.56420853700007 ], [ 34.392286805000026, 1.564567539000052 ], [ 34.39197794200004, 1.564783015000046 ], [ 34.391478863000032, 1.564879013000052 ], [ 34.39121758400006, 1.565142294000054 ], [ 34.390932357000054, 1.565166416000068 ], [ 34.390694462000056, 1.564855632000047 ], [ 34.390290246000063, 1.564640633000067 ], [ 34.389957267000057, 1.564306 ], [ 34.389648173000069, 1.564186609000046 ], [ 34.389481979000038, 1.564473749000058 ], [ 34.389339587000052, 1.564808701000061 ], [ 34.389173266000057, 1.564904486000046 ], [ 34.388982921000036, 1.564617583000029 ], [ 34.388887576000059, 1.564211041000021 ], [ 34.388768625000068, 1.564043687000037 ], [ 34.388340842000048, 1.56413965400003 ], [ 34.38807956900007, 1.564426849000029 ], [ 34.387960870000029, 1.564642197000069 ], [ 34.387818454000069, 1.564953236000065 ], [ 34.38760467000003, 1.56514471600002 ], [ 34.387271908000059, 1.565168870000036 ], [ 34.386903337000035, 1.564941889000067 ], [ 34.386594545000037, 1.565253038000037 ], [ 34.386285634000046, 1.565396754000062 ], [ 34.386071574000027, 1.565181618000054 ], [ 34.385976253000024, 1.564798997000025 ], [ 34.38583350600004, 1.564607745000046 ], [ 34.385381903000052, 1.564631959000053 ], [ 34.385120708000045, 1.565038750000042 ], [ 34.384906846000035, 1.565110643000025 ], [ 34.384668941000029, 1.564799867000033 ], [ 34.384573644000056, 1.564465074000054 ], [ 34.384359496000059, 1.564130359000046 ], [ 34.384050420000051, 1.564010967000058 ], [ 34.383765148000066, 1.563939398000059 ], [ 34.383717793000073, 1.564226459000054 ], [ 34.383622841000033, 1.564417869000067 ], [ 34.38336139300003, 1.564441957000042 ], [ 34.383194955000079, 1.564346403000059 ], [ 34.383171074000074, 1.564178976000051 ], [ 34.383242216000042, 1.56391582200007 ], [ 34.383194563000075, 1.563748429000043 ], [ 34.38281425100007, 1.563748692000047 ], [ 34.382386561000033, 1.563988160000065 ], [ 34.382125114000075, 1.564012256000069 ], [ 34.381911142000035, 1.563916706000043 ], [ 34.381649529000072, 1.563701628000047 ], [ 34.381435663000047, 1.563797443000055 ], [ 34.381269429000042, 1.564012824000031 ], [ 34.38110302900003, 1.563989012000036 ], [ 34.381007747000069, 1.563678131000074 ], [ 34.381007543000067, 1.563367196000058 ], [ 34.380532247000076, 1.563511022000057 ], [ 34.380151943000044, 1.563511274000064 ], [ 34.379937984000037, 1.563463579000029 ], [ 34.379747798000039, 1.563391945000035 ], [ 34.379296123000074, 1.56332048400003 ], [ 34.379177057000049, 1.562961791000021 ], [ 34.378867973000069, 1.562842399000033 ], [ 34.378796541000042, 1.56265109900005 ], [ 34.378938997000034, 1.562411821000069 ], [ 34.378725006000025, 1.562316289000023 ], [ 34.378202143000067, 1.562412308000034 ], [ 34.378107215000057, 1.562627641000063 ], [ 34.378131103000044, 1.562818973000049 ], [ 34.378012387000069, 1.563010399000063 ], [ 34.377750861000038, 1.56291489900002 ], [ 34.377584461000026, 1.562891095000055 ], [ 34.377346904000035, 1.56308259900004 ], [ 34.377204257000074, 1.563058780000063 ], [ 34.377085269000077, 1.562819664000074 ], [ 34.376895128000058, 1.562843713000063 ], [ 34.376776435000068, 1.563082976000032 ], [ 34.376598276000038, 1.563262485000052 ], [ 34.376360562000059, 1.56321480500003 ], [ 34.376265335000028, 1.562999606000062 ], [ 34.376016883000034, 1.563067974000035 ], [ 34.375718826000025, 1.563263075000066 ], [ 34.375457339000036, 1.56323932500004 ], [ 34.375148241000034, 1.563072104000071 ], [ 34.374957959000028, 1.56288087300004 ], [ 34.374696440000037, 1.562809295000022 ], [ 34.374411205000058, 1.562809483000024 ], [ 34.374506097000051, 1.562522398000056 ], [ 34.374601097000038, 1.562402739000049 ], [ 34.37457719400004, 1.562187484000049 ], [ 34.374196983000047, 1.562331246000042 ], [ 34.373888039000065, 1.562427132000039 ], [ 34.373460097000077, 1.562283894000075 ], [ 34.373151105000034, 1.562308021000035 ], [ 34.372937356000079, 1.562571270000035 ], [ 34.372628452000072, 1.562714985000071 ], [ 34.37234324800005, 1.562763019000045 ], [ 34.372081707000063, 1.562643593000075 ], [ 34.371820289000027, 1.562715526000034 ], [ 34.371725447000074, 1.563050447000023 ], [ 34.371535243000039, 1.562978822000048 ], [ 34.37141629100006, 1.562835380000024 ], [ 34.371250014000054, 1.563002924000045 ], [ 34.371273982000048, 1.563289938000025 ], [ 34.37127416900006, 1.563576961000024 ], [ 34.371179189000031, 1.563744448000023 ], [ 34.370965186000035, 1.563601087000052 ], [ 34.370846248000078, 1.563481560000071 ], [ 34.370656132000079, 1.563529530000039 ], [ 34.37051365800005, 1.563744886000052 ], [ 34.370323463000034, 1.56367326000003 ], [ 34.370252030000074, 1.563505883000062 ], [ 34.37037069400003, 1.563218764000055 ], [ 34.370584576000056, 1.563146872000061 ], [ 34.370632042000068, 1.563027254000076 ], [ 34.370465601000035, 1.562955603000034 ], [ 34.370061580000026, 1.563027629000032 ], [ 34.369871330000024, 1.562884233000034 ], [ 34.369514732000027, 1.562812717000043 ], [ 34.369395735000069, 1.562573610000072 ], [ 34.369205392000026, 1.562286703000041 ], [ 34.368991363000077, 1.562119419000055 ], [ 34.368753770000069, 1.562287 ], [ 34.368326015000036, 1.562430801000062 ], [ 34.367874279000034, 1.56223975000006 ], [ 34.367565249000052, 1.562192115000073 ], [ 34.367113628000027, 1.562192411000069 ], [ 34.366649901000073, 1.561845899000048 ], [ 34.366530879000038, 1.561582868000073 ], [ 34.366554558000075, 1.561439342000028 ], [ 34.366673326000068, 1.561295743000073 ], [ 34.366673217000027, 1.561128309000026 ], [ 34.366506730000026, 1.560984916000052 ], [ 34.36531806000005, 1.560674749000043 ], [ 34.364509682000062, 1.560316495000052 ], [ 34.364176840000027, 1.560221038000066 ], [ 34.363915330000054, 1.560149457000023 ], [ 34.363677755000026, 1.560317048000059 ], [ 34.363582575000066, 1.560173589000044 ], [ 34.36374876800005, 1.559862534000047 ], [ 34.363724818000037, 1.559599440000056 ], [ 34.363487073000044, 1.559503931000052 ], [ 34.363059214000032, 1.559504210000057 ], [ 34.362940179000077, 1.559217256000068 ], [ 34.362773501000049, 1.558762907000073 ], [ 34.362630687000035, 1.558452054000043 ], [ 34.362440468000045, 1.558356513000035 ], [ 34.362274206000052, 1.558547970000063 ], [ 34.362131700000077, 1.558715489000065 ], [ 34.361870313000054, 1.558835257000055 ], [ 34.361727761000054, 1.55893102400006 ], [ 34.361704189000079, 1.559241985000028 ], [ 34.361633006000034, 1.559433390000038 ], [ 34.361015155000075, 1.559649055000023 ], [ 34.360516082000061, 1.559792902000027 ], [ 34.360088293000047, 1.559888856000043 ], [ 34.359921954000072, 1.559960724000064 ], [ 34.359898305000058, 1.560152088000052 ], [ 34.359993562000056, 1.560415135000028 ], [ 34.359969919000036, 1.560630423000021 ], [ 34.359756061000041, 1.560726228000021 ], [ 34.359732396000027, 1.56089367800007 ], [ 34.359708701000045, 1.561013291000052 ], [ 34.359494805000054, 1.561037354000064 ], [ 34.359257180000043, 1.561157097000034 ], [ 34.359257319000051, 1.561372369000026 ], [ 34.359067192000055, 1.561420330000033 ], [ 34.358829484000069, 1.561396572000035 ], [ 34.358734537000032, 1.56158797300003 ], [ 34.358758438000052, 1.561803239000028 ], [ 34.358544486000028, 1.561755541000025 ], [ 34.358354391000034, 1.561851331000071 ], [ 34.358259450000048, 1.56206667400005 ], [ 34.358378471000037, 1.562329706000071 ], [ 34.358212109000078, 1.562353729000051 ], [ 34.357998093000049, 1.562234279000052 ], [ 34.357807996000076, 1.562330078000059 ], [ 34.357784356000025, 1.562521442000048 ], [ 34.357784525000056, 1.56278455100005 ], [ 34.357618124000055, 1.562760746000038 ], [ 34.357428012000071, 1.562832621000041 ], [ 34.357404363000057, 1.563023985000029 ], [ 34.357333219000054, 1.56326322700005 ], [ 34.356940906000034, 1.563084091000064 ], [ 34.356921116000024, 1.563100513000052 ], [ 34.35653704200007, 1.563419215000067 ], [ 34.356133122000074, 1.563682588000063 ], [ 34.355681631000039, 1.563874241000065 ], [ 34.355206484000064, 1.56423333500004 ], [ 34.354873780000048, 1.564353149000056 ], [ 34.35451723500006, 1.564353381000046 ], [ 34.354184517000078, 1.564425349000032 ], [ 34.353994512000043, 1.564664669000024 ], [ 34.353495506000058, 1.564904181000031 ], [ 34.352948986000058, 1.565191569000035 ], [ 34.352544937000062, 1.56523966900005 ], [ 34.352117084000042, 1.565239947000066 ], [ 34.351974562000066, 1.565383543000053 ], [ 34.351879636000035, 1.565622810000036 ], [ 34.351903586000049, 1.565885905000073 ], [ 34.35161837000004, 1.56593392700006 ], [ 34.351047871000048, 1.565886461000048 ], [ 34.350524939000024, 1.565886801000033 ], [ 34.350263518000077, 1.565958731000023 ], [ 34.348909482000067, 1.567227316000071 ], [ 34.348410505000061, 1.567514674000051 ], [ 34.348172817000034, 1.567538743000057 ], [ 34.347816317000024, 1.567610735000073 ], [ 34.347554972000069, 1.567802255000061 ], [ 34.346829653000043, 1.567264546000047 ], [ 34.346425555000053, 1.567240894000065 ], [ 34.346163982000064, 1.567073637000021 ], [ 34.345926287000054, 1.567073791000041 ], [ 34.345688715000051, 1.567265285000076 ], [ 34.345379584000057, 1.567050222000034 ], [ 34.345070496000062, 1.566930823000064 ], [ 34.344666313000062, 1.566787581000028 ], [ 34.344381006000049, 1.566668158000027 ], [ 34.344048135000037, 1.566500946000076 ], [ 34.343810431000065, 1.566501100000039 ], [ 34.343525268000064, 1.566620883000041 ], [ 34.343026090000023, 1.566597283000021 ], [ 34.342693285000053, 1.56654966900004 ], [ 34.342384237000033, 1.566478108000069 ], [ 34.342217697000024, 1.566239028000041 ], [ 34.342621535000035, 1.565856057000076 ], [ 34.343001662000063, 1.565568786000028 ], [ 34.343405652000058, 1.565425012000048 ], [ 34.343405088000054, 1.564540004000037 ], [ 34.343285910000077, 1.564013858000067 ], [ 34.343285285000036, 1.563033185000052 ], [ 34.343094891000078, 1.562650598000062 ], [ 34.342809446000047, 1.562339833000067 ], [ 34.342333990000043, 1.562220550000063 ], [ 34.341929798000024, 1.56207729700003 ], [ 34.341763117000028, 1.561599020000074 ], [ 34.341323106000061, 1.561180721000028 ], [ 34.339991251000072, 1.559985628000049 ], [ 34.339634366000041, 1.559435720000067 ], [ 34.33946762100004, 1.55888568000006 ], [ 34.339324667000028, 1.558335634000059 ], [ 34.339015480000057, 1.558072730000049 ], [ 34.338587590000031, 1.558001243000035 ], [ 34.338088550000066, 1.558192913000028 ], [ 34.337565693000045, 1.558312847000025 ], [ 34.337042805000067, 1.558384942000032 ], [ 34.336495957000068, 1.558146104000059 ], [ 34.336471882000069, 1.557667733000073 ], [ 34.336186432000034, 1.557333052000047 ], [ 34.33544940400003, 1.557046496000055 ], [ 34.334950098000036, 1.556831541000065 ], [ 34.33406999400006, 1.555827500000021 ], [ 34.333594505000065, 1.555684290000045 ], [ 34.33281000900007, 1.555517344000066 ], [ 34.331585414000074, 1.55478860900007 ], [ 34.330776860000071, 1.554167222000046 ], [ 34.330467759000044, 1.554023896000047 ], [ 34.330016091000061, 1.553928516000042 ], [ 34.329588002000037, 1.55357 ], [ 34.329326416000072, 1.553378814000041 ], [ 34.329326221000031, 1.55306786400007 ], [ 34.329302299000062, 1.552828680000061 ], [ 34.328850448000026, 1.552470188000029 ], [ 34.328493635000029, 1.552015949000065 ], [ 34.328279216000055, 1.551250670000059 ], [ 34.328065115000072, 1.550963779000028 ], [ 34.327661032000037, 1.55096403400006 ], [ 34.327352030000043, 1.550964230000034 ], [ 34.327090608000049, 1.551036156000066 ], [ 34.326852785000028, 1.550844946000041 ], [ 34.326639021000062, 1.551084280000055 ], [ 34.326353847000064, 1.551204050000024 ], [ 34.326068611000039, 1.551180307000038 ], [ 34.325878615000079, 1.551443540000037 ], [ 34.325569702000053, 1.55158725800004 ], [ 34.325213176000034, 1.551635320000059 ], [ 34.325046938000071, 1.551874625000039 ], [ 34.324785575000078, 1.552042227000072 ], [ 34.324357774000077, 1.552114250000045 ], [ 34.323312172000044, 1.552545460000033 ], [ 34.32309811600004, 1.552330320000067 ], [ 34.322990997000034, 1.552079240000069 ], [ 34.32272940200005, 1.551888054000074 ], [ 34.32180223000006, 1.55162552500002 ], [ 34.321588232000067, 1.551506069000027 ], [ 34.321350616000075, 1.551649724000072 ], [ 34.32113699100006, 1.552128247000041 ], [ 34.320946995000043, 1.55239148000004 ], [ 34.32066185900004, 1.552559097000028 ], [ 34.320329167000068, 1.55267890600004 ], [ 34.319972618000065, 1.552679131000048 ], [ 34.319663695000031, 1.552822839000044 ], [ 34.319307166000044, 1.552823064000052 ], [ 34.31892668200004, 1.552560199000027 ], [ 34.31849886100008, 1.552632220000021 ], [ 34.318118550000065, 1.552632459000051 ], [ 34.317738357000053, 1.552824060000034 ], [ 34.317405635000057, 1.552896030000056 ], [ 34.317001518000041, 1.552872361000027 ], [ 34.316739939000058, 1.552681173000053 ], [ 34.316454620000059, 1.552537838000035 ], [ 34.316264593000028, 1.552753233000033 ], [ 34.316074284000024, 1.552514153000061 ], [ 34.315907822000042, 1.552394657000036 ], [ 34.315385255000024, 1.552992966000033 ], [ 34.315100045000065, 1.553040992000035 ], [ 34.314386837000029, 1.552850087000024 ], [ 34.31395896600003, 1.552826441000036 ], [ 34.313483751000035, 1.55311376700007 ], [ 34.31315092400007, 1.55301829900003 ], [ 34.312806359000035, 1.553197920000059 ], [ 34.312544982000077, 1.553317675000073 ], [ 34.312283691000061, 1.553604877000055 ], [ 34.311998396000035, 1.553533293000044 ], [ 34.31145166500005, 1.553485788000046 ], [ 34.311047625000072, 1.553557812000065 ], [ 34.310500870000055, 1.553486401000043 ], [ 34.310144300000047, 1.553438786000072 ], [ 34.309740303000069, 1.553582553000069 ], [ 34.30933628300005, 1.553702405000024 ], [ 34.309074754000051, 1.553606893000051 ], [ 34.308694501000048, 1.553702806000047 ], [ 34.308789811000054, 1.554061538000042 ], [ 34.308456936000027, 1.553918232000058 ], [ 34.307910073000073, 1.553655458000037 ], [ 34.307624698000041, 1.553440359000035 ], [ 34.307339465000041, 1.553440537000029 ], [ 34.307149481000067, 1.553727694000031 ], [ 34.307149658000071, 1.554014714000061 ], [ 34.306864549000068, 1.554230179000058 ], [ 34.306579242000055, 1.554110766000065 ], [ 34.306531520000078, 1.553823756000043 ], [ 34.306412506000072, 1.55356071500006 ], [ 34.305937003000054, 1.553369659000055 ], [ 34.305757997000057, 1.553206110000076 ], [ 34.305675387000065, 1.553130630000055 ], [ 34.305647346000057, 1.553118570000038 ], [ 34.305342512000038, 1.552987323000025 ], [ 34.304890846000035, 1.552915842000061 ], [ 34.304534378000028, 1.553035664000049 ], [ 34.304082708000067, 1.552988107000033 ], [ 34.303750150000042, 1.553347096000039 ], [ 34.303227338000056, 1.553538784000068 ], [ 34.302692627000056, 1.553718521000064 ], [ 34.302383597000073, 1.553694790000065 ], [ 34.302074694000055, 1.553862421000076 ], [ 34.301765771000078, 1.55398221300004 ], [ 34.30133797600007, 1.554102070000056 ], [ 34.300862699000049, 1.554293729000051 ], [ 34.300458699000046, 1.554437485000051 ], [ 34.300125945000048, 1.554461625000044 ], [ 34.299793230000034, 1.55458143200002 ], [ 34.299294203000045, 1.554797019000034 ], [ 34.299008878000052, 1.554677596000033 ], [ 34.297867193000059, 1.553482333000034 ], [ 34.297486665000065, 1.553147700000068 ], [ 34.297153667000032, 1.552789112000028 ], [ 34.296892035000042, 1.552526158000035 ], [ 34.296606758000053, 1.552454582000053 ], [ 34.29641665500003, 1.552550376000056 ], [ 34.296250333000046, 1.552646146000029 ], [ 34.296083949000035, 1.552670173000024 ], [ 34.295822361000035, 1.552478981000036 ], [ 34.295679651000057, 1.55231163000002 ], [ 34.295394429000055, 1.552359654000043 ], [ 34.295014084000059, 1.55231204100005 ], [ 34.293706144000055, 1.551332154000022 ], [ 34.293147440000041, 1.551153102000058 ], [ 34.292719487000056, 1.550985935000028 ], [ 34.29136416700004, 1.550293096000075 ], [ 34.291031272000055, 1.550101955000059 ], [ 34.290746053000078, 1.55012604500007 ], [ 34.290531987000065, 1.549910908000072 ], [ 34.290508026000055, 1.549599968000052 ], [ 34.290294072000052, 1.549552260000041 ], [ 34.290056470000025, 1.549695912000061 ], [ 34.289794984000025, 1.549672168000029 ], [ 34.289247928000066, 1.549122354000076 ], [ 34.289033968000069, 1.54905072400004 ], [ 34.288297106000073, 1.549075099000049 ], [ 34.287821730000076, 1.549123229000031 ], [ 34.287251160000039, 1.54895613900004 ], [ 34.286680624000041, 1.548860811000054 ], [ 34.286395395000056, 1.548884910000027 ], [ 34.286062529000048, 1.54874159700006 ], [ 34.285320782000042, 1.548054961000048 ], [ 34.285158766000052, 1.54790495900005 ], [ 34.284897156000056, 1.547689849000051 ], [ 34.284635723000065, 1.547737848000054 ], [ 34.284374123000077, 1.547522728000047 ], [ 34.284397707000039, 1.54721175800006 ], [ 34.284302531000037, 1.547068300000035 ], [ 34.284112464000032, 1.547211941000057 ], [ 34.283922301000075, 1.547212057000024 ], [ 34.28363689400004, 1.546925190000024 ], [ 34.283482287000027, 1.546745887000043 ], [ 34.283292096000025, 1.54669816400002 ], [ 34.283078233000026, 1.546817886000042 ], [ 34.282864471000039, 1.547105058000056 ], [ 34.28260298500004, 1.547081294000066 ], [ 34.282388924000031, 1.546842240000046 ], [ 34.282198710000046, 1.546770593000076 ], [ 34.281984913000031, 1.54698600200004 ], [ 34.281818677000047, 1.547225297000068 ], [ 34.281723744000033, 1.547488473000044 ], [ 34.281486132000055, 1.547632143000044 ], [ 34.281295969000041, 1.547632259000068 ], [ 34.281153208000035, 1.547393143000022 ], [ 34.280939383000032, 1.547560713000053 ], [ 34.280796842000029, 1.547704316000022 ], [ 34.280582801000037, 1.547513092000031 ], [ 34.280487600000072, 1.547297871000069 ], [ 34.279489264000063, 1.54732240200002 ], [ 34.27908499800003, 1.547011682000061 ], [ 34.278894692000051, 1.546772612000041 ], [ 34.278657055000053, 1.546892358000036 ], [ 34.278324356000041, 1.547012153000026 ], [ 34.277943945000061, 1.546868877000065 ], [ 34.277539731000047, 1.546677749000025 ], [ 34.277301918000035, 1.54648654600004 ], [ 34.27708803400003, 1.546558439000023 ], [ 34.276826649000043, 1.546702114000027 ], [ 34.27637508600003, 1.546821990000069 ], [ 34.275685804000034, 1.54689417000003 ], [ 34.275329265000039, 1.546918301000062 ], [ 34.274925247000056, 1.54703814800007 ], [ 34.274639898000032, 1.546846966000032 ], [ 34.274473454000031, 1.546775303000061 ], [ 34.274354638000034, 1.546823223000047 ], [ 34.274212226000031, 1.547182106000037 ], [ 34.274093495000045, 1.54737353400003 ], [ 34.273831966000046, 1.547278013000039 ], [ 34.273677207000048, 1.546859515000051 ], [ 34.273487025000065, 1.546811791000039 ], [ 34.273225567000054, 1.546835864000059 ], [ 34.272987916000034, 1.546931685000061 ], [ 34.272868999000025, 1.546812165000063 ], [ 34.272631328000045, 1.546860148000064 ], [ 34.272512569000071, 1.547003736000022 ], [ 34.272441379000043, 1.547219059000042 ], [ 34.272179850000043, 1.54712353900004 ], [ 34.271942073000048, 1.546980166000026 ], [ 34.271633136000048, 1.54709994600006 ], [ 34.271561942000062, 1.547291354000038 ], [ 34.271538332000034, 1.547578401000067 ], [ 34.271633579000024, 1.547841462000065 ], [ 34.271586348000028, 1.548367729000063 ], [ 34.271634164000034, 1.548822165000047 ], [ 34.271824557000059, 1.549204771000063 ], [ 34.272062391000077, 1.549443821000068 ], [ 34.27215768700006, 1.549802560000046 ], [ 34.271896429000037, 1.55016151500007 ], [ 34.271445001000075, 1.55049667000003 ], [ 34.271183738000047, 1.550831710000068 ], [ 34.270874949000074, 1.551214609000056 ], [ 34.270542363000061, 1.551525767000044 ], [ 34.270257279000077, 1.551812983000048 ], [ 34.270067401000063, 1.552291488000037 ], [ 34.269592524000075, 1.553152896000029 ], [ 34.269070093000039, 1.554014323000047 ], [ 34.268583337000052, 1.554911610000033 ], [ 34.268559874000061, 1.555413938000072 ], [ 34.268607692000046, 1.555868375000045 ], [ 34.268417671000066, 1.556107695000037 ], [ 34.268251341000052, 1.556227398000033 ], [ 34.268251498000041, 1.556490517000043 ], [ 34.268418014000076, 1.556681772000047 ], [ 34.268227945000035, 1.556825404000051 ], [ 34.267990191000024, 1.55675379500002 ], [ 34.267823814000053, 1.556777819000047 ], [ 34.267728847000058, 1.556969233000075 ], [ 34.267752792000067, 1.55725624300004 ], [ 34.267871781000053, 1.55749537500003 ], [ 34.267848074000028, 1.557591077000041 ], [ 34.267610450000063, 1.557734738000022 ], [ 34.267467912000029, 1.557854427000052 ], [ 34.26763446700005, 1.558141360000036 ], [ 34.267658378000078, 1.558356625000044 ], [ 34.26751583500004, 1.55850022900006 ], [ 34.267492205000053, 1.558739438000032 ], [ 34.267088165000075, 1.55881144600005 ], [ 34.26663648300007, 1.558739958000046 ], [ 34.266184816000077, 1.55869240100003 ], [ 34.265638094000053, 1.558692732000054 ], [ 34.265376686000025, 1.558788570000047 ], [ 34.265257831000042, 1.558788642000025 ], [ 34.265115422000065, 1.559123601000067 ], [ 34.264972912000076, 1.559338967000031 ], [ 34.264877911000042, 1.559458627000026 ], [ 34.264687717000072, 1.559410903000071 ], [ 34.264568762000067, 1.559243534000075 ], [ 34.264521139000067, 1.559100046000026 ], [ 34.264188312000044, 1.559028494000074 ], [ 34.263903088000063, 1.559052580000071 ], [ 34.26359403400005, 1.55898101400004 ], [ 34.263379945000054, 1.558741939000072 ], [ 34.263070890000051, 1.558670372000051 ], [ 34.262785724000025, 1.558790147000025 ], [ 34.262452934000066, 1.558766423000066 ], [ 34.262286504000031, 1.558718685000031 ], [ 34.262262840000062, 1.558886141000073 ], [ 34.262476903000049, 1.559125207000022 ], [ 34.262572109000075, 1.559316505000027 ], [ 34.262310682000077, 1.559412351000049 ], [ 34.262120521000043, 1.559388542000022 ], [ 34.261859038000068, 1.559388700000056 ], [ 34.261811643000044, 1.55962792400004 ], [ 34.261764283000048, 1.559938911000074 ], [ 34.261645428000065, 1.559938983000052 ], [ 34.261360198000034, 1.55993916500006 ], [ 34.261241428000062, 1.560082754000064 ], [ 34.261360426000067, 1.560321878000025 ], [ 34.261526910000043, 1.560489210000071 ], [ 34.261431951000077, 1.560680632000071 ], [ 34.261218012000029, 1.560680762000061 ], [ 34.260956552000039, 1.560704844000043 ], [ 34.260790283000063, 1.56089630200006 ], [ 34.260659771000064, 1.56129106000003 ], [ 34.260374755000043, 1.561650022000038 ], [ 34.260137059000044, 1.561674089000064 ], [ 34.259899247000078, 1.561506800000075 ], [ 34.259566476000032, 1.561530917000027 ], [ 34.259186326000076, 1.561818190000054 ], [ 34.258877400000074, 1.561961894000035 ], [ 34.258306874000027, 1.561914391000073 ], [ 34.257712489000028, 1.561675563000051 ], [ 34.256880326000044, 1.561341189000075 ], [ 34.256000789000041, 1.56129388100004 ], [ 34.253505157000063, 1.561749869000039 ], [ 34.251579851000031, 1.561918468000044 ], [ 34.250722496000037, 1.561862965000046 ], [ 34.250664658000062, 1.561859202000051 ], [ 34.250664688000029, 1.562019725000027 ], [ 34.249661590000073, 1.561973933000047 ], [ 34.24572471700003, 1.561899422000067 ], [ 34.243367268000043, 1.56187374600006 ], [ 34.240196639000033, 1.561764136000022 ], [ 34.22956834200005, 1.561541328000033 ], [ 34.229568190000066, 1.561541322000039 ], [ 34.229568190000066, 1.561543029000063 ], [ 34.229568058000041, 1.565166040000065 ], [ 34.229550266000047, 1.566350219000071 ], [ 34.229471986000078, 1.571559806000039 ], [ 34.229493432000027, 1.576301694000051 ], [ 34.229507155000078, 1.579334968000069 ], [ 34.22951902300008, 1.581450542000027 ], [ 34.229536345000042, 1.58453774700007 ], [ 34.229514817000052, 1.587621512000055 ], [ 34.229497239000068, 1.590139941000075 ], [ 34.229477465000059, 1.595742144000042 ], [ 34.22941918600003, 1.60128585800004 ], [ 34.229419169000039, 1.601287720000073 ], [ 34.229380433000074, 1.606712672000072 ], [ 34.229341598000076, 1.612197939000055 ], [ 34.22924491200007, 1.617644192000057 ], [ 34.229225151000037, 1.623265881000066 ], [ 34.229147738000052, 1.628751116000046 ], [ 34.229070239000066, 1.63427533700002 ], [ 34.229070111000055, 1.637204171000064 ], [ 34.229070001000025, 1.639799611000058 ], [ 34.229069976000062, 1.639799715000038 ], [ 34.229001916000072, 1.640082106000023 ], [ 34.227173255000025, 1.640087657000038 ], [ 34.224529697000037, 1.640095678000023 ], [ 34.222989166000048, 1.640155739000022 ], [ 34.222213104000048, 1.640185996000071 ], [ 34.222213105000037, 1.640186517000075 ], [ 34.222240184000043, 1.653715732000023 ], [ 34.222240769000052, 1.660705696000036 ], [ 34.222240494000062, 1.668197787000054 ], [ 34.222319461000041, 1.67531993800003 ], [ 34.222333676000062, 1.676243482000075 ], [ 34.222425087000033, 1.682177845000069 ], [ 34.222395252000069, 1.684239152000032 ], [ 34.222448241000052, 1.691255570000067 ], [ 34.22242252500007, 1.698377655000058 ], [ 34.222502207000048, 1.712542631000076 ], [ 34.222574627000029, 1.715814426000065 ], [ 34.222659845000067, 1.719664856000065 ], [ 34.222620585000072, 1.724936859000024 ], [ 34.222608379000064, 1.726575507000064 ], [ 34.22258228700008, 1.726522617000057 ], [ 34.222634940000034, 1.733803331000047 ], [ 34.222595888000058, 1.741123599000048 ], [ 34.222638010000026, 1.746964012000035 ], [ 34.222291239000072, 1.74797871100003 ], [ 34.222272682000039, 1.756920145000038 ], [ 34.222384272000056, 1.766509824000025 ], [ 34.222374612000067, 1.767682769000032 ], [ 34.222305893000055, 1.776027187000068 ], [ 34.222361320000061, 1.780133676000048 ], [ 34.222439846000043, 1.785950495000066 ], [ 34.222431843000038, 1.795706406000022 ], [ 34.222483820000036, 1.802698983000028 ], [ 34.222502456000029, 1.805102998000052 ], [ 34.222551716000055, 1.811454616000049 ], [ 34.222549035000043, 1.814491009000051 ], [ 34.222548579000033, 1.815004418000058 ], [ 34.222542949000058, 1.821401125000023 ], [ 34.222547888000065, 1.822961622000037 ], [ 34.222557814000027, 1.823402408000049 ], [ 34.222559206000028, 1.823582577000025 ], [ 34.222625770000036, 1.832158038000046 ], [ 34.222667855000054, 1.841390036000064 ], [ 34.22266759200005, 1.842703345000075 ], [ 34.222667513000033, 1.843099538000047 ], [ 34.222666202000028, 1.849764161000053 ], [ 34.222693380000067, 1.856390408000038 ], [ 34.222706115000051, 1.859496460000059 ], [ 34.222706583000047, 1.859548171000029 ], [ 34.222793757000034, 1.869205142000055 ], [ 34.22278831400007, 1.870907662000036 ], [ 34.222772325000051, 1.875910383000075 ], [ 34.222763432000079, 1.878698873000076 ], [ 34.222778794000078, 1.879926152000053 ], [ 34.222780324000041, 1.880048404000036 ], [ 34.222836046000054, 1.884497019000037 ], [ 34.222836573000052, 1.884538967000026 ], [ 34.222877580000045, 1.887812062000023 ], [ 34.222920699000042, 1.896853470000053 ], [ 34.222930355000074, 1.901085069000032 ], [ 34.222930940000026, 1.901341331000026 ], [ 34.222940903000051, 1.905704166000021 ], [ 34.222949974000073, 1.910186009000029 ], [ 34.222956232000058, 1.913273186000026 ], [ 34.222959558000071, 1.914912237000067 ], [ 34.223002443000041, 1.924025101000041 ], [ 34.223083966000047, 1.932738176000043 ], [ 34.223084275000076, 1.932771789000071 ], [ 34.223091264000061, 1.933519352000076 ], [ 34.223109280000074, 1.942894177000028 ], [ 34.223150277000059, 1.952459686000054 ], [ 34.223247142000048, 1.962847356000054 ], [ 34.223181546000035, 1.963270839000074 ], [ 34.22317537400005, 1.965967961000047 ], [ 34.223176163000062, 1.967050090000043 ], [ 34.223137767000026, 1.970255504000022 ], [ 34.223171110000067, 1.971288417000039 ], [ 34.223149050000075, 1.974543010000048 ], [ 34.223166065000044, 1.975526753000054 ], [ 34.223160127000028, 1.978551787000072 ], [ 34.223161077000043, 1.979847059000065 ], [ 34.223194413000044, 1.980863587000044 ], [ 34.223105992000058, 1.982495035000056 ], [ 34.223057896000057, 1.98357720000007 ], [ 34.222823933000029, 1.986733568000034 ], [ 34.222764781000024, 1.987865174000035 ], [ 34.222759652000036, 1.987963311000044 ], [ 34.222751405000054, 1.988052291000031 ], [ 34.222444383000038, 1.991365681000048 ], [ 34.222396357000036, 1.992513434000045 ], [ 34.222226987000056, 1.994882757000028 ], [ 34.222130045000029, 1.995997747000047 ], [ 34.222000483000045, 1.997096369000076 ], [ 34.221842164000066, 1.997687892000044 ], [ 34.221699829000045, 1.998219709000068 ], [ 34.221434018000025, 2.002359867000052 ], [ 34.221070255000029, 2.006270543000028 ], [ 34.221005909000041, 2.00740191400007 ], [ 34.220804310000062, 2.010230357000069 ], [ 34.220739904000027, 2.011279727000044 ], [ 34.220538357000066, 2.014173758000027 ], [ 34.220386594000047, 2.01632008100006 ], [ 34.22027227500007, 2.017936805000033 ], [ 34.21987607300008, 2.02202787300007 ], [ 34.21959385100007, 2.025987692000058 ], [ 34.219278172000031, 2.029646017000061 ], [ 34.21924649400006, 2.030013139000062 ], [ 34.218996981000032, 2.034120492000056 ], [ 34.218784296000024, 2.03666417300002 ], [ 34.218665886000053, 2.038080340000022 ], [ 34.218302312000048, 2.04220418400007 ], [ 34.217971239000065, 2.04618042900006 ], [ 34.21760768200005, 2.050304285000038 ], [ 34.217162956000038, 2.054838078000046 ], [ 34.216799483000045, 2.059060301000045 ], [ 34.216734978000034, 2.059962118000044 ], [ 34.216573542000049, 2.06197892900002 ], [ 34.216550897000047, 2.062249433000034 ], [ 34.21640397300007, 2.064003952000064 ], [ 34.216088997000043, 2.067701477000071 ], [ 34.215976058000024, 2.069193589000065 ], [ 34.215774457000066, 2.071956444000023 ], [ 34.215661308000051, 2.073169826000026 ], [ 34.215564153000059, 2.073989697000059 ], [ 34.215427263000038, 2.076129466000054 ], [ 34.215330321000067, 2.07722805700007 ], [ 34.215063611000062, 2.08008935700002 ], [ 34.215005337000036, 2.08111430200006 ], [ 34.214999287000069, 2.081220722000069 ], [ 34.214732517000073, 2.084000022000055 ], [ 34.214603677000071, 2.085984022000048 ], [ 34.214466732000062, 2.088058214000057 ], [ 34.214337125000043, 2.089042063000022 ], [ 34.214094183000043, 2.091026150000062 ], [ 34.213924592000069, 2.09300199300003 ], [ 34.213759662000029, 2.09481304000002 ], [ 34.213560983000036, 2.096994678000044 ], [ 34.213463897000054, 2.09789653100006 ], [ 34.213297371000067, 2.100439225000059 ], [ 34.213262548000046, 2.100970908000022 ], [ 34.213214295000057, 2.101790751000067 ], [ 34.212980369000036, 2.104865163000056 ], [ 34.212899631000028, 2.105832581000072 ], [ 34.212600527000063, 2.108923439000023 ], [ 34.212535997000032, 2.109776074000024 ], [ 34.212318375000052, 2.112866869000072 ], [ 34.212237698000024, 2.113899882000055 ], [ 34.212036377000061, 2.11699066400007 ], [ 34.211972483000068, 2.118646702000035 ], [ 34.211255755000025, 2.119122747000063 ], [ 34.211012483000047, 2.119271959000059 ], [ 34.207843065000077, 2.121215906000032 ], [ 34.201889110000025, 2.124803096000051 ], [ 34.200357872000041, 2.125755259000073 ], [ 34.195120693000035, 2.128981168000053 ], [ 34.193931618000079, 2.129818291000049 ], [ 34.188449976000072, 2.13310996000007 ], [ 34.182544817000064, 2.13672987700005 ], [ 34.176753727000062, 2.140366091000033 ], [ 34.171549003000052, 2.143591940000022 ], [ 34.166458430000034, 2.146932473000049 ], [ 34.160048164000045, 2.150897081000039 ], [ 34.151368152000032, 2.15630242900005 ], [ 34.150475605000054, 2.156741651000061 ], [ 34.146984576000079, 2.158876424000027 ], [ 34.146356892000028, 2.159260257000028 ], [ 34.14629584000005, 2.159297594000066 ], [ 34.146162076000053, 2.159379391000073 ], [ 34.137750399000026, 2.164523166000038 ], [ 34.134202827000024, 2.166780690000053 ], [ 34.124167453000041, 2.173041910000052 ], [ 34.117689906000066, 2.177074976000029 ], [ 34.112393945000065, 2.180372333000037 ], [ 34.109130424000057, 2.182444327000042 ], [ 34.106096090000051, 2.184370805000071 ], [ 34.105332583000063, 2.184855549000076 ], [ 34.103421473000026, 2.186068897000041 ], [ 34.102381904000026, 2.186728906000042 ], [ 34.101179312000056, 2.187450698000021 ], [ 34.09909637800007, 2.188700861000029 ], [ 34.094858510000051, 2.191243010000051 ], [ 34.094711776000054, 2.191336855000031 ], [ 34.092214089000038, 2.192934250000064 ], [ 34.091919672000074, 2.193122544000062 ], [ 34.091916142000059, 2.193124802000057 ], [ 34.090252937000059, 2.194188496000038 ], [ 34.089024950000066, 2.194973847000028 ], [ 34.087458088000062, 2.195825359000025 ], [ 34.087424200000044, 2.195843774000025 ], [ 34.086648482000044, 2.196265340000025 ], [ 34.085952113000076, 2.196643781000034 ], [ 34.084822994000035, 2.197384948000035 ], [ 34.075393705000067, 2.203516163000074 ], [ 34.070131899000046, 2.206699842000035 ], [ 34.060357946000067, 2.212723053000047 ], [ 34.05700089000004, 2.214718660000074 ], [ 34.044941240000071, 2.222048306000033 ], [ 34.033143325000026, 2.229235401000039 ], [ 34.021071203000076, 2.236544499000047 ], [ 34.02072576300003, 2.236753647000057 ], [ 34.02072178700007, 2.236756049000064 ], [ 34.020689987000026, 2.236775301000023 ], [ 34.02048818600008, 2.236897481000028 ], [ 34.017692640000064, 2.238551445000041 ], [ 34.007618993000051, 2.244511399000032 ], [ 34.006135914000026, 2.245428827000069 ], [ 34.004106057000058, 2.24692440900003 ], [ 34.004094405000046, 2.24693247600004 ], [ 34.004083306000041, 2.246941163000031 ], [ 34.000850540000044, 2.249041592000026 ], [ 34.000705731000039, 2.249132710000026 ], [ 33.99234640700007, 2.254393045000029 ], [ 33.992345205000049, 2.254387886000075 ], [ 33.968911522000042, 2.269133815000032 ], [ 33.966733637000061, 2.270504248000066 ], [ 33.957916433000037, 2.276052425000046 ], [ 33.957014980000054, 2.276619654000058 ], [ 33.951291712000057, 2.280220942000028 ], [ 33.939875651000079, 2.287324995000063 ], [ 33.92596209800007, 2.295914569000047 ], [ 33.913855863000038, 2.303258327000037 ], [ 33.908985646000076, 2.306163992000052 ], [ 33.908985060000077, 2.306164341000056 ], [ 33.908983803000069, 2.306165091000025 ], [ 33.908982520000052, 2.306165858000043 ], [ 33.908982501000025, 2.306165716000066 ], [ 33.90898246900008, 2.306165789000033 ], [ 33.908832530000041, 2.305907898000044 ], [ 33.908789179000053, 2.305826935000027 ], [ 33.908842469000035, 2.306053813000062 ], [ 33.90886204800006, 2.306230036000045 ], [ 33.908053960000075, 2.306725764000021 ], [ 33.904229204000046, 2.309072076000064 ], [ 33.900148096000066, 2.311561588000075 ], [ 33.899091704000057, 2.31220599300002 ], [ 33.890857570000037, 2.317539058000023 ], [ 33.870478501000036, 2.330174981000027 ], [ 33.861958547000029, 2.335450691000062 ], [ 33.860293588000047, 2.336486526000044 ], [ 33.85856196800006, 2.337563831000068 ], [ 33.858213223000064, 2.337745999000049 ], [ 33.854916596000066, 2.339741799000024 ], [ 33.85411651700008, 2.340236109000045 ], [ 33.849712043000068, 2.342910821000032 ], [ 33.84974892300005, 2.343261200000029 ], [ 33.849496616000067, 2.343526852000025 ], [ 33.849371216000065, 2.343765461000032 ], [ 33.849370070000077, 2.343775903000051 ], [ 33.849429825000072, 2.343131552000045 ], [ 33.848191415000031, 2.343896639000036 ] ] ] } }
]
}
